params,mean_test_accuracy,std_test_accuracy,mean_test_recall,std_test_recall,mean_test_specificity,std_test_specificity,mean_test_mcc,std_test_mcc,mean_test_gm,std_test_gm,mean_test_uar,std_test_uar,mean_test_bm,std_test_bm
"{'classifier__C': 0.1, 'classifier__gamma': 0.5, 'classifier__kernel': 'rbf'}",0.79367,0.059249,0.729228,0.07737,0.904615,0.059842,0.613485,0.10589,0.810988,0.057558,0.816922,0.055348,0.633844,0.110697
"{'classifier__C': 0.1, 'classifier__gamma': 0.25, 'classifier__kernel': 'rbf'}",0.783461,0.062701,0.706184,0.081134,0.916462,0.057974,0.602981,0.110456,0.803274,0.061374,0.811323,0.058295,0.622645,0.116591
"{'classifier__C': 0.1, 'classifier__gamma': 0.1, 'classifier__kernel': 'rbf'}",0.732651,0.047289,0.603224,0.068359,0.956308,0.045463,0.552389,0.077309,0.75811,0.047886,0.779766,0.041992,0.559532,0.083983
"{'classifier__C': 0.1, 'classifier__gamma': 0.075, 'classifier__kernel': 'rbf'}",0.704945,0.048094,0.554863,0.074819,0.964308,0.041736,0.521586,0.072128,0.729524,0.050425,0.759585,0.040986,0.51917,0.081972
"{'classifier__C': 0.1, 'classifier__gamma': 0.05, 'classifier__kernel': 'rbf'}",0.622038,0.052234,0.412526,0.085566,0.984,0.036661,0.433098,0.070037,0.63321,0.064866,0.698263,0.042247,0.396526,0.084494
"{'classifier__C': 0.1, 'classifier__gamma': 0.025, 'classifier__kernel': 'rbf'}",0.547975,0.044025,0.295825,0.075025,0.984,0.036661,0.343159,0.058407,0.53434,0.066306,0.639912,0.033989,0.279825,0.067978
"{'classifier__C': 0.1, 'classifier__gamma': 0.01, 'classifier__kernel': 'rbf'}",0.53052,0.046315,0.268235,0.080689,0.984,0.036661,0.320989,0.060063,0.507284,0.071906,0.626117,0.035298,0.252235,0.070595
"{'classifier__C': 0.1, 'classifier__gamma': 0.0075, 'classifier__kernel': 'rbf'}",0.53052,0.046315,0.268235,0.080689,0.984,0.036661,0.320989,0.060063,0.507284,0.071906,0.626117,0.035298,0.252235,0.070595
"{'classifier__C': 0.1, 'classifier__gamma': 0.005, 'classifier__kernel': 'rbf'}",0.53052,0.046315,0.268235,0.080689,0.984,0.036661,0.320989,0.060063,0.507284,0.071906,0.626117,0.035298,0.252235,0.070595
"{'classifier__C': 0.1, 'classifier__gamma': 0.0025, 'classifier__kernel': 'rbf'}",0.529071,0.044016,0.265962,0.07759,0.984,0.036661,0.319306,0.057121,0.505428,0.069118,0.624981,0.033243,0.249962,0.066487
"{'classifier__C': 0.1, 'classifier__gamma': 0.001, 'classifier__kernel': 'rbf'}",0.5276,0.043236,0.263636,0.07681,0.984,0.036661,0.317532,0.055756,0.503271,0.068026,0.623818,0.032502,0.247636,0.065005
"{'classifier__C': 0.1, 'classifier__gamma': 'auto', 'classifier__kernel': 'rbf'}",0.622038,0.052234,0.412526,0.085566,0.984,0.036661,0.433098,0.070037,0.63321,0.064866,0.698263,0.042247,0.396526,0.084494
"{'classifier__C': 0.25, 'classifier__gamma': 0.5, 'classifier__kernel': 'rbf'}",0.811104,0.053399,0.761364,0.06966,0.896769,0.062502,0.637506,0.098179,0.825144,0.051973,0.829066,0.050869,0.658133,0.101738
"{'classifier__C': 0.25, 'classifier__gamma': 0.25, 'classifier__kernel': 'rbf'}",0.799488,0.054403,0.740698,0.074111,0.900615,0.065131,0.62125,0.098284,0.81528,0.052937,0.820657,0.05132,0.641313,0.10264
"{'classifier__C': 0.25, 'classifier__gamma': 0.1, 'classifier__kernel': 'rbf'}",0.783483,0.061244,0.703911,0.07954,0.920462,0.059441,0.604873,0.108343,0.803687,0.060122,0.812186,0.057156,0.624373,0.114313
"{'classifier__C': 0.25, 'classifier__gamma': 0.075, 'classifier__kernel': 'rbf'}",0.770396,0.059277,0.681025,0.079403,0.924462,0.052092,0.587634,0.101754,0.792187,0.057919,0.802743,0.054046,0.605487,0.108092
"{'classifier__C': 0.25, 'classifier__gamma': 0.05, 'classifier__kernel': 'rbf'}",0.751535,0.049225,0.642125,0.071818,0.940462,0.044663,0.56921,0.079974,0.775707,0.048377,0.791293,0.043268,0.582586,0.086535
"{'classifier__C': 0.25, 'classifier__gamma': 0.025, 'classifier__kernel': 'rbf'}",0.686019,0.049704,0.522674,0.078443,0.968308,0.039134,0.500208,0.071326,0.70912,0.053719,0.745491,0.041654,0.490982,0.083308
"{'classifier__C': 0.25, 'classifier__gamma': 0.01, 'classifier__kernel': 'rbf'}",0.53052,0.046315,0.268235,0.080689,0.984,0.036661,0.320989,0.060063,0.507284,0.071906,0.626117,0.035298,0.252235,0.070595
"{'classifier__C': 0.25, 'classifier__gamma': 0.0075, 'classifier__kernel': 'rbf'}",0.53052,0.046315,0.268235,0.080689,0.984,0.036661,0.320989,0.060063,0.507284,0.071906,0.626117,0.035298,0.252235,0.070595
"{'classifier__C': 0.25, 'classifier__gamma': 0.005, 'classifier__kernel': 'rbf'}",0.53052,0.046315,0.268235,0.080689,0.984,0.036661,0.320989,0.060063,0.507284,0.071906,0.626117,0.035298,0.252235,0.070595
"{'classifier__C': 0.25, 'classifier__gamma': 0.0025, 'classifier__kernel': 'rbf'}",0.529071,0.044016,0.265962,0.07759,0.984,0.036661,0.319306,0.057121,0.505428,0.069118,0.624981,0.033243,0.249962,0.066487
"{'classifier__C': 0.25, 'classifier__gamma': 0.001, 'classifier__kernel': 'rbf'}",0.5276,0.043236,0.263636,0.07681,0.984,0.036661,0.317532,0.055756,0.503271,0.068026,0.623818,0.032502,0.247636,0.065005
"{'classifier__C': 0.25, 'classifier__gamma': 'auto', 'classifier__kernel': 'rbf'}",0.751535,0.049225,0.642125,0.071818,0.940462,0.044663,0.56921,0.079974,0.775707,0.048377,0.791293,0.043268,0.582586,0.086535
"{'classifier__C': 0.5, 'classifier__gamma': 0.5, 'classifier__kernel': 'rbf'}",0.809676,0.048527,0.763636,0.063334,0.888769,0.068926,0.632291,0.092199,0.822542,0.048397,0.826203,0.047973,0.652406,0.095946
"{'classifier__C': 0.5, 'classifier__gamma': 0.25, 'classifier__kernel': 'rbf'}",0.806756,0.059694,0.756765,0.079455,0.892769,0.062166,0.62975,0.107581,0.820618,0.05723,0.824767,0.055504,0.649535,0.111009
"{'classifier__C': 0.5, 'classifier__gamma': 0.1, 'classifier__kernel': 'rbf'}",0.799488,0.054403,0.736099,0.072949,0.908615,0.062033,0.624159,0.098094,0.81651,0.052997,0.822357,0.051236,0.644715,0.102473
"{'classifier__C': 0.5, 'classifier__gamma': 0.075, 'classifier__kernel': 'rbf'}",0.792221,0.063431,0.720085,0.082501,0.916615,0.060385,0.616462,0.11219,0.811132,0.061783,0.81835,0.058898,0.6367,0.117797
"{'classifier__C': 0.5, 'classifier__gamma': 0.05, 'classifier__kernel': 'rbf'}",0.783483,0.061244,0.703911,0.07954,0.920462,0.059441,0.604873,0.108343,0.803687,0.060122,0.812186,0.057156,0.624373,0.114313
"{'classifier__C': 0.5, 'classifier__gamma': 0.025, 'classifier__kernel': 'rbf'}",0.750085,0.05265,0.642125,0.071818,0.936462,0.05121,0.564935,0.090432,0.774182,0.052,0.789293,0.048096,0.578586,0.096193
"{'classifier__C': 0.5, 'classifier__gamma': 0.01, 'classifier__kernel': 'rbf'}",0.627835,0.049559,0.421617,0.082239,0.984,0.036661,0.440322,0.065767,0.640601,0.060849,0.702809,0.040336,0.405617,0.080673
"{'classifier__C': 0.5, 'classifier__gamma': 0.0075, 'classifier__kernel': 'rbf'}",0.568372,0.041956,0.32796,0.068554,0.984,0.036661,0.36792,0.061401,0.564418,0.059021,0.65598,0.034352,0.31196,0.068703
"{'classifier__C': 0.5, 'classifier__gamma': 0.005, 'classifier__kernel': 'rbf'}",0.53052,0.046315,0.268235,0.080689,0.984,0.036661,0.320989,0.060063,0.507284,0.071906,0.626117,0.035298,0.252235,0.070595
"{'classifier__C': 0.5, 'classifier__gamma': 0.0025, 'classifier__kernel': 'rbf'}",0.529071,0.044016,0.265962,0.07759,0.984,0.036661,0.319306,0.057121,0.505428,0.069118,0.624981,0.033243,0.249962,0.066487
"{'classifier__C': 0.5, 'classifier__gamma': 0.001, 'classifier__kernel': 'rbf'}",0.5276,0.043236,0.263636,0.07681,0.984,0.036661,0.317532,0.055756,0.503271,0.068026,0.623818,0.032502,0.247636,0.065005
"{'classifier__C': 0.5, 'classifier__gamma': 'auto', 'classifier__kernel': 'rbf'}",0.783483,0.061244,0.703911,0.07954,0.920462,0.059441,0.604873,0.108343,0.803687,0.060122,0.812186,0.057156,0.624373,0.114313
"{'classifier__C': 0.75, 'classifier__gamma': 0.5, 'classifier__kernel': 'rbf'}",0.818414,0.049212,0.779704,0.067286,0.884769,0.065764,0.645414,0.091675,0.829215,0.047897,0.832237,0.047218,0.664473,0.094436
"{'classifier__C': 0.75, 'classifier__gamma': 0.25, 'classifier__kernel': 'rbf'}",0.808205,0.056358,0.759038,0.073413,0.892769,0.062166,0.631651,0.103508,0.822029,0.054375,0.825904,0.053241,0.651807,0.106481
"{'classifier__C': 0.75, 'classifier__gamma': 0.1, 'classifier__kernel': 'rbf'}",0.802366,0.059468,0.74519,0.081413,0.900615,0.065131,0.626168,0.106413,0.81763,0.057268,0.822903,0.055246,0.645806,0.110492
"{'classifier__C': 0.75, 'classifier__gamma': 0.075, 'classifier__kernel': 'rbf'}",0.799488,0.054016,0.738372,0.072993,0.904615,0.067387,0.622763,0.098327,0.81578,0.053084,0.821494,0.05151,0.642987,0.103021
"{'classifier__C': 0.75, 'classifier__gamma': 0.05, 'classifier__kernel': 'rbf'}",0.793691,0.062944,0.72241,0.080836,0.916615,0.060385,0.618484,0.111982,0.812532,0.06146,0.819513,0.058749,0.639026,0.117499
"{'classifier__C': 0.75, 'classifier__gamma': 0.025, 'classifier__kernel': 'rbf'}",0.768947,0.060194,0.681025,0.079403,0.920462,0.059441,0.583789,0.105584,0.790363,0.059276,0.800743,0.055895,0.601487,0.111791
"{'classifier__C': 0.75, 'classifier__gamma': 0.01, 'classifier__kernel': 'rbf'}",0.706373,0.05072,0.557082,0.080564,0.964308,0.041736,0.523696,0.073614,0.730657,0.053246,0.760695,0.042501,0.52139,0.085001
"{'classifier__C': 0.75, 'classifier__gamma': 0.0075, 'classifier__kernel': 'rbf'}",0.655456,0.060187,0.474366,0.093644,0.968308,0.039134,0.461737,0.086134,0.674313,0.06739,0.721337,0.050289,0.442673,0.100577
"{'classifier__C': 0.75, 'classifier__gamma': 0.005, 'classifier__kernel': 'rbf'}",0.568372,0.041956,0.32796,0.068554,0.984,0.036661,0.36792,0.061401,0.564418,0.059021,0.65598,0.034352,0.31196,0.068703
"{'classifier__C': 0.75, 'classifier__gamma': 0.0025, 'classifier__kernel': 'rbf'}",0.529071,0.044016,0.265962,0.07759,0.984,0.036661,0.319306,0.057121,0.505428,0.069118,0.624981,0.033243,0.249962,0.066487
"{'classifier__C': 0.75, 'classifier__gamma': 0.001, 'classifier__kernel': 'rbf'}",0.5276,0.043236,0.263636,0.07681,0.984,0.036661,0.317532,0.055756,0.503271,0.068026,0.623818,0.032502,0.247636,0.065005
"{'classifier__C': 0.75, 'classifier__gamma': 'auto', 'classifier__kernel': 'rbf'}",0.793691,0.062944,0.72241,0.080836,0.916615,0.060385,0.618484,0.111982,0.812532,0.06146,0.819513,0.058749,0.639026,0.117499
"{'classifier__C': 1, 'classifier__gamma': 0.5, 'classifier__kernel': 'rbf'}",0.822805,0.054646,0.788953,0.0675,0.880769,0.069477,0.650797,0.104372,0.832488,0.054045,0.834861,0.05368,0.669723,0.10736
"{'classifier__C': 1, 'classifier__gamma': 0.25, 'classifier__kernel': 'rbf'}",0.812575,0.051494,0.765909,0.066399,0.892769,0.062166,0.638222,0.096362,0.825853,0.050212,0.829339,0.049555,0.658678,0.09911
"{'classifier__C': 1, 'classifier__gamma': 0.1, 'classifier__kernel': 'rbf'}",0.803858,0.061474,0.752114,0.084009,0.892769,0.062166,0.625563,0.109333,0.817897,0.058655,0.822442,0.056536,0.644883,0.113073
"{'classifier__C': 1, 'classifier__gamma': 0.075, 'classifier__kernel': 'rbf'}",0.799467,0.058228,0.742918,0.078334,0.896769,0.062502,0.619683,0.104168,0.814826,0.056321,0.819843,0.054353,0.639687,0.108705
"{'classifier__C': 1, 'classifier__gamma': 0.05, 'classifier__kernel': 'rbf'}",0.798039,0.054254,0.736152,0.072111,0.904615,0.067387,0.620418,0.09936,0.814619,0.053465,0.820384,0.051956,0.640768,0.103913
"{'classifier__C': 1, 'classifier__gamma': 0.025, 'classifier__kernel': 'rbf'}",0.783483,0.061244,0.703911,0.07954,0.920462,0.059441,0.604873,0.108343,0.803687,0.060122,0.812186,0.057156,0.624373,0.114313
"{'classifier__C': 1, 'classifier__gamma': 0.01, 'classifier__kernel': 'rbf'}",0.73702,0.041689,0.614693,0.059978,0.948308,0.047579,0.553547,0.071122,0.762303,0.041869,0.781501,0.037888,0.563001,0.075776
"{'classifier__C': 1, 'classifier__gamma': 0.0075, 'classifier__kernel': 'rbf'}",0.706373,0.05072,0.557082,0.080564,0.964308,0.041736,0.523696,0.073614,0.730657,0.053246,0.760695,0.042501,0.52139,0.085001
"{'classifier__C': 1, 'classifier__gamma': 0.005, 'classifier__kernel': 'rbf'}",0.626385,0.051947,0.419345,0.085322,0.984,0.036661,0.438437,0.069247,0.63859,0.063973,0.701672,0.042231,0.403345,0.084462
"{'classifier__C': 1, 'classifier__gamma': 0.0025, 'classifier__kernel': 'rbf'}",0.529071,0.044016,0.265962,0.07759,0.984,0.036661,0.319306,0.057121,0.505428,0.069118,0.624981,0.033243,0.249962,0.066487
"{'classifier__C': 1, 'classifier__gamma': 0.001, 'classifier__kernel': 'rbf'}",0.5276,0.043236,0.263636,0.07681,0.984,0.036661,0.317532,0.055756,0.503271,0.068026,0.623818,0.032502,0.247636,0.065005
"{'classifier__C': 1, 'classifier__gamma': 'auto', 'classifier__kernel': 'rbf'}",0.798039,0.054254,0.736152,0.072111,0.904615,0.067387,0.620418,0.09936,0.814619,0.053465,0.820384,0.051956,0.640768,0.103913
"{'classifier__C': 2.5, 'classifier__gamma': 0.5, 'classifier__kernel': 'rbf'}",0.824297,0.064363,0.798309,0.069435,0.868769,0.076299,0.648729,0.126651,0.832108,0.064788,0.833539,0.064714,0.667078,0.129428
"{'classifier__C': 2.5, 'classifier__gamma': 0.25, 'classifier__kernel': 'rbf'}",0.819885,0.050865,0.784355,0.060689,0.880769,0.069477,0.645484,0.099235,0.830175,0.051266,0.832562,0.051179,0.665124,0.102358
"{'classifier__C': 2.5, 'classifier__gamma': 0.1, 'classifier__kernel': 'rbf'}",0.814024,0.052055,0.770507,0.06425,0.888769,0.066564,0.638965,0.100036,0.826525,0.051499,0.829638,0.051339,0.659277,0.102678
"{'classifier__C': 2.5, 'classifier__gamma': 0.075, 'classifier__kernel': 'rbf'}",0.808227,0.057012,0.761311,0.071411,0.888769,0.066564,0.630011,0.107455,0.821491,0.055742,0.82504,0.055184,0.65008,0.110367
"{'classifier__C': 2.5, 'classifier__gamma': 0.05, 'classifier__kernel': 'rbf'}",0.802387,0.062212,0.749789,0.085787,0.892769,0.062166,0.623442,0.110077,0.81655,0.059176,0.821279,0.056922,0.642558,0.113845
"{'classifier__C': 2.5, 'classifier__gamma': 0.025, 'classifier__kernel': 'rbf'}",0.799488,0.057042,0.738319,0.078754,0.904615,0.067387,0.623169,0.102256,0.815577,0.055636,0.821467,0.053559,0.642935,0.107118
"{'classifier__C': 2.5, 'classifier__gamma': 0.01, 'classifier__kernel': 'rbf'}",0.783483,0.060206,0.703964,0.078042,0.920462,0.059441,0.604842,0.106723,0.803737,0.059148,0.812213,0.056267,0.624426,0.112533
"{'classifier__C': 2.5, 'classifier__gamma': 0.0075, 'classifier__kernel': 'rbf'}",0.768947,0.060194,0.681025,0.079403,0.920462,0.059441,0.583789,0.105584,0.790363,0.059276,0.800743,0.055895,0.601487,0.111791
"{'classifier__C': 2.5, 'classifier__gamma': 0.005, 'classifier__kernel': 'rbf'}",0.750085,0.05265,0.642125,0.071818,0.936462,0.05121,0.564935,0.090432,0.774182,0.052,0.789293,0.048096,0.578586,0.096193
"{'classifier__C': 2.5, 'classifier__gamma': 0.0025, 'classifier__kernel': 'rbf'}",0.687447,0.052728,0.524894,0.084702,0.968308,0.039134,0.502369,0.073658,0.710284,0.056406,0.746601,0.043464,0.493202,0.086928
"{'classifier__C': 2.5, 'classifier__gamma': 0.001, 'classifier__kernel': 'rbf'}",0.5276,0.043236,0.263636,0.07681,0.984,0.036661,0.317532,0.055756,0.503271,0.068026,0.623818,0.032502,0.247636,0.065005
"{'classifier__C': 2.5, 'classifier__gamma': 'auto', 'classifier__kernel': 'rbf'}",0.802387,0.062212,0.749789,0.085787,0.892769,0.062166,0.623442,0.110077,0.81655,0.059176,0.821279,0.056922,0.642558,0.113845
"{'classifier__C': 5, 'classifier__gamma': 0.5, 'classifier__kernel': 'rbf'}",0.837319,0.06324,0.816543,0.067397,0.872615,0.08374,0.672272,0.127066,0.843199,0.064596,0.844579,0.064831,0.689159,0.129662
"{'classifier__C': 5, 'classifier__gamma': 0.25, 'classifier__kernel': 'rbf'}",0.834442,0.055577,0.809778,0.064799,0.876769,0.07055,0.668665,0.108261,0.841687,0.055556,0.843274,0.055334,0.686547,0.110668
"{'classifier__C': 5, 'classifier__gamma': 0.1, 'classifier__kernel': 'rbf'}",0.821313,0.058209,0.784302,0.063337,0.884769,0.072698,0.648774,0.11518,0.832332,0.058711,0.834536,0.05893,0.669072,0.11786
"{'classifier__C': 5, 'classifier__gamma': 0.075, 'classifier__kernel': 'rbf'}",0.818393,0.053382,0.777431,0.063984,0.888769,0.066564,0.645892,0.103397,0.830345,0.05283,0.8331,0.052767,0.666201,0.105533
"{'classifier__C': 5, 'classifier__gamma': 0.05, 'classifier__kernel': 'rbf'}",0.809676,0.054249,0.763584,0.067661,0.888769,0.066564,0.632161,0.103368,0.822754,0.053374,0.826176,0.053047,0.652353,0.106094
"{'classifier__C': 5, 'classifier__gamma': 0.025, 'classifier__kernel': 'rbf'}",0.803836,0.05948,0.752061,0.081754,0.892769,0.062166,0.625496,0.106349,0.817893,0.056722,0.822415,0.054875,0.644831,0.10975
"{'classifier__C': 5, 'classifier__gamma': 0.01, 'classifier__kernel': 'rbf'}",0.79659,0.057821,0.731607,0.077351,0.908615,0.062033,0.61988,0.103015,0.813933,0.056198,0.820111,0.053904,0.640222,0.107809
"{'classifier__C': 5, 'classifier__gamma': 0.0075, 'classifier__kernel': 'rbf'}",0.789344,0.061371,0.715539,0.076,0.916615,0.060385,0.611448,0.110685,0.808863,0.060566,0.816077,0.058158,0.632154,0.116315
"{'classifier__C': 5, 'classifier__gamma': 0.005, 'classifier__kernel': 'rbf'}",0.783483,0.060206,0.703964,0.078042,0.920462,0.059441,0.604842,0.106723,0.803737,0.059148,0.812213,0.056267,0.624426,0.112533
"{'classifier__C': 5, 'classifier__gamma': 0.0025, 'classifier__kernel': 'rbf'}",0.750085,0.05265,0.642125,0.071818,0.936462,0.05121,0.564935,0.090432,0.774182,0.052,0.789293,0.048096,0.578586,0.096193
"{'classifier__C': 5, 'classifier__gamma': 0.001, 'classifier__kernel': 'rbf'}",0.627835,0.049559,0.421617,0.082239,0.984,0.036661,0.440322,0.065767,0.640601,0.060849,0.702809,0.040336,0.405617,0.080673
"{'classifier__C': 5, 'classifier__gamma': 'auto', 'classifier__kernel': 'rbf'}",0.809676,0.054249,0.763584,0.067661,0.888769,0.066564,0.632161,0.103368,0.822754,0.053374,0.826176,0.053047,0.652353,0.106094
"{'classifier__C': 7.5, 'classifier__gamma': 0.5, 'classifier__kernel': 'rbf'}",0.837319,0.061537,0.823414,0.065921,0.860923,0.076051,0.668832,0.122761,0.841271,0.062105,0.842169,0.062296,0.684337,0.124592
"{'classifier__C': 7.5, 'classifier__gamma': 0.25, 'classifier__kernel': 'rbf'}",0.837361,0.062899,0.816702,0.072378,0.872769,0.064307,0.672584,0.122073,0.843681,0.061231,0.844736,0.061,0.689471,0.122
"{'classifier__C': 7.5, 'classifier__gamma': 0.1, 'classifier__kernel': 'rbf'}",0.819885,0.057887,0.788953,0.065313,0.872769,0.075732,0.642963,0.114478,0.828863,0.058405,0.830861,0.058528,0.661723,0.117056
"{'classifier__C': 7.5, 'classifier__gamma': 0.075, 'classifier__kernel': 'rbf'}",0.818414,0.057898,0.784302,0.063337,0.876769,0.079103,0.641655,0.11565,0.828304,0.059161,0.830536,0.059455,0.661072,0.118909
"{'classifier__C': 7.5, 'classifier__gamma': 0.05, 'classifier__kernel': 'rbf'}",0.816922,0.053826,0.775106,0.065553,0.888769,0.066564,0.643676,0.103726,0.829042,0.053046,0.831937,0.052904,0.663875,0.105808
"{'classifier__C': 7.5, 'classifier__gamma': 0.025, 'classifier__kernel': 'rbf'}",0.806777,0.059963,0.759038,0.07559,0.888769,0.066564,0.627891,0.111705,0.820205,0.058307,0.823904,0.057443,0.647807,0.114887
"{'classifier__C': 7.5, 'classifier__gamma': 0.01, 'classifier__kernel': 'rbf'}",0.799488,0.062657,0.740592,0.088607,0.900769,0.065087,0.622373,0.109212,0.814856,0.05986,0.820681,0.057071,0.641361,0.114141
"{'classifier__C': 7.5, 'classifier__gamma': 0.0075, 'classifier__kernel': 'rbf'}",0.79659,0.059961,0.731501,0.081022,0.908615,0.062033,0.620053,0.106073,0.813779,0.058211,0.820058,0.055576,0.640116,0.111152
"{'classifier__C': 7.5, 'classifier__gamma': 0.005, 'classifier__kernel': 'rbf'}",0.789344,0.061371,0.715539,0.076,0.916615,0.060385,0.611448,0.110685,0.808863,0.060566,0.816077,0.058158,0.632154,0.116315
"{'classifier__C': 7.5, 'classifier__gamma': 0.0025, 'classifier__kernel': 'rbf'}",0.770396,0.060331,0.681025,0.079403,0.924462,0.06061,0.587801,0.106127,0.792066,0.059543,0.802743,0.056222,0.605487,0.112445
"{'classifier__C': 7.5, 'classifier__gamma': 0.001, 'classifier__kernel': 'rbf'}",0.706373,0.05072,0.557082,0.080564,0.964308,0.041736,0.523696,0.073614,0.730657,0.053246,0.760695,0.042501,0.52139,0.085001
"{'classifier__C': 7.5, 'classifier__gamma': 'auto', 'classifier__kernel': 'rbf'}",0.816922,0.053826,0.775106,0.065553,0.888769,0.066564,0.643676,0.103726,0.829042,0.053046,0.831937,0.052904,0.663875,0.105808
"{'classifier__C': 10, 'classifier__gamma': 0.5, 'classifier__kernel': 'rbf'}",0.843159,0.060831,0.830338,0.062825,0.864923,0.077977,0.67983,0.123095,0.846816,0.062184,0.847631,0.062443,0.695261,0.124887
"{'classifier__C': 10, 'classifier__gamma': 0.25, 'classifier__kernel': 'rbf'}",0.843159,0.060199,0.825846,0.068897,0.872769,0.064307,0.682356,0.117173,0.848385,0.059015,0.849307,0.05877,0.698615,0.11754
"{'classifier__C': 10, 'classifier__gamma': 0.1, 'classifier__kernel': 'rbf'}",0.824275,0.0549,0.793605,0.063593,0.876769,0.07055,0.651413,0.107353,0.833248,0.055117,0.835187,0.054967,0.670374,0.109934
"{'classifier__C': 10, 'classifier__gamma': 0.075, 'classifier__kernel': 'rbf'}",0.821334,0.059982,0.788953,0.065313,0.876769,0.079103,0.646449,0.11931,0.830805,0.061099,0.832861,0.061244,0.665723,0.122488
"{'classifier__C': 10, 'classifier__gamma': 0.05, 'classifier__kernel': 'rbf'}",0.816965,0.058231,0.779757,0.065669,0.880769,0.07394,0.640739,0.114799,0.827862,0.058437,0.830263,0.058629,0.660526,0.117257
"{'classifier__C': 10, 'classifier__gamma': 0.025, 'classifier__kernel': 'rbf'}",0.809676,0.055777,0.763584,0.071546,0.888769,0.066564,0.632453,0.10485,0.822621,0.054576,0.826176,0.053893,0.652353,0.107787
"{'classifier__C': 10, 'classifier__gamma': 0.01, 'classifier__kernel': 'rbf'}",0.800938,0.063487,0.747463,0.088695,0.892769,0.062166,0.6214,0.111391,0.815153,0.060289,0.820116,0.057721,0.640232,0.115443
"{'classifier__C': 10, 'classifier__gamma': 0.0075, 'classifier__kernel': 'rbf'}",0.799488,0.062657,0.740592,0.088607,0.900769,0.065087,0.622373,0.109212,0.814856,0.05986,0.820681,0.057071,0.641361,0.114141
"{'classifier__C': 10, 'classifier__gamma': 0.005, 'classifier__kernel': 'rbf'}",0.79659,0.057821,0.731607,0.077351,0.908615,0.062033,0.61988,0.103015,0.813933,0.056198,0.820111,0.053904,0.640222,0.107809
"{'classifier__C': 10, 'classifier__gamma': 0.0025, 'classifier__kernel': 'rbf'}",0.783483,0.060206,0.703964,0.078042,0.920462,0.059441,0.604842,0.106723,0.803737,0.059148,0.812213,0.056267,0.624426,0.112533
"{'classifier__C': 10, 'classifier__gamma': 0.001, 'classifier__kernel': 'rbf'}",0.73702,0.041689,0.614693,0.059978,0.948308,0.047579,0.553547,0.071122,0.762303,0.041869,0.781501,0.037888,0.563001,0.075776
"{'classifier__C': 10, 'classifier__gamma': 'auto', 'classifier__kernel': 'rbf'}",0.816965,0.058231,0.779757,0.065669,0.880769,0.07394,0.640739,0.114799,0.827862,0.058437,0.830263,0.058629,0.660526,0.117257
"{'classifier__C': 25, 'classifier__gamma': 0.5, 'classifier__kernel': 'rbf'}",0.830072,0.06492,0.82574,0.064446,0.837231,0.098302,0.650466,0.136005,0.830186,0.069441,0.831485,0.069296,0.662971,0.138593
"{'classifier__C': 25, 'classifier__gamma': 0.25, 'classifier__kernel': 'rbf'}",0.84026,0.056222,0.830338,0.055862,0.857077,0.071714,0.672111,0.114621,0.843163,0.057981,0.843708,0.058111,0.687415,0.116223
"{'classifier__C': 25, 'classifier__gamma': 0.1, 'classifier__kernel': 'rbf'}",0.838811,0.056074,0.814376,0.063569,0.880769,0.064708,0.676718,0.108881,0.846286,0.055707,0.847573,0.05541,0.695146,0.11082
"{'classifier__C': 25, 'classifier__gamma': 0.075, 'classifier__kernel': 'rbf'}",0.830115,0.057724,0.80518,0.065119,0.872769,0.077817,0.66003,0.113861,0.837243,0.059057,0.838974,0.058633,0.677949,0.117266
"{'classifier__C': 25, 'classifier__gamma': 0.05, 'classifier__kernel': 'rbf'}",0.822847,0.060485,0.793658,0.064362,0.872769,0.075732,0.647322,0.12032,0.831582,0.061436,0.833213,0.061487,0.666427,0.122973
"{'classifier__C': 25, 'classifier__gamma': 0.025, 'classifier__kernel': 'rbf'}",0.815537,0.06401,0.78203,0.067548,0.872769,0.085647,0.635519,0.128484,0.825212,0.06586,0.827399,0.066072,0.654799,0.132143
"{'classifier__C': 25, 'classifier__gamma': 0.01, 'classifier__kernel': 'rbf'}",0.812575,0.053495,0.768235,0.065328,0.888769,0.066564,0.63664,0.102741,0.825342,0.052798,0.828502,0.052645,0.657004,0.10529
"{'classifier__C': 25, 'classifier__gamma': 0.0075, 'classifier__kernel': 'rbf'}",0.805328,0.061046,0.756712,0.078461,0.888769,0.066564,0.625817,0.112724,0.818833,0.05918,0.822741,0.058055,0.645482,0.11611
"{'classifier__C': 25, 'classifier__gamma': 0.005, 'classifier__kernel': 'rbf'}",0.802387,0.062212,0.752061,0.081754,0.888769,0.066564,0.621529,0.113738,0.816162,0.059918,0.820415,0.058563,0.640831,0.117127
"{'classifier__C': 25, 'classifier__gamma': 0.0025, 'classifier__kernel': 'rbf'}",0.795141,0.061145,0.733774,0.083077,0.900769,0.065087,0.614872,0.108279,0.81137,0.059361,0.817272,0.056805,0.634543,0.113611
"{'classifier__C': 25, 'classifier__gamma': 0.001, 'classifier__kernel': 'rbf'}",0.783483,0.0609,0.703964,0.078042,0.920462,0.059441,0.604734,0.108252,0.803791,0.059941,0.812213,0.057069,0.624426,0.114138
"{'classifier__C': 25, 'classifier__gamma': 'auto', 'classifier__kernel': 'rbf'}",0.822847,0.060485,0.793658,0.064362,0.872769,0.075732,0.647322,0.12032,0.831582,0.061436,0.833213,0.061487,0.666427,0.122973
"{'classifier__C': 50, 'classifier__gamma': 0.5, 'classifier__kernel': 'rbf'}",0.821334,0.059505,0.828013,0.0577,0.809231,0.094256,0.627768,0.126651,0.817344,0.064709,0.818622,0.064388,0.637243,0.128775
"{'classifier__C': 50, 'classifier__gamma': 0.25, 'classifier__kernel': 'rbf'}",0.838789,0.059318,0.828013,0.062919,0.857077,0.071714,0.670239,0.119829,0.841864,0.05994,0.842545,0.060035,0.68509,0.120071
"{'classifier__C': 50, 'classifier__gamma': 0.1, 'classifier__kernel': 'rbf'}",0.84026,0.058124,0.821195,0.055318,0.872923,0.079105,0.676261,0.119433,0.846142,0.060577,0.847059,0.061016,0.694118,0.122031
"{'classifier__C': 50, 'classifier__gamma': 0.075, 'classifier__kernel': 'rbf'}",0.838811,0.054939,0.816702,0.060577,0.876923,0.065503,0.675524,0.108529,0.845702,0.054946,0.846812,0.054891,0.693625,0.109783
"{'classifier__C': 50, 'classifier__gamma': 0.05, 'classifier__kernel': 'rbf'}",0.838811,0.054939,0.814323,0.061299,0.880769,0.064708,0.67661,0.10824,0.846312,0.054819,0.847546,0.054725,0.695093,0.10945
"{'classifier__C': 50, 'classifier__gamma': 0.025, 'classifier__kernel': 'rbf'}",0.822847,0.060485,0.793658,0.064362,0.872769,0.075732,0.647322,0.12032,0.831582,0.061436,0.833213,0.061487,0.666427,0.122973
"{'classifier__C': 50, 'classifier__gamma': 0.01, 'classifier__kernel': 'rbf'}",0.811168,0.061283,0.775159,0.065494,0.872769,0.085647,0.628548,0.12359,0.82147,0.063186,0.823964,0.063575,0.647928,0.127151
"{'classifier__C': 50, 'classifier__gamma': 0.0075, 'classifier__kernel': 'rbf'}",0.811125,0.056741,0.77278,0.067808,0.876769,0.079103,0.630557,0.111826,0.821848,0.057184,0.824775,0.057368,0.649549,0.114735
"{'classifier__C': 50, 'classifier__gamma': 0.005, 'classifier__kernel': 'rbf'}",0.811125,0.056369,0.768235,0.065328,0.884769,0.072698,0.632794,0.110411,0.823503,0.056416,0.826502,0.056598,0.653004,0.113196
"{'classifier__C': 50, 'classifier__gamma': 0.0025, 'classifier__kernel': 'rbf'}",0.802387,0.062212,0.752061,0.081754,0.888769,0.066564,0.621529,0.113738,0.816162,0.059918,0.820415,0.058563,0.640831,0.117127
"{'classifier__C': 50, 'classifier__gamma': 0.001, 'classifier__kernel': 'rbf'}",0.79659,0.057821,0.731607,0.077351,0.908615,0.062033,0.61988,0.103015,0.813933,0.056198,0.820111,0.053904,0.640222,0.107809
"{'classifier__C': 50, 'classifier__gamma': 'auto', 'classifier__kernel': 'rbf'}",0.838811,0.054939,0.814323,0.061299,0.880769,0.064708,0.67661,0.10824,0.846312,0.054819,0.847546,0.054725,0.695093,0.10945
"{'classifier__C': 75, 'classifier__gamma': 0.5, 'classifier__kernel': 'rbf'}",0.817008,0.057348,0.825687,0.061383,0.801231,0.089891,0.618651,0.119896,0.811978,0.061355,0.813459,0.060957,0.626918,0.121914
"{'classifier__C': 75, 'classifier__gamma': 0.25, 'classifier__kernel': 'rbf'}",0.83442,0.066589,0.830285,0.065349,0.841231,0.088935,0.658607,0.13801,0.834981,0.069556,0.835758,0.069494,0.671516,0.138989
"{'classifier__C': 75, 'classifier__gamma': 0.1, 'classifier__kernel': 'rbf'}",0.834442,0.057436,0.821195,0.052442,0.857077,0.078121,0.661559,0.118942,0.838525,0.060452,0.839136,0.060741,0.678271,0.121483
"{'classifier__C': 75, 'classifier__gamma': 0.075, 'classifier__kernel': 'rbf'}",0.835912,0.059192,0.818922,0.060306,0.864923,0.077977,0.667053,0.119928,0.84096,0.060708,0.841922,0.061048,0.683845,0.122095
"{'classifier__C': 75, 'classifier__gamma': 0.05, 'classifier__kernel': 'rbf'}",0.835912,0.054769,0.811998,0.060826,0.876923,0.065503,0.670577,0.108137,0.843243,0.054793,0.84446,0.054754,0.688921,0.109509
"{'classifier__C': 75, 'classifier__gamma': 0.025, 'classifier__kernel': 'rbf'}",0.824297,0.060719,0.798256,0.064897,0.868769,0.078368,0.648705,0.121139,0.83197,0.061812,0.833513,0.061931,0.667025,0.123862
"{'classifier__C': 75, 'classifier__gamma': 0.01, 'classifier__kernel': 'rbf'}",0.817029,0.065578,0.784408,0.067961,0.872769,0.085647,0.637798,0.131524,0.826576,0.067421,0.828589,0.067616,0.657177,0.135233
"{'classifier__C': 75, 'classifier__gamma': 0.0075, 'classifier__kernel': 'rbf'}",0.811189,0.064619,0.775211,0.069268,0.872769,0.085647,0.62865,0.129282,0.82155,0.066101,0.82399,0.06633,0.647981,0.13266
"{'classifier__C': 75, 'classifier__gamma': 0.005, 'classifier__kernel': 'rbf'}",0.811125,0.056741,0.77278,0.067808,0.876769,0.079103,0.630557,0.111826,0.821848,0.057184,0.824775,0.057368,0.649549,0.114735
"{'classifier__C': 75, 'classifier__gamma': 0.0025, 'classifier__kernel': 'rbf'}",0.803879,0.064073,0.756712,0.078461,0.884769,0.072698,0.6219,0.120928,0.817059,0.062849,0.820741,0.06221,0.641482,0.12442
"{'classifier__C': 75, 'classifier__gamma': 0.001, 'classifier__kernel': 'rbf'}",0.798039,0.062528,0.738319,0.088628,0.900769,0.065087,0.620188,0.108973,0.813587,0.059646,0.819544,0.056887,0.639088,0.113774
"{'classifier__C': 75, 'classifier__gamma': 'auto', 'classifier__kernel': 'rbf'}",0.835912,0.054769,0.811998,0.060826,0.876923,0.065503,0.670577,0.108137,0.843243,0.054793,0.84446,0.054754,0.688921,0.109509
"{'classifier__C': 100, 'classifier__gamma': 0.5, 'classifier__kernel': 'rbf'}",0.811189,0.058348,0.821089,0.060991,0.793231,0.102937,0.606257,0.122394,0.805031,0.065697,0.80716,0.06417,0.61432,0.12834
"{'classifier__C': 100, 'classifier__gamma': 0.25, 'classifier__kernel': 'rbf'}",0.830072,0.065564,0.82574,0.064446,0.837231,0.091561,0.650062,0.136445,0.830549,0.069019,0.831485,0.068954,0.662971,0.137909
"{'classifier__C': 100, 'classifier__gamma': 0.1, 'classifier__kernel': 'rbf'}",0.835912,0.058415,0.823573,0.053437,0.856923,0.078071,0.664078,0.120957,0.839696,0.061214,0.840248,0.061533,0.680496,0.123066
"{'classifier__C': 100, 'classifier__gamma': 0.075, 'classifier__kernel': 'rbf'}",0.833014,0.060995,0.818922,0.053979,0.857077,0.087766,0.659148,0.127327,0.8372,0.065026,0.837999,0.065428,0.675999,0.130857
"{'classifier__C': 100, 'classifier__gamma': 0.05, 'classifier__kernel': 'rbf'}",0.834463,0.055579,0.812104,0.059572,0.872923,0.068775,0.666823,0.110814,0.841383,0.056173,0.842513,0.056199,0.685027,0.112397
"{'classifier__C': 100, 'classifier__gamma': 0.025, 'classifier__kernel': 'rbf'}",0.828645,0.058038,0.807347,0.061386,0.864923,0.07844,0.654834,0.117379,0.834831,0.059631,0.836135,0.059859,0.67227,0.119719
"{'classifier__C': 100, 'classifier__gamma': 0.01, 'classifier__kernel': 'rbf'}",0.8185,0.065288,0.786734,0.07086,0.872769,0.081825,0.640497,0.129179,0.827739,0.066348,0.829751,0.06624,0.659503,0.132481
"{'classifier__C': 100, 'classifier__gamma': 0.0075, 'classifier__kernel': 'rbf'}",0.81558,0.065842,0.784408,0.067961,0.868769,0.087986,0.634168,0.132569,0.824606,0.067946,0.826589,0.068201,0.653177,0.136403
"{'classifier__C': 100, 'classifier__gamma': 0.005, 'classifier__kernel': 'rbf'}",0.812639,0.061385,0.777484,0.064761,0.872769,0.085647,0.630819,0.123997,0.822753,0.063424,0.825127,0.063819,0.650253,0.127639
"{'classifier__C': 100, 'classifier__gamma': 0.0025, 'classifier__kernel': 'rbf'}",0.812553,0.055134,0.770507,0.06425,0.884769,0.072698,0.635108,0.108113,0.824688,0.055274,0.827638,0.055459,0.655277,0.110917
"{'classifier__C': 100, 'classifier__gamma': 0.001, 'classifier__kernel': 'rbf'}",0.800959,0.06568,0.747463,0.088695,0.892769,0.06946,0.621453,0.118288,0.81515,0.063046,0.820116,0.061146,0.640232,0.122291
"{'classifier__C': 100, 'classifier__gamma': 'auto', 'classifier__kernel': 'rbf'}",0.834463,0.055579,0.812104,0.059572,0.872923,0.068775,0.666823,0.110814,0.841383,0.056173,0.842513,0.056199,0.685027,0.112397
"{'classifier__C': 250, 'classifier__gamma': 0.5, 'classifier__kernel': 'rbf'}",0.80243,0.054385,0.830127,0.063335,0.753692,0.106001,0.583147,0.115694,0.788275,0.062933,0.79191,0.06042,0.583819,0.12084
"{'classifier__C': 250, 'classifier__gamma': 0.25, 'classifier__kernel': 'rbf'}",0.819885,0.057026,0.827907,0.05347,0.805231,0.090634,0.623495,0.121902,0.815406,0.06291,0.816569,0.062151,0.633138,0.124303
"{'classifier__C': 250, 'classifier__gamma': 0.1, 'classifier__kernel': 'rbf'}",0.83734,0.057274,0.828013,0.056883,0.853077,0.071439,0.666023,0.117443,0.84005,0.058846,0.840545,0.058981,0.68109,0.117962
"{'classifier__C': 250, 'classifier__gamma': 0.075, 'classifier__kernel': 'rbf'}",0.837361,0.062187,0.828118,0.061876,0.852923,0.08182,0.666433,0.127852,0.839789,0.064314,0.840521,0.064505,0.681041,0.129009
"{'classifier__C': 250, 'classifier__gamma': 0.05, 'classifier__kernel': 'rbf'}",0.835955,0.061898,0.823573,0.055425,0.857077,0.085924,0.664235,0.128896,0.839652,0.065599,0.840325,0.065881,0.68065,0.131761
"{'classifier__C': 250, 'classifier__gamma': 0.025, 'classifier__kernel': 'rbf'}",0.837361,0.05657,0.816596,0.059219,0.872923,0.073281,0.671771,0.114104,0.843672,0.057658,0.84476,0.057966,0.689519,0.115932
"{'classifier__C': 250, 'classifier__gamma': 0.01, 'classifier__kernel': 'rbf'}",0.830094,0.057774,0.809619,0.062986,0.864923,0.07844,0.657593,0.116284,0.835904,0.059078,0.837271,0.059276,0.674543,0.118553
"{'classifier__C': 250, 'classifier__gamma': 0.0075, 'classifier__kernel': 'rbf'}",0.821398,0.060216,0.79593,0.06317,0.864769,0.084591,0.642563,0.121657,0.828644,0.062639,0.83035,0.062658,0.660699,0.125316
"{'classifier__C': 250, 'classifier__gamma': 0.005, 'classifier__kernel': 'rbf'}",0.822847,0.062869,0.793605,0.066981,0.872769,0.081825,0.647504,0.12538,0.83138,0.064378,0.833187,0.064399,0.666374,0.128798
"{'classifier__C': 250, 'classifier__gamma': 0.0025, 'classifier__kernel': 'rbf'}",0.818478,0.064309,0.786681,0.066374,0.872769,0.085647,0.640124,0.129401,0.827759,0.066387,0.829725,0.066603,0.65945,0.133206
"{'classifier__C': 250, 'classifier__gamma': 0.001, 'classifier__kernel': 'rbf'}",0.812575,0.054274,0.770507,0.061673,0.884769,0.072698,0.634907,0.107354,0.824774,0.054744,0.827638,0.055097,0.655277,0.110194
"{'classifier__C': 250, 'classifier__gamma': 'auto', 'classifier__kernel': 'rbf'}",0.835955,0.061898,0.823573,0.055425,0.857077,0.085924,0.664235,0.128896,0.839652,0.065599,0.840325,0.065881,0.68065,0.131761
"{'classifier__C': 500, 'classifier__gamma': 0.5, 'classifier__kernel': 'rbf'}",0.785017,0.045699,0.818763,0.050425,0.726154,0.095422,0.543636,0.10144,0.768951,0.054303,0.772459,0.052493,0.544917,0.104987
"{'classifier__C': 500, 'classifier__gamma': 0.25, 'classifier__kernel': 'rbf'}",0.812639,0.060981,0.832452,0.057153,0.777538,0.101918,0.604453,0.130756,0.802966,0.068792,0.804995,0.067269,0.609991,0.134538
"{'classifier__C': 500, 'classifier__gamma': 0.1, 'classifier__kernel': 'rbf'}",0.827195,0.067873,0.830338,0.066882,0.821385,0.089629,0.641,0.140595,0.825075,0.070831,0.825861,0.070681,0.651723,0.141361
"{'classifier__C': 500, 'classifier__gamma': 0.075, 'classifier__kernel': 'rbf'}",0.832971,0.059607,0.830285,0.058686,0.837077,0.080907,0.654578,0.123674,0.833011,0.06237,0.833681,0.062369,0.667362,0.124738
"{'classifier__C': 500, 'classifier__gamma': 0.05, 'classifier__kernel': 'rbf'}",0.833014,0.061639,0.825846,0.06094,0.845231,0.074539,0.656499,0.125867,0.835103,0.063211,0.835538,0.063236,0.671076,0.126472
"{'classifier__C': 500, 'classifier__gamma': 0.025, 'classifier__kernel': 'rbf'}",0.837404,0.058682,0.818975,0.05842,0.869077,0.077647,0.67052,0.119048,0.843065,0.06066,0.844026,0.06086,0.688052,0.121721
"{'classifier__C': 500, 'classifier__gamma': 0.01, 'classifier__kernel': 'rbf'}",0.834463,0.056702,0.811945,0.06015,0.872923,0.077524,0.667059,0.114816,0.841084,0.05821,0.842434,0.058564,0.684868,0.117128
"{'classifier__C': 500, 'classifier__gamma': 0.0075, 'classifier__kernel': 'rbf'}",0.830115,0.060565,0.809619,0.060476,0.864923,0.08805,0.657272,0.124926,0.835893,0.063519,0.837271,0.064027,0.674543,0.128053
"{'classifier__C': 500, 'classifier__gamma': 0.005, 'classifier__kernel': 'rbf'}",0.830094,0.057042,0.809619,0.060476,0.864923,0.07844,0.657286,0.115516,0.835979,0.058789,0.837271,0.059006,0.674543,0.118011
"{'classifier__C': 500, 'classifier__gamma': 0.0025, 'classifier__kernel': 'rbf'}",0.821398,0.063277,0.791332,0.066492,0.872769,0.081825,0.644977,0.126459,0.830248,0.064859,0.832051,0.064912,0.664101,0.129825
"{'classifier__C': 500, 'classifier__gamma': 0.001, 'classifier__kernel': 'rbf'}",0.812639,0.061385,0.777484,0.064761,0.872769,0.085647,0.630819,0.123997,0.822753,0.063424,0.825127,0.063819,0.650253,0.127639
"{'classifier__C': 500, 'classifier__gamma': 'auto', 'classifier__kernel': 'rbf'}",0.833014,0.061639,0.825846,0.06094,0.845231,0.074539,0.656499,0.125867,0.835103,0.063211,0.835538,0.063236,0.671076,0.126472
"{'classifier__C': 750, 'classifier__gamma': 0.5, 'classifier__kernel': 'rbf'}",0.787958,0.046268,0.823309,0.043665,0.726154,0.090118,0.547531,0.101032,0.771662,0.054889,0.774731,0.053107,0.549463,0.106214
"{'classifier__C': 750, 'classifier__gamma': 0.25, 'classifier__kernel': 'rbf'}",0.814066,0.0594,0.834725,0.055017,0.777692,0.103165,0.607215,0.128035,0.804053,0.067781,0.806209,0.066225,0.612417,0.13245
"{'classifier__C': 750, 'classifier__gamma': 0.1, 'classifier__kernel': 'rbf'}",0.827174,0.05749,0.832611,0.058578,0.817385,0.078156,0.639855,0.119576,0.824222,0.060111,0.824998,0.059842,0.649996,0.119684
"{'classifier__C': 750, 'classifier__gamma': 0.075, 'classifier__kernel': 'rbf'}",0.827195,0.067873,0.830338,0.066882,0.821385,0.089629,0.641,0.140595,0.825075,0.070831,0.825861,0.070681,0.651723,0.141361
"{'classifier__C': 750, 'classifier__gamma': 0.05, 'classifier__kernel': 'rbf'}",0.838811,0.058953,0.832664,0.058376,0.849077,0.073158,0.667678,0.121034,0.840423,0.060557,0.84087,0.060673,0.681741,0.121345
"{'classifier__C': 750, 'classifier__gamma': 0.025, 'classifier__kernel': 'rbf'}",0.835955,0.066795,0.8213,0.065416,0.861077,0.084085,0.665977,0.136253,0.84042,0.068844,0.841189,0.068985,0.682377,0.13797
"{'classifier__C': 750, 'classifier__gamma': 0.01, 'classifier__kernel': 'rbf'}",0.834463,0.057802,0.814323,0.060411,0.869077,0.075559,0.665873,0.116708,0.840589,0.058981,0.8417,0.059324,0.6834,0.118648
"{'classifier__C': 750, 'classifier__gamma': 0.0075, 'classifier__kernel': 'rbf'}",0.833014,0.057081,0.811945,0.06015,0.868923,0.082082,0.663541,0.116388,0.839007,0.059279,0.840434,0.059613,0.680868,0.119225
"{'classifier__C': 750, 'classifier__gamma': 0.005, 'classifier__kernel': 'rbf'}",0.833014,0.060302,0.811892,0.062016,0.868923,0.084008,0.663494,0.123261,0.839071,0.062401,0.840408,0.062905,0.680815,0.125809
"{'classifier__C': 750, 'classifier__gamma': 0.0025, 'classifier__kernel': 'rbf'}",0.821398,0.060216,0.793605,0.06542,0.868769,0.078368,0.643876,0.11991,0.829471,0.061397,0.831187,0.061413,0.662374,0.122827
"{'classifier__C': 750, 'classifier__gamma': 0.001, 'classifier__kernel': 'rbf'}",0.81558,0.064878,0.784408,0.064849,0.868769,0.087986,0.633833,0.131591,0.824701,0.067461,0.826589,0.067776,0.653177,0.135552
"{'classifier__C': 750, 'classifier__gamma': 'auto', 'classifier__kernel': 'rbf'}",0.838811,0.058953,0.832664,0.058376,0.849077,0.073158,0.667678,0.121034,0.840423,0.060557,0.84087,0.060673,0.681741,0.121345
"{'classifier__C': 1000, 'classifier__gamma': 0.5, 'classifier__kernel': 'rbf'}",0.790835,0.042561,0.825476,0.051808,0.730154,0.09239,0.555487,0.092622,0.774175,0.04973,0.777815,0.048503,0.55563,0.097006
"{'classifier__C': 1000, 'classifier__gamma': 0.25, 'classifier__kernel': 'rbf'}",0.809697,0.059991,0.8324,0.056365,0.77,0.106328,0.59775,0.128781,0.798722,0.068802,0.8012,0.067021,0.6024,0.134043
"{'classifier__C': 1000, 'classifier__gamma': 0.1, 'classifier__kernel': 'rbf'}",0.828602,0.053878,0.834831,0.052885,0.817231,0.080654,0.642056,0.113363,0.825142,0.057981,0.826031,0.057545,0.652062,0.115091
"{'classifier__C': 1000, 'classifier__gamma': 0.075, 'classifier__kernel': 'rbf'}",0.831543,0.067195,0.834884,0.066673,0.825385,0.087671,0.649749,0.138828,0.829384,0.06991,0.830134,0.069753,0.660268,0.139506
"{'classifier__C': 1000, 'classifier__gamma': 0.05, 'classifier__kernel': 'rbf'}",0.83587,0.056662,0.830338,0.055774,0.845077,0.070205,0.661318,0.116259,0.837315,0.058249,0.837708,0.058351,0.675415,0.116703
"{'classifier__C': 1000, 'classifier__gamma': 0.025, 'classifier__kernel': 'rbf'}",0.835955,0.063902,0.825846,0.059221,0.853231,0.083716,0.663433,0.132199,0.838987,0.066858,0.839538,0.067046,0.679076,0.134093
"{'classifier__C': 1000, 'classifier__gamma': 0.01, 'classifier__kernel': 'rbf'}",0.834463,0.057071,0.814271,0.058819,0.869077,0.075559,0.665712,0.115589,0.840587,0.058502,0.841674,0.058862,0.683348,0.117724
"{'classifier__C': 1000, 'classifier__gamma': 0.0075, 'classifier__kernel': 'rbf'}",0.834463,0.056702,0.816596,0.059219,0.865077,0.078011,0.664796,0.115141,0.839712,0.058378,0.840837,0.058743,0.681673,0.117486
"{'classifier__C': 1000, 'classifier__gamma': 0.005, 'classifier__kernel': 'rbf'}",0.833014,0.059601,0.814165,0.061788,0.864923,0.08805,0.662558,0.122432,0.838098,0.062366,0.839544,0.062821,0.679088,0.125643
"{'classifier__C': 1000, 'classifier__gamma': 0.0025, 'classifier__kernel': 'rbf'}",0.825746,0.057365,0.802748,0.062336,0.864923,0.07844,0.650118,0.115748,0.832347,0.058819,0.833836,0.059011,0.667671,0.118023
"{'classifier__C': 1000, 'classifier__gamma': 0.001, 'classifier__kernel': 'rbf'}",0.8185,0.066877,0.789006,0.069263,0.868769,0.087986,0.639007,0.13447,0.827034,0.068924,0.828888,0.069069,0.657776,0.138138
"{'classifier__C': 1000, 'classifier__gamma': 'auto', 'classifier__kernel': 'rbf'}",0.83587,0.056662,0.830338,0.055774,0.845077,0.070205,0.661318,0.116259,0.837315,0.058249,0.837708,0.058351,0.675415,0.116703
"{'classifier__C': 1250, 'classifier__gamma': 0.5, 'classifier__kernel': 'rbf'}",0.780669,0.045027,0.82093,0.057019,0.710462,0.085078,0.532778,0.095121,0.761748,0.049005,0.765696,0.048302,0.531392,0.096605
"{'classifier__C': 1250, 'classifier__gamma': 0.25, 'classifier__kernel': 'rbf'}",0.79951,0.048956,0.825529,0.055579,0.754,0.090653,0.576336,0.104036,0.787094,0.055274,0.789764,0.053744,0.579529,0.107487
"{'classifier__C': 1250, 'classifier__gamma': 0.1, 'classifier__kernel': 'rbf'}",0.822805,0.058331,0.828013,0.058671,0.813231,0.080417,0.630937,0.121049,0.819822,0.061231,0.820622,0.061021,0.641243,0.122041
"{'classifier__C': 1250, 'classifier__gamma': 0.075, 'classifier__kernel': 'rbf'}",0.830072,0.056995,0.837156,0.057267,0.817385,0.078156,0.644966,0.118856,0.826499,0.059846,0.827271,0.059574,0.654541,0.119147
"{'classifier__C': 1250, 'classifier__gamma': 0.05, 'classifier__kernel': 'rbf'}",0.831543,0.063993,0.830338,0.065319,0.833077,0.083586,0.651553,0.131429,0.83095,0.066092,0.831708,0.066095,0.663415,0.13219
"{'classifier__C': 1250, 'classifier__gamma': 0.025, 'classifier__kernel': 'rbf'}",0.835955,0.063902,0.825846,0.059221,0.853231,0.083716,0.663433,0.132199,0.838987,0.066858,0.839538,0.067046,0.679076,0.134093
"{'classifier__C': 1250, 'classifier__gamma': 0.01, 'classifier__kernel': 'rbf'}",0.833014,0.057812,0.814323,0.057747,0.865077,0.080036,0.662012,0.118145,0.838614,0.06008,0.8397,0.060418,0.6794,0.120836
"{'classifier__C': 1250, 'classifier__gamma': 0.0075, 'classifier__kernel': 'rbf'}",0.834463,0.057071,0.814271,0.058819,0.869077,0.075559,0.665712,0.115589,0.840587,0.058502,0.841674,0.058862,0.683348,0.117724
"{'classifier__C': 1250, 'classifier__gamma': 0.005, 'classifier__kernel': 'rbf'}",0.835912,0.056282,0.816543,0.058486,0.868923,0.082082,0.66838,0.115081,0.841405,0.058739,0.842733,0.059067,0.685466,0.118135
"{'classifier__C': 1250, 'classifier__gamma': 0.0025, 'classifier__kernel': 'rbf'}",0.832992,0.056019,0.814165,0.061788,0.864923,0.07844,0.662572,0.112813,0.838184,0.057538,0.839544,0.057696,0.679088,0.115391
"{'classifier__C': 1250, 'classifier__gamma': 0.001, 'classifier__kernel': 'rbf'}",0.822847,0.062197,0.793605,0.06542,0.872769,0.081825,0.647362,0.124506,0.831413,0.063947,0.833187,0.063997,0.666374,0.127994
"{'classifier__C': 1250, 'classifier__gamma': 'auto', 'classifier__kernel': 'rbf'}",0.831543,0.063993,0.830338,0.065319,0.833077,0.083586,0.651553,0.131429,0.83095,0.066092,0.831708,0.066095,0.663415,0.13219
"{'classifier__C': 1500, 'classifier__gamma': 0.5, 'classifier__kernel': 'rbf'}",0.777771,0.042921,0.814059,0.052951,0.714615,0.08739,0.527762,0.090437,0.760675,0.048871,0.764337,0.047416,0.528675,0.094833
"{'classifier__C': 1500, 'classifier__gamma': 0.25, 'classifier__kernel': 'rbf'}",0.787873,0.046069,0.818658,0.053958,0.734154,0.092729,0.550549,0.098862,0.773101,0.053947,0.776406,0.05162,0.552811,0.10324
"{'classifier__C': 1500, 'classifier__gamma': 0.1, 'classifier__kernel': 'rbf'}",0.819885,0.057393,0.823362,0.05775,0.813231,0.080417,0.625686,0.119193,0.817488,0.060392,0.818296,0.060212,0.636592,0.120425
"{'classifier__C': 1500, 'classifier__gamma': 0.075, 'classifier__kernel': 'rbf'}",0.830072,0.056625,0.834884,0.056619,0.821385,0.080208,0.645917,0.118533,0.827322,0.059873,0.828134,0.059604,0.656268,0.119209
"{'classifier__C': 1500, 'classifier__gamma': 0.05, 'classifier__kernel': 'rbf'}",0.828623,0.062897,0.830338,0.062902,0.825231,0.078519,0.64405,0.129064,0.827253,0.064809,0.827785,0.064759,0.655569,0.129517
"{'classifier__C': 1500, 'classifier__gamma': 0.025, 'classifier__kernel': 'rbf'}",0.834463,0.060251,0.825793,0.058497,0.849231,0.079361,0.660101,0.124417,0.8369,0.062652,0.837512,0.062844,0.675024,0.125688
"{'classifier__C': 1500, 'classifier__gamma': 0.01, 'classifier__kernel': 'rbf'}",0.833014,0.057448,0.814323,0.057747,0.865077,0.080036,0.662061,0.117358,0.838586,0.059712,0.8397,0.060041,0.6794,0.120081
"{'classifier__C': 1500, 'classifier__gamma': 0.0075, 'classifier__kernel': 'rbf'}",0.834463,0.057071,0.814271,0.058819,0.869077,0.075559,0.665712,0.115589,0.840587,0.058502,0.841674,0.058862,0.683348,0.117724
"{'classifier__C': 1500, 'classifier__gamma': 0.005, 'classifier__kernel': 'rbf'}",0.835912,0.056282,0.816543,0.058486,0.868923,0.082082,0.66838,0.115081,0.841405,0.058739,0.842733,0.059067,0.685466,0.118135
"{'classifier__C': 1500, 'classifier__gamma': 0.0025, 'classifier__kernel': 'rbf'}",0.831543,0.059272,0.814165,0.061788,0.860923,0.084476,0.658788,0.121047,0.836264,0.061629,0.837544,0.061962,0.675088,0.123924
"{'classifier__C': 1500, 'classifier__gamma': 0.001, 'classifier__kernel': 'rbf'}",0.819928,0.059966,0.791279,0.065894,0.868769,0.078368,0.641543,0.119282,0.828207,0.06103,0.830024,0.061054,0.660048,0.122108
"{'classifier__C': 1500, 'classifier__gamma': 'auto', 'classifier__kernel': 'rbf'}",0.828623,0.062897,0.830338,0.062902,0.825231,0.078519,0.64405,0.129064,0.827253,0.064809,0.827785,0.064759,0.655569,0.129517
"{'classifier__C': 1750, 'classifier__gamma': 0.5, 'classifier__kernel': 'rbf'}",0.771952,0.044796,0.814059,0.051919,0.698769,0.089487,0.5133,0.095506,0.752179,0.051671,0.756414,0.049779,0.512828,0.099558
"{'classifier__C': 1750, 'classifier__gamma': 0.25, 'classifier__kernel': 'rbf'}",0.786402,0.041226,0.820825,0.06021,0.726308,0.094913,0.547886,0.086816,0.769159,0.049783,0.773566,0.045987,0.547132,0.091974
"{'classifier__C': 1750, 'classifier__gamma': 0.1, 'classifier__kernel': 'rbf'}",0.821334,0.056981,0.825687,0.056849,0.813231,0.080417,0.628221,0.118567,0.818654,0.060138,0.819459,0.059944,0.638918,0.119888
"{'classifier__C': 1750, 'classifier__gamma': 0.075, 'classifier__kernel': 'rbf'}",0.827153,0.058593,0.832558,0.057726,0.817385,0.078156,0.639517,0.121479,0.824331,0.061251,0.824971,0.061126,0.649943,0.122253
"{'classifier__C': 1750, 'classifier__gamma': 0.05, 'classifier__kernel': 'rbf'}",0.828623,0.066469,0.832611,0.065252,0.821231,0.086436,0.643307,0.1377,0.826232,0.069265,0.826921,0.069119,0.653842,0.138238
"{'classifier__C': 1750, 'classifier__gamma': 0.025, 'classifier__kernel': 'rbf'}",0.833014,0.061297,0.82352,0.059186,0.849231,0.079361,0.657524,0.12652,0.835797,0.063588,0.836375,0.063805,0.672751,0.127609
"{'classifier__C': 1750, 'classifier__gamma': 0.01, 'classifier__kernel': 'rbf'}",0.834463,0.057071,0.816596,0.061741,0.865077,0.075932,0.665168,0.115495,0.839685,0.057946,0.840837,0.058304,0.681673,0.116607
"{'classifier__C': 1750, 'classifier__gamma': 0.0075, 'classifier__kernel': 'rbf'}",0.835912,0.056282,0.816543,0.058486,0.869077,0.075559,0.668239,0.113949,0.841719,0.057766,0.84281,0.058108,0.68562,0.116215
"{'classifier__C': 1750, 'classifier__gamma': 0.005, 'classifier__kernel': 'rbf'}",0.837361,0.053908,0.816543,0.05389,0.873077,0.077074,0.671664,0.111033,0.843657,0.056218,0.84481,0.056724,0.68962,0.113448
"{'classifier__C': 1750, 'classifier__gamma': 0.0025, 'classifier__kernel': 'rbf'}",0.831564,0.059927,0.811892,0.060328,0.864923,0.08805,0.659799,0.123583,0.837025,0.062927,0.838408,0.063413,0.676815,0.126825
"{'classifier__C': 1750, 'classifier__gamma': 0.001, 'classifier__kernel': 'rbf'}",0.822847,0.059434,0.795877,0.065049,0.868769,0.078368,0.646328,0.118314,0.830619,0.060681,0.832323,0.060674,0.664647,0.121348
"{'classifier__C': 1750, 'classifier__gamma': 'auto', 'classifier__kernel': 'rbf'}",0.828623,0.066469,0.832611,0.065252,0.821231,0.086436,0.643307,0.1377,0.826232,0.069265,0.826921,0.069119,0.653842,0.138238
"{'classifier__C': 2000, 'classifier__gamma': 0.5, 'classifier__kernel': 'rbf'}",0.769032,0.040598,0.802643,0.04617,0.710462,0.090143,0.510112,0.088598,0.753109,0.048997,0.756552,0.047201,0.513104,0.094402
"{'classifier__C': 2000, 'classifier__gamma': 0.25, 'classifier__kernel': 'rbf'}",0.783483,0.047182,0.813953,0.06649,0.730154,0.079347,0.543435,0.096373,0.76886,0.047913,0.772054,0.047374,0.544107,0.094748
"{'classifier__C': 2000, 'classifier__gamma': 0.1, 'classifier__kernel': 'rbf'}",0.821334,0.056981,0.82796,0.056958,0.809385,0.077787,0.627251,0.118036,0.817932,0.059798,0.818672,0.059573,0.637344,0.119147
"{'classifier__C': 2000, 'classifier__gamma': 0.075, 'classifier__kernel': 'rbf'}",0.827153,0.058233,0.832558,0.057726,0.817231,0.076583,0.639413,0.120628,0.824287,0.060678,0.824894,0.060569,0.649789,0.121137
"{'classifier__C': 2000, 'classifier__gamma': 0.05, 'classifier__kernel': 'rbf'}",0.831543,0.06625,0.834884,0.064307,0.825231,0.088121,0.64941,0.13762,0.829337,0.069455,0.830057,0.069289,0.660114,0.138577
"{'classifier__C': 2000, 'classifier__gamma': 0.025, 'classifier__kernel': 'rbf'}",0.834484,0.062615,0.828118,0.060184,0.845231,0.078715,0.658987,0.128835,0.836228,0.06474,0.836675,0.064911,0.673349,0.129822
"{'classifier__C': 2000, 'classifier__gamma': 0.01, 'classifier__kernel': 'rbf'}",0.838832,0.059308,0.818922,0.061157,0.873077,0.072804,0.674338,0.119602,0.845069,0.060088,0.845999,0.060376,0.691999,0.120751
"{'classifier__C': 2000, 'classifier__gamma': 0.0075, 'classifier__kernel': 'rbf'}",0.834463,0.057071,0.816596,0.057406,0.865077,0.080036,0.664539,0.116621,0.839746,0.059402,0.840837,0.059721,0.681673,0.119441
"{'classifier__C': 2000, 'classifier__gamma': 0.005, 'classifier__kernel': 'rbf'}",0.834463,0.057071,0.814271,0.058819,0.869077,0.075559,0.665712,0.115589,0.840587,0.058502,0.841674,0.058862,0.683348,0.117724
"{'classifier__C': 2000, 'classifier__gamma': 0.0025, 'classifier__kernel': 'rbf'}",0.833014,0.059601,0.811892,0.060328,0.868923,0.084008,0.663317,0.122212,0.839102,0.061988,0.840408,0.062493,0.680815,0.124986
"{'classifier__C': 2000, 'classifier__gamma': 0.001, 'classifier__kernel': 'rbf'}",0.822847,0.057275,0.795877,0.06095,0.868769,0.078368,0.646097,0.115553,0.830681,0.059061,0.832323,0.059218,0.664647,0.118436
"{'classifier__C': 2000, 'classifier__gamma': 'auto', 'classifier__kernel': 'rbf'}",0.831543,0.06625,0.834884,0.064307,0.825231,0.088121,0.64941,0.13762,0.829337,0.069455,0.830057,0.069289,0.660114,0.138577
"{'classifier__C': 2250, 'classifier__gamma': 0.5, 'classifier__kernel': 'rbf'}",0.773359,0.045028,0.811734,0.053413,0.706308,0.09755,0.517839,0.09831,0.754733,0.053259,0.759021,0.05152,0.518041,0.103039
"{'classifier__C': 2250, 'classifier__gamma': 0.25, 'classifier__kernel': 'rbf'}",0.784974,0.047206,0.818658,0.063775,0.726154,0.086494,0.544992,0.09759,0.768744,0.051233,0.772406,0.049471,0.544811,0.098942
"{'classifier__C': 2250, 'classifier__gamma': 0.1, 'classifier__kernel': 'rbf'}",0.819864,0.05923,0.827907,0.055236,0.805385,0.08689,0.623417,0.124974,0.815747,0.064019,0.816646,0.063478,0.633292,0.126955
"{'classifier__C': 2250, 'classifier__gamma': 0.075, 'classifier__kernel': 'rbf'}",0.824254,0.058932,0.828013,0.058671,0.817231,0.076583,0.634276,0.121954,0.822039,0.061202,0.822622,0.061116,0.645243,0.122233
"{'classifier__C': 2250, 'classifier__gamma': 0.05, 'classifier__kernel': 'rbf'}",0.831543,0.06625,0.837156,0.064879,0.821385,0.091397,0.648817,0.137649,0.828343,0.069895,0.829271,0.069613,0.658541,0.139226
"{'classifier__C': 2250, 'classifier__gamma': 0.025, 'classifier__kernel': 'rbf'}",0.833014,0.060954,0.830391,0.060195,0.837385,0.072259,0.654472,0.124318,0.833563,0.062363,0.833888,0.06238,0.667776,0.12476
"{'classifier__C': 2250, 'classifier__gamma': 0.01, 'classifier__kernel': 'rbf'}",0.838853,0.060678,0.818975,0.062685,0.873077,0.072804,0.674396,0.121961,0.845119,0.061307,0.846026,0.061528,0.692052,0.123057
"{'classifier__C': 2250, 'classifier__gamma': 0.0075, 'classifier__kernel': 'rbf'}",0.837361,0.05657,0.816596,0.057406,0.873077,0.077074,0.671725,0.114941,0.843694,0.058535,0.844837,0.058793,0.689673,0.117586
"{'classifier__C': 2250, 'classifier__gamma': 0.005, 'classifier__kernel': 'rbf'}",0.838832,0.053734,0.818869,0.057871,0.873077,0.070572,0.67439,0.1075,0.844861,0.05475,0.845973,0.054846,0.691946,0.109692
"{'classifier__C': 2250, 'classifier__gamma': 0.0025, 'classifier__kernel': 'rbf'}",0.834463,0.056702,0.814218,0.059003,0.868923,0.082082,0.665895,0.115819,0.840211,0.059082,0.84157,0.059419,0.683141,0.118838
"{'classifier__C': 2250, 'classifier__gamma': 0.001, 'classifier__kernel': 'rbf'}",0.825746,0.058811,0.800423,0.064861,0.868769,0.078368,0.651348,0.117934,0.832963,0.060007,0.834596,0.060082,0.669192,0.120164
"{'classifier__C': 2250, 'classifier__gamma': 'auto', 'classifier__kernel': 'rbf'}",0.831543,0.06625,0.837156,0.064879,0.821385,0.091397,0.648817,0.137649,0.828343,0.069895,0.829271,0.069613,0.658541,0.139226
"{'classifier__C': 2500, 'classifier__gamma': 0.5, 'classifier__kernel': 'rbf'}",0.771931,0.046723,0.811786,0.055339,0.702308,0.092684,0.514117,0.100363,0.75287,0.053547,0.757047,0.051882,0.514094,0.103764
"{'classifier__C': 2500, 'classifier__gamma': 0.25, 'classifier__kernel': 'rbf'}",0.782055,0.042195,0.816385,0.055524,0.722154,0.081942,0.537772,0.088553,0.765852,0.047602,0.769269,0.045486,0.538539,0.090973
"{'classifier__C': 2500, 'classifier__gamma': 0.1, 'classifier__kernel': 'rbf'}",0.815516,0.060549,0.830127,0.057342,0.789538,0.089791,0.612102,0.128476,0.808615,0.065653,0.809833,0.064908,0.619665,0.129815
"{'classifier__C': 2500, 'classifier__gamma': 0.075, 'classifier__kernel': 'rbf'}",0.824233,0.057149,0.82796,0.056044,0.817231,0.076583,0.634086,0.118711,0.822003,0.059811,0.822595,0.059727,0.645191,0.119454
"{'classifier__C': 2500, 'classifier__gamma': 0.05, 'classifier__kernel': 'rbf'}",0.832992,0.063025,0.839429,0.06044,0.821385,0.091397,0.651216,0.13227,0.829418,0.067518,0.830407,0.067088,0.660814,0.134176
"{'classifier__C': 2500, 'classifier__gamma': 0.025, 'classifier__kernel': 'rbf'}",0.835912,0.057713,0.834937,0.056408,0.837385,0.072259,0.659575,0.118713,0.835776,0.059657,0.836161,0.059662,0.672321,0.119323
"{'classifier__C': 2500, 'classifier__gamma': 0.01, 'classifier__kernel': 'rbf'}",0.838853,0.060678,0.818975,0.062685,0.873077,0.072804,0.674396,0.121961,0.845119,0.061307,0.846026,0.061528,0.692052,0.123057
"{'classifier__C': 2500, 'classifier__gamma': 0.0075, 'classifier__kernel': 'rbf'}",0.835934,0.057714,0.816649,0.057214,0.869077,0.077647,0.667983,0.11749,0.841856,0.059799,0.842863,0.060074,0.685726,0.120148
"{'classifier__C': 2500, 'classifier__gamma': 0.005, 'classifier__kernel': 'rbf'}",0.838832,0.053734,0.818869,0.057871,0.873077,0.070572,0.67439,0.1075,0.844861,0.05475,0.845973,0.054846,0.691946,0.109692
"{'classifier__C': 2500, 'classifier__gamma': 0.0025, 'classifier__kernel': 'rbf'}",0.833014,0.057448,0.811945,0.059244,0.868923,0.082082,0.663368,0.117383,0.839079,0.059772,0.840434,0.060134,0.680868,0.120267
"{'classifier__C': 2500, 'classifier__gamma': 0.001, 'classifier__kernel': 'rbf'}",0.825746,0.057365,0.802696,0.065045,0.864923,0.07844,0.650444,0.114759,0.832173,0.058484,0.833809,0.058542,0.667619,0.117085
"{'classifier__C': 2500, 'classifier__gamma': 'auto', 'classifier__kernel': 'rbf'}",0.832992,0.063025,0.839429,0.06044,0.821385,0.091397,0.651216,0.13227,0.829418,0.067518,0.830407,0.067088,0.660814,0.134176
"{'classifier__C': 2750, 'classifier__gamma': 0.5, 'classifier__kernel': 'rbf'}",0.77046,0.048449,0.811786,0.059824,0.698308,0.087366,0.510994,0.102274,0.750868,0.052993,0.755047,0.051674,0.510094,0.103347
"{'classifier__C': 2750, 'classifier__gamma': 0.25, 'classifier__kernel': 'rbf'}",0.777707,0.044584,0.816385,0.055524,0.710154,0.087989,0.526981,0.095437,0.759291,0.051342,0.763269,0.049051,0.526539,0.098103
"{'classifier__C': 2750, 'classifier__gamma': 0.1, 'classifier__kernel': 'rbf'}",0.815516,0.060549,0.830127,0.057342,0.789538,0.089791,0.612102,0.128476,0.808615,0.065653,0.809833,0.064908,0.619665,0.129815
"{'classifier__C': 2750, 'classifier__gamma': 0.075, 'classifier__kernel': 'rbf'}",0.819885,0.057393,0.823362,0.05775,0.813231,0.080417,0.625686,0.119193,0.817488,0.060392,0.818296,0.060212,0.636592,0.120425
"{'classifier__C': 2750, 'classifier__gamma': 0.05, 'classifier__kernel': 'rbf'}",0.832992,0.063025,0.839429,0.06044,0.821385,0.091397,0.651216,0.13227,0.829418,0.067518,0.830407,0.067088,0.660814,0.134176
"{'classifier__C': 2750, 'classifier__gamma': 0.025, 'classifier__kernel': 'rbf'}",0.835912,0.057713,0.834937,0.056408,0.837385,0.072259,0.659575,0.118713,0.835776,0.059657,0.836161,0.059662,0.672321,0.119323
"{'classifier__C': 2750, 'classifier__gamma': 0.01, 'classifier__kernel': 'rbf'}",0.835934,0.061897,0.818975,0.062685,0.865077,0.073795,0.667053,0.125174,0.8413,0.062748,0.842026,0.062983,0.684052,0.125966
"{'classifier__C': 2750, 'classifier__gamma': 0.0075, 'classifier__kernel': 'rbf'}",0.837361,0.058755,0.816596,0.061741,0.873077,0.072804,0.671997,0.118368,0.843797,0.059382,0.844837,0.059683,0.689673,0.119366
"{'classifier__C': 2750, 'classifier__gamma': 0.005, 'classifier__kernel': 'rbf'}",0.838832,0.053734,0.818869,0.057871,0.873077,0.070572,0.67439,0.1075,0.844861,0.05475,0.845973,0.054846,0.691946,0.109692
"{'classifier__C': 2750, 'classifier__gamma': 0.0025, 'classifier__kernel': 'rbf'}",0.835912,0.059192,0.816543,0.058486,0.868923,0.084008,0.668114,0.121829,0.841562,0.061828,0.842733,0.062347,0.685466,0.124694
"{'classifier__C': 2750, 'classifier__gamma': 0.001, 'classifier__kernel': 'rbf'}",0.828645,0.056941,0.807294,0.061635,0.864923,0.07844,0.654948,0.114943,0.834709,0.058569,0.836108,0.058732,0.672217,0.117464
"{'classifier__C': 2750, 'classifier__gamma': 'auto', 'classifier__kernel': 'rbf'}",0.832992,0.063025,0.839429,0.06044,0.821385,0.091397,0.651216,0.13227,0.829418,0.067518,0.830407,0.067088,0.660814,0.134176
"{'classifier__C': 3000, 'classifier__gamma': 0.5, 'classifier__kernel': 'rbf'}",0.767583,0.051821,0.807188,0.058462,0.698308,0.094408,0.505255,0.110935,0.748687,0.057982,0.752748,0.056543,0.505496,0.113086
"{'classifier__C': 3000, 'classifier__gamma': 0.25, 'classifier__kernel': 'rbf'}",0.773359,0.047784,0.816385,0.055524,0.698462,0.092873,0.516328,0.103551,0.752934,0.055474,0.757423,0.053044,0.514846,0.106089
"{'classifier__C': 3000, 'classifier__gamma': 0.1, 'classifier__kernel': 'rbf'}",0.815558,0.06321,0.83018,0.060847,0.789538,0.089791,0.612293,0.133277,0.808684,0.067784,0.809859,0.067037,0.619718,0.134074
"{'classifier__C': 3000, 'classifier__gamma': 0.075, 'classifier__kernel': 'rbf'}",0.816986,0.055132,0.821089,0.054698,0.809385,0.077787,0.619382,0.114503,0.814499,0.058247,0.815237,0.058076,0.630473,0.116152
"{'classifier__C': 3000, 'classifier__gamma': 0.05, 'classifier__kernel': 'rbf'}",0.831522,0.055188,0.839429,0.058706,0.817385,0.073949,0.647946,0.113905,0.827577,0.057045,0.828407,0.056826,0.656814,0.113652
"{'classifier__C': 3000, 'classifier__gamma': 0.025, 'classifier__kernel': 'rbf'}",0.835912,0.057713,0.834937,0.056408,0.837385,0.072259,0.659575,0.118713,0.835776,0.059657,0.836161,0.059662,0.672321,0.119323
"{'classifier__C': 3000, 'classifier__gamma': 0.01, 'classifier__kernel': 'rbf'}",0.834484,0.062279,0.818975,0.062685,0.861077,0.076094,0.663471,0.126377,0.839302,0.063422,0.840026,0.063676,0.680052,0.127352
"{'classifier__C': 3000, 'classifier__gamma': 0.0075, 'classifier__kernel': 'rbf'}",0.835912,0.056654,0.816596,0.061741,0.869077,0.071198,0.668685,0.11386,0.841762,0.056827,0.842837,0.057217,0.685673,0.114434
"{'classifier__C': 3000, 'classifier__gamma': 0.005, 'classifier__kernel': 'rbf'}",0.838832,0.053734,0.818869,0.057871,0.873077,0.070572,0.67439,0.1075,0.844861,0.05475,0.845973,0.054846,0.691946,0.109692
"{'classifier__C': 3000, 'classifier__gamma': 0.0025, 'classifier__kernel': 'rbf'}",0.837361,0.055822,0.816543,0.058486,0.872923,0.077524,0.671898,0.113341,0.843482,0.057574,0.844733,0.05793,0.689466,0.115859
"{'classifier__C': 3000, 'classifier__gamma': 0.001, 'classifier__kernel': 'rbf'}",0.831543,0.056366,0.811892,0.060328,0.864923,0.07844,0.659813,0.114062,0.83711,0.058147,0.838408,0.058339,0.676815,0.116677
"{'classifier__C': 3000, 'classifier__gamma': 'auto', 'classifier__kernel': 'rbf'}",0.831522,0.055188,0.839429,0.058706,0.817385,0.073949,0.647946,0.113905,0.827577,0.057045,0.828407,0.056826,0.656814,0.113652
"{'classifier__C': 3250, 'classifier__gamma': 0.5, 'classifier__kernel': 'rbf'}",0.760337,0.053443,0.80259,0.062865,0.686615,0.090636,0.489676,0.11243,0.740294,0.057875,0.744603,0.056556,0.489205,0.113111
"{'classifier__C': 3250, 'classifier__gamma': 0.25, 'classifier__kernel': 'rbf'}",0.776257,0.045105,0.81871,0.054794,0.702462,0.087531,0.522684,0.096918,0.756317,0.051701,0.760586,0.04954,0.521172,0.099081
"{'classifier__C': 3250, 'classifier__gamma': 0.1, 'classifier__kernel': 'rbf'}",0.811189,0.063187,0.827854,0.059177,0.781692,0.09341,0.602489,0.134023,0.803426,0.068622,0.804773,0.067783,0.609546,0.135565
"{'classifier__C': 3250, 'classifier__gamma': 0.075, 'classifier__kernel': 'rbf'}",0.818436,0.055541,0.823414,0.05573,0.809385,0.077787,0.622075,0.11507,0.815634,0.05849,0.816399,0.058304,0.632799,0.116608
"{'classifier__C': 3250, 'classifier__gamma': 0.05, 'classifier__kernel': 'rbf'}",0.830072,0.056625,0.834884,0.060157,0.821385,0.069522,0.646075,0.11533,0.82755,0.05743,0.828134,0.057458,0.656268,0.114916
"{'classifier__C': 3250, 'classifier__gamma': 0.025, 'classifier__kernel': 'rbf'}",0.835912,0.057713,0.834937,0.056408,0.837385,0.072259,0.659575,0.118713,0.835776,0.059657,0.836161,0.059662,0.672321,0.119323
"{'classifier__C': 3250, 'classifier__gamma': 0.01, 'classifier__kernel': 'rbf'}",0.835934,0.058405,0.818975,0.062685,0.865231,0.064396,0.667272,0.116066,0.841394,0.058089,0.842103,0.058116,0.684205,0.116233
"{'classifier__C': 3250, 'classifier__gamma': 0.0075, 'classifier__kernel': 'rbf'}",0.837361,0.058755,0.816596,0.061741,0.873077,0.072804,0.671997,0.118368,0.843797,0.059382,0.844837,0.059683,0.689673,0.119366
"{'classifier__C': 3250, 'classifier__gamma': 0.005, 'classifier__kernel': 'rbf'}",0.835934,0.056981,0.816596,0.057406,0.869077,0.075559,0.668021,0.115653,0.841847,0.058687,0.842837,0.059025,0.685673,0.11805
"{'classifier__C': 3250, 'classifier__gamma': 0.0025, 'classifier__kernel': 'rbf'}",0.835912,0.055908,0.816543,0.058486,0.868923,0.076009,0.668208,0.113305,0.841601,0.057459,0.842733,0.057792,0.685466,0.115583
"{'classifier__C': 3250, 'classifier__gamma': 0.001, 'classifier__kernel': 'rbf'}",0.831543,0.056366,0.811892,0.060328,0.864923,0.07844,0.659813,0.114062,0.83711,0.058147,0.838408,0.058339,0.676815,0.116677
"{'classifier__C': 3250, 'classifier__gamma': 'auto', 'classifier__kernel': 'rbf'}",0.830072,0.056625,0.834884,0.060157,0.821385,0.069522,0.646075,0.11533,0.82755,0.05743,0.828134,0.057458,0.656268,0.114916
"{'classifier__C': 3500, 'classifier__gamma': 0.5, 'classifier__kernel': 'rbf'}",0.757417,0.052568,0.800264,0.061086,0.682615,0.093444,0.483302,0.111861,0.736937,0.05792,0.74144,0.056523,0.48288,0.113045
"{'classifier__C': 3500, 'classifier__gamma': 0.25, 'classifier__kernel': 'rbf'}",0.774787,0.043262,0.818658,0.054003,0.698462,0.087552,0.519144,0.093572,0.754056,0.049995,0.75856,0.047902,0.517119,0.095805
"{'classifier__C': 3500, 'classifier__gamma': 0.1, 'classifier__kernel': 'rbf'}",0.806841,0.064492,0.827854,0.059177,0.769846,0.102254,0.592056,0.137847,0.796943,0.071637,0.79885,0.07039,0.5977,0.140779
"{'classifier__C': 3500, 'classifier__gamma': 0.075, 'classifier__kernel': 'rbf'}",0.815537,0.056197,0.821089,0.056556,0.805538,0.076819,0.615993,0.116041,0.812586,0.05885,0.813314,0.058699,0.626627,0.117397
"{'classifier__C': 3500, 'classifier__gamma': 0.05, 'classifier__kernel': 'rbf'}",0.827174,0.06069,0.832611,0.061166,0.817385,0.078156,0.639813,0.125351,0.824352,0.062809,0.824998,0.0627,0.649996,0.125399
"{'classifier__C': 3500, 'classifier__gamma': 0.025, 'classifier__kernel': 'rbf'}",0.835891,0.056281,0.837209,0.055216,0.833385,0.068589,0.658494,0.115483,0.834978,0.057972,0.835297,0.057919,0.670594,0.115837
"{'classifier__C': 3500, 'classifier__gamma': 0.01, 'classifier__kernel': 'rbf'}",0.835934,0.058405,0.818975,0.062685,0.865231,0.064396,0.667272,0.116066,0.841394,0.058089,0.842103,0.058116,0.684205,0.116233
"{'classifier__C': 3500, 'classifier__gamma': 0.0075, 'classifier__kernel': 'rbf'}",0.838832,0.059308,0.818922,0.061157,0.873077,0.072804,0.674338,0.119602,0.845069,0.060088,0.845999,0.060376,0.691999,0.120751
"{'classifier__C': 3500, 'classifier__gamma': 0.005, 'classifier__kernel': 'rbf'}",0.837383,0.054251,0.816596,0.057406,0.873077,0.07497,0.671918,0.109417,0.843591,0.056044,0.844837,0.056096,0.689673,0.112193
"{'classifier__C': 3500, 'classifier__gamma': 0.0025, 'classifier__kernel': 'rbf'}",0.835912,0.053213,0.818816,0.05343,0.865077,0.078011,0.666972,0.109867,0.840883,0.055736,0.841946,0.056223,0.683893,0.112446
"{'classifier__C': 3500, 'classifier__gamma': 0.001, 'classifier__kernel': 'rbf'}",0.832992,0.056019,0.814165,0.061788,0.864923,0.07844,0.662572,0.112813,0.838184,0.057538,0.839544,0.057696,0.679088,0.115391
"{'classifier__C': 3500, 'classifier__gamma': 'auto', 'classifier__kernel': 'rbf'}",0.827174,0.06069,0.832611,0.061166,0.817385,0.078156,0.639813,0.125351,0.824352,0.062809,0.824998,0.0627,0.649996,0.125399
"{'classifier__C': 3750, 'classifier__gamma': 0.5, 'classifier__kernel': 'rbf'}",0.758887,0.053363,0.80259,0.060229,0.682615,0.093444,0.485789,0.113601,0.738115,0.058967,0.742603,0.057492,0.485205,0.114984
"{'classifier__C': 3750, 'classifier__gamma': 0.25, 'classifier__kernel': 'rbf'}",0.773316,0.039261,0.814006,0.055196,0.702462,0.080036,0.517601,0.083946,0.754167,0.043207,0.758234,0.042146,0.516468,0.084293
"{'classifier__C': 3750, 'classifier__gamma': 0.1, 'classifier__kernel': 'rbf'}",0.806841,0.061149,0.825581,0.055461,0.773846,0.097781,0.592755,0.130588,0.798065,0.067938,0.799714,0.066967,0.599428,0.133933
"{'classifier__C': 3750, 'classifier__gamma': 0.075, 'classifier__kernel': 'rbf'}",0.818436,0.057766,0.825634,0.057949,0.805538,0.076819,0.621169,0.119248,0.814885,0.060267,0.815586,0.060076,0.631173,0.120153
"{'classifier__C': 3750, 'classifier__gamma': 0.05, 'classifier__kernel': 'rbf'}",0.828602,0.059439,0.834831,0.05933,0.817385,0.078156,0.642254,0.122835,0.825444,0.061844,0.826108,0.061718,0.652215,0.123435
"{'classifier__C': 3750, 'classifier__gamma': 0.025, 'classifier__kernel': 'rbf'}",0.83734,0.059111,0.837209,0.061416,0.837231,0.070255,0.662546,0.119758,0.836763,0.059991,0.83722,0.059949,0.67444,0.119899
"{'classifier__C': 3750, 'classifier__gamma': 0.01, 'classifier__kernel': 'rbf'}",0.833035,0.061951,0.818975,0.062685,0.857231,0.073801,0.659907,0.125338,0.837477,0.062864,0.838103,0.063074,0.676205,0.126148
"{'classifier__C': 3750, 'classifier__gamma': 0.0075, 'classifier__kernel': 'rbf'}",0.835934,0.060207,0.816649,0.062396,0.869077,0.075559,0.6684,0.121632,0.841867,0.061148,0.842863,0.061439,0.685726,0.122878
"{'classifier__C': 3750, 'classifier__gamma': 0.005, 'classifier__kernel': 'rbf'}",0.838832,0.05451,0.818922,0.056777,0.873077,0.07497,0.674294,0.110092,0.844838,0.056406,0.845999,0.056453,0.691999,0.112907
"{'classifier__C': 3750, 'classifier__gamma': 0.0025, 'classifier__kernel': 'rbf'}",0.834463,0.05633,0.816543,0.058486,0.865077,0.078011,0.66471,0.114493,0.839693,0.058129,0.84081,0.058497,0.68162,0.116994
"{'classifier__C': 3750, 'classifier__gamma': 0.001, 'classifier__kernel': 'rbf'}",0.831543,0.056366,0.811892,0.060328,0.864923,0.07844,0.659813,0.114062,0.83711,0.058147,0.838408,0.058339,0.676815,0.116677
"{'classifier__C': 3750, 'classifier__gamma': 'auto', 'classifier__kernel': 'rbf'}",0.828602,0.059439,0.834831,0.05933,0.817385,0.078156,0.642254,0.122835,0.825444,0.061844,0.826108,0.061718,0.652215,0.123435
"{'classifier__C': 4000, 'classifier__gamma': 0.5, 'classifier__kernel': 'rbf'}",0.758887,0.053755,0.800317,0.061723,0.686615,0.090636,0.486809,0.113062,0.739326,0.058443,0.743466,0.057099,0.486933,0.114199
"{'classifier__C': 4000, 'classifier__gamma': 0.25, 'classifier__kernel': 'rbf'}",0.776215,0.038767,0.818605,0.05524,0.702462,0.080036,0.523031,0.083001,0.756275,0.042868,0.760533,0.041716,0.521066,0.083431
"{'classifier__C': 4000, 'classifier__gamma': 0.1, 'classifier__kernel': 'rbf'}",0.805392,0.062549,0.823256,0.058266,0.773846,0.097781,0.590272,0.132753,0.796922,0.068846,0.798551,0.067929,0.597102,0.135859
"{'classifier__C': 4000, 'classifier__gamma': 0.075, 'classifier__kernel': 'rbf'}",0.815537,0.064872,0.823362,0.062888,0.801538,0.085846,0.61506,0.134334,0.811695,0.068105,0.81245,0.067799,0.6249,0.135598
"{'classifier__C': 4000, 'classifier__gamma': 0.05, 'classifier__kernel': 'rbf'}",0.827153,0.059306,0.832558,0.059488,0.817385,0.078156,0.639695,0.122569,0.8243,0.061661,0.824971,0.061547,0.649943,0.123095
"{'classifier__C': 4000, 'classifier__gamma': 0.025, 'classifier__kernel': 'rbf'}",0.835891,0.058117,0.834937,0.059959,0.837231,0.070255,0.659911,0.118436,0.835623,0.059204,0.836084,0.05917,0.672167,0.11834
"{'classifier__C': 4000, 'classifier__gamma': 0.01, 'classifier__kernel': 'rbf'}",0.833035,0.061951,0.818975,0.062685,0.857231,0.073801,0.659907,0.125338,0.837477,0.062864,0.838103,0.063074,0.676205,0.126148
"{'classifier__C': 4000, 'classifier__gamma': 0.0075, 'classifier__kernel': 'rbf'}",0.838853,0.060678,0.821247,0.062201,0.869077,0.075559,0.673292,0.122531,0.84428,0.061736,0.845162,0.061979,0.690324,0.123957
"{'classifier__C': 4000, 'classifier__gamma': 0.005, 'classifier__kernel': 'rbf'}",0.837383,0.05763,0.818922,0.056777,0.869077,0.079681,0.670484,0.117725,0.842968,0.060089,0.843999,0.06036,0.687999,0.12072
"{'classifier__C': 4000, 'classifier__gamma': 0.0025, 'classifier__kernel': 'rbf'}",0.834484,0.057761,0.816543,0.058486,0.865077,0.078011,0.664516,0.117398,0.839798,0.059636,0.84081,0.059992,0.68162,0.119984
"{'classifier__C': 4000, 'classifier__gamma': 0.001, 'classifier__kernel': 'rbf'}",0.830094,0.059564,0.811892,0.060328,0.860923,0.084476,0.65603,0.122127,0.83519,0.062166,0.836408,0.062525,0.672815,0.12505
"{'classifier__C': 4000, 'classifier__gamma': 'auto', 'classifier__kernel': 'rbf'}",0.827153,0.059306,0.832558,0.059488,0.817385,0.078156,0.639695,0.122569,0.8243,0.061661,0.824971,0.061547,0.649943,0.123095
"{'classifier__C': 4250, 'classifier__gamma': 0.5, 'classifier__kernel': 'rbf'}",0.75454,0.051004,0.795772,0.056688,0.682615,0.089955,0.477546,0.109344,0.735153,0.056615,0.739194,0.055233,0.478387,0.110467
"{'classifier__C': 4250, 'classifier__gamma': 0.25, 'classifier__kernel': 'rbf'}",0.780584,0.031025,0.818605,0.051175,0.714308,0.073047,0.533508,0.065555,0.762751,0.034682,0.766456,0.033421,0.532912,0.066842
"{'classifier__C': 4250, 'classifier__gamma': 0.1, 'classifier__kernel': 'rbf'}",0.806841,0.061149,0.823256,0.058266,0.777692,0.096762,0.593861,0.129749,0.798837,0.067416,0.800474,0.066429,0.600948,0.132857
"{'classifier__C': 4250, 'classifier__gamma': 0.075, 'classifier__kernel': 'rbf'}",0.819885,0.066859,0.830233,0.065417,0.801538,0.085846,0.623042,0.138323,0.815114,0.069743,0.815886,0.06941,0.631771,0.138821
"{'classifier__C': 4250, 'classifier__gamma': 0.05, 'classifier__kernel': 'rbf'}",0.825703,0.05878,0.830285,0.058686,0.817231,0.076583,0.636886,0.121581,0.823155,0.061056,0.823758,0.06096,0.647516,0.121919
"{'classifier__C': 4250, 'classifier__gamma': 0.025, 'classifier__kernel': 'rbf'}",0.834442,0.060983,0.834937,0.059959,0.833231,0.077573,0.656202,0.125813,0.833584,0.063239,0.834084,0.063142,0.668167,0.126283
"{'classifier__C': 4250, 'classifier__gamma': 0.01, 'classifier__kernel': 'rbf'}",0.834484,0.061601,0.821247,0.062201,0.857231,0.073801,0.662385,0.124691,0.838636,0.06259,0.839239,0.062798,0.678478,0.125597
"{'classifier__C': 4250, 'classifier__gamma': 0.0075, 'classifier__kernel': 'rbf'}",0.835955,0.06423,0.818975,0.062685,0.865077,0.08201,0.66703,0.131215,0.841201,0.066071,0.842026,0.066468,0.684052,0.132935
"{'classifier__C': 4250, 'classifier__gamma': 0.005, 'classifier__kernel': 'rbf'}",0.837383,0.057265,0.818922,0.056777,0.869077,0.077647,0.670462,0.116629,0.843015,0.059426,0.843999,0.059694,0.687999,0.119388
"{'classifier__C': 4250, 'classifier__gamma': 0.0025, 'classifier__kernel': 'rbf'}",0.835934,0.057714,0.816543,0.058486,0.869077,0.075559,0.668045,0.116873,0.841824,0.059279,0.84281,0.059612,0.68562,0.119224
"{'classifier__C': 4250, 'classifier__gamma': 0.001, 'classifier__kernel': 'rbf'}",0.831543,0.059272,0.811892,0.060328,0.864923,0.080454,0.659547,0.120848,0.837267,0.061277,0.838408,0.061657,0.676815,0.123314
"{'classifier__C': 4250, 'classifier__gamma': 'auto', 'classifier__kernel': 'rbf'}",0.825703,0.05878,0.830285,0.058686,0.817231,0.076583,0.636886,0.121581,0.823155,0.061056,0.823758,0.06096,0.647516,0.121919
"{'classifier__C': 4500, 'classifier__gamma': 0.5, 'classifier__kernel': 'rbf'}",0.75454,0.051414,0.793499,0.058006,0.686615,0.087034,0.478649,0.109255,0.736377,0.05596,0.740057,0.054878,0.480114,0.109757
"{'classifier__C': 4500, 'classifier__gamma': 0.25, 'classifier__kernel': 'rbf'}",0.780584,0.03235,0.816332,0.051645,0.718308,0.069896,0.534337,0.067666,0.763996,0.034805,0.76732,0.033913,0.53464,0.067825
"{'classifier__C': 4500, 'classifier__gamma': 0.1, 'classifier__kernel': 'rbf'}",0.805371,0.060192,0.82093,0.058127,0.777692,0.096762,0.591326,0.1279,0.797637,0.066446,0.799311,0.065496,0.598623,0.130992
"{'classifier__C': 4500, 'classifier__gamma': 0.075, 'classifier__kernel': 'rbf'}",0.814066,0.066728,0.825581,0.066401,0.793538,0.089275,0.610925,0.13837,0.808537,0.069933,0.80956,0.069575,0.61912,0.13915
"{'classifier__C': 4500, 'classifier__gamma': 0.05, 'classifier__kernel': 'rbf'}",0.825725,0.061215,0.830338,0.062902,0.817231,0.076583,0.637257,0.125914,0.82316,0.062834,0.823785,0.062744,0.647569,0.125488
"{'classifier__C': 4500, 'classifier__gamma': 0.025, 'classifier__kernel': 'rbf'}",0.831543,0.06233,0.830338,0.063718,0.833231,0.077573,0.651385,0.127611,0.831199,0.063998,0.831785,0.063884,0.663569,0.127767
"{'classifier__C': 4500, 'classifier__gamma': 0.01, 'classifier__kernel': 'rbf'}",0.835934,0.063901,0.821247,0.062201,0.861231,0.078056,0.665726,0.129878,0.840627,0.06558,0.841239,0.065775,0.682478,0.131549
"{'classifier__C': 4500, 'classifier__gamma': 0.0075, 'classifier__kernel': 'rbf'}",0.835955,0.06423,0.818975,0.062685,0.865077,0.08201,0.66703,0.131215,0.841201,0.066071,0.842026,0.066468,0.684052,0.132935
"{'classifier__C': 4500, 'classifier__gamma': 0.005, 'classifier__kernel': 'rbf'}",0.838832,0.056775,0.818922,0.056777,0.873077,0.072804,0.673979,0.114849,0.845092,0.058217,0.845999,0.058525,0.691999,0.11705
"{'classifier__C': 4500, 'classifier__gamma': 0.0025, 'classifier__kernel': 'rbf'}",0.837383,0.054637,0.816543,0.058486,0.873077,0.070572,0.671855,0.109266,0.843694,0.055581,0.84481,0.055696,0.68962,0.111391
"{'classifier__C': 4500, 'classifier__gamma': 0.001, 'classifier__kernel': 'rbf'}",0.830094,0.062657,0.811892,0.060328,0.860923,0.088183,0.65578,0.129549,0.835293,0.065797,0.836408,0.066239,0.672815,0.132478
"{'classifier__C': 4500, 'classifier__gamma': 'auto', 'classifier__kernel': 'rbf'}",0.825725,0.061215,0.830338,0.062902,0.817231,0.076583,0.637257,0.125914,0.82316,0.062834,0.823785,0.062744,0.647569,0.125488
"{'classifier__C': 4750, 'classifier__gamma': 0.5, 'classifier__kernel': 'rbf'}",0.748743,0.05552,0.791226,0.060074,0.674615,0.098335,0.465228,0.1198,0.728408,0.062408,0.732921,0.060576,0.465842,0.121152
"{'classifier__C': 4750, 'classifier__gamma': 0.25, 'classifier__kernel': 'rbf'}",0.779135,0.031234,0.814059,0.046785,0.718308,0.069896,0.530902,0.066003,0.763078,0.035339,0.766183,0.03413,0.532367,0.068261
"{'classifier__C': 4750, 'classifier__gamma': 0.1, 'classifier__kernel': 'rbf'}",0.80682,0.060498,0.823203,0.058419,0.777692,0.096762,0.593937,0.128421,0.798753,0.066721,0.800448,0.065754,0.600895,0.131508
"{'classifier__C': 4750, 'classifier__gamma': 0.075, 'classifier__kernel': 'rbf'}",0.812617,0.061356,0.823309,0.059662,0.793538,0.089275,0.608004,0.128708,0.80731,0.065782,0.808424,0.065248,0.616847,0.130496
"{'classifier__C': 4750, 'classifier__gamma': 0.05, 'classifier__kernel': 'rbf'}",0.825725,0.061215,0.830338,0.062902,0.817231,0.076583,0.637257,0.125914,0.82316,0.062834,0.823785,0.062744,0.647569,0.125488
"{'classifier__C': 4750, 'classifier__gamma': 0.025, 'classifier__kernel': 'rbf'}",0.830094,0.065236,0.828066,0.067638,0.833231,0.077573,0.649011,0.132456,0.830091,0.066258,0.830648,0.066212,0.661296,0.132423
"{'classifier__C': 4750, 'classifier__gamma': 0.01, 'classifier__kernel': 'rbf'}",0.835934,0.063901,0.821247,0.062201,0.861231,0.078056,0.665726,0.129878,0.840627,0.06558,0.841239,0.065775,0.682478,0.131549
"{'classifier__C': 4750, 'classifier__gamma': 0.0075, 'classifier__kernel': 'rbf'}",0.834484,0.062279,0.818975,0.062685,0.861077,0.076094,0.663471,0.126377,0.839302,0.063422,0.840026,0.063676,0.680052,0.127352
"{'classifier__C': 4750, 'classifier__gamma': 0.005, 'classifier__kernel': 'rbf'}",0.838832,0.056775,0.818922,0.056777,0.873077,0.072804,0.673979,0.114849,0.845092,0.058217,0.845999,0.058525,0.691999,0.11705
"{'classifier__C': 4750, 'classifier__gamma': 0.0025, 'classifier__kernel': 'rbf'}",0.837383,0.054637,0.816543,0.058486,0.873077,0.070572,0.671855,0.109266,0.843694,0.055581,0.84481,0.055696,0.68962,0.111391
"{'classifier__C': 4750, 'classifier__gamma': 0.001, 'classifier__kernel': 'rbf'}",0.828645,0.0629,0.811892,0.060328,0.856923,0.091693,0.652263,0.130641,0.833216,0.066564,0.834408,0.066988,0.668815,0.133976
"{'classifier__C': 4750, 'classifier__gamma': 'auto', 'classifier__kernel': 'rbf'}",0.825725,0.061215,0.830338,0.062902,0.817231,0.076583,0.637257,0.125914,0.82316,0.062834,0.823785,0.062744,0.647569,0.125488
"{'classifier__C': 5000, 'classifier__gamma': 0.5, 'classifier__kernel': 'rbf'}",0.747293,0.052452,0.793499,0.057109,0.666769,0.093942,0.460522,0.113544,0.725335,0.059145,0.730134,0.057323,0.460268,0.114646
"{'classifier__C': 5000, 'classifier__gamma': 0.25, 'classifier__kernel': 'rbf'}",0.777685,0.031375,0.811734,0.04615,0.718308,0.069896,0.528145,0.066397,0.762014,0.035536,0.765021,0.034357,0.530041,0.068713
"{'classifier__C': 5000, 'classifier__gamma': 0.1, 'classifier__kernel': 'rbf'}",0.8039,0.058816,0.82093,0.056235,0.773692,0.096584,0.587673,0.125585,0.795571,0.06531,0.797311,0.064409,0.594623,0.128817
"{'classifier__C': 5000, 'classifier__gamma': 0.075, 'classifier__kernel': 'rbf'}",0.814066,0.060798,0.825581,0.058104,0.793538,0.089275,0.610456,0.127913,0.808458,0.065504,0.80956,0.064952,0.61912,0.129905
"{'classifier__C': 5000, 'classifier__gamma': 0.05, 'classifier__kernel': 'rbf'}",0.824254,0.05964,0.828013,0.060406,0.817231,0.076583,0.634434,0.122946,0.822007,0.061629,0.822622,0.061538,0.645243,0.123075
"{'classifier__C': 5000, 'classifier__gamma': 0.025, 'classifier__kernel': 'rbf'}",0.830094,0.065236,0.828066,0.067638,0.833231,0.077573,0.649011,0.132456,0.830091,0.066258,0.830648,0.066212,0.661296,0.132423
"{'classifier__C': 5000, 'classifier__gamma': 0.01, 'classifier__kernel': 'rbf'}",0.837383,0.060791,0.82352,0.057286,0.861231,0.078056,0.668021,0.125052,0.841786,0.063155,0.842375,0.063396,0.684751,0.126791
"{'classifier__C': 5000, 'classifier__gamma': 0.0075, 'classifier__kernel': 'rbf'}",0.834484,0.062279,0.818975,0.062685,0.861077,0.076094,0.663471,0.126377,0.839302,0.063422,0.840026,0.063676,0.680052,0.127352
"{'classifier__C': 5000, 'classifier__gamma': 0.005, 'classifier__kernel': 'rbf'}",0.838832,0.056775,0.818922,0.056777,0.873077,0.072804,0.673979,0.114849,0.845092,0.058217,0.845999,0.058525,0.691999,0.11705
"{'classifier__C': 5000, 'classifier__gamma': 0.0025, 'classifier__kernel': 'rbf'}",0.838832,0.053734,0.818869,0.057871,0.873077,0.070572,0.67439,0.1075,0.844861,0.05475,0.845973,0.054846,0.691946,0.109692
"{'classifier__C': 5000, 'classifier__gamma': 0.001, 'classifier__kernel': 'rbf'}",0.827195,0.063441,0.809619,0.060476,0.856923,0.091693,0.649736,0.131768,0.832085,0.06706,0.833271,0.067502,0.666543,0.135005
"{'classifier__C': 5000, 'classifier__gamma': 'auto', 'classifier__kernel': 'rbf'}",0.824254,0.05964,0.828013,0.060406,0.817231,0.076583,0.634434,0.122946,0.822007,0.061629,0.822622,0.061538,0.645243,0.123075
"{'classifier__C': 5250, 'classifier__gamma': 0.5, 'classifier__kernel': 'rbf'}",0.742945,0.052747,0.791226,0.059208,0.658769,0.095862,0.45097,0.113775,0.71972,0.059347,0.724998,0.057578,0.449995,0.115155
"{'classifier__C': 5250, 'classifier__gamma': 0.25, 'classifier__kernel': 'rbf'}",0.779156,0.033745,0.816385,0.047297,0.714462,0.07224,0.530072,0.071221,0.762106,0.038274,0.765423,0.036901,0.530846,0.073802
"{'classifier__C': 5250, 'classifier__gamma': 0.1, 'classifier__kernel': 'rbf'}",0.802451,0.062929,0.820877,0.060838,0.769846,0.097447,0.584386,0.13359,0.793625,0.068621,0.795362,0.067818,0.590724,0.135636
"{'classifier__C': 5250, 'classifier__gamma': 0.075, 'classifier__kernel': 'rbf'}",0.814066,0.060798,0.825581,0.058104,0.793538,0.089275,0.610456,0.127913,0.808458,0.065504,0.80956,0.064952,0.61912,0.129905
"{'classifier__C': 5250, 'classifier__gamma': 0.05, 'classifier__kernel': 'rbf'}",0.822805,0.057606,0.82574,0.057679,0.817231,0.076583,0.63171,0.119122,0.820857,0.059976,0.821485,0.059913,0.642971,0.119826
"{'classifier__C': 5250, 'classifier__gamma': 0.025, 'classifier__kernel': 'rbf'}",0.828645,0.06547,0.82574,0.069264,0.833231,0.077573,0.646644,0.132518,0.828852,0.066246,0.829485,0.06618,0.658971,0.132361
"{'classifier__C': 5250, 'classifier__gamma': 0.01, 'classifier__kernel': 'rbf'}",0.837383,0.060791,0.82352,0.057286,0.861231,0.078056,0.668021,0.125052,0.841786,0.063155,0.842375,0.063396,0.684751,0.126791
"{'classifier__C': 5250, 'classifier__gamma': 0.0075, 'classifier__kernel': 'rbf'}",0.833035,0.061951,0.818975,0.062685,0.857231,0.073801,0.659907,0.125338,0.837477,0.062864,0.838103,0.063074,0.676205,0.126148
"{'classifier__C': 5250, 'classifier__gamma': 0.005, 'classifier__kernel': 'rbf'}",0.834484,0.058123,0.816649,0.057214,0.865077,0.080036,0.664402,0.118799,0.839858,0.060524,0.840863,0.060827,0.681726,0.121654
"{'classifier__C': 5250, 'classifier__gamma': 0.0025, 'classifier__kernel': 'rbf'}",0.838832,0.053734,0.818869,0.057871,0.873077,0.070572,0.67439,0.1075,0.844861,0.05475,0.845973,0.054846,0.691946,0.109692
"{'classifier__C': 5250, 'classifier__gamma': 0.001, 'classifier__kernel': 'rbf'}",0.828645,0.06017,0.809619,0.060476,0.860923,0.084476,0.653503,0.123408,0.834059,0.062732,0.835271,0.063112,0.670543,0.126224
"{'classifier__C': 5250, 'classifier__gamma': 'auto', 'classifier__kernel': 'rbf'}",0.822805,0.057606,0.82574,0.057679,0.817231,0.076583,0.63171,0.119122,0.820857,0.059976,0.821485,0.059913,0.642971,0.119826
"{'classifier__C': 5500, 'classifier__gamma': 0.5, 'classifier__kernel': 'rbf'}",0.738598,0.057268,0.788953,0.062818,0.650769,0.101911,0.441183,0.123353,0.714068,0.064583,0.719861,0.062462,0.439723,0.124924
"{'classifier__C': 5500, 'classifier__gamma': 0.25, 'classifier__kernel': 'rbf'}",0.776257,0.035753,0.814059,0.046785,0.710462,0.075088,0.523655,0.076379,0.758876,0.040944,0.76226,0.039525,0.524521,0.07905
"{'classifier__C': 5500, 'classifier__gamma': 0.1, 'classifier__kernel': 'rbf'}",0.8039,0.062956,0.82315,0.061119,0.769846,0.097447,0.587046,0.133531,0.794713,0.068619,0.796498,0.067799,0.592996,0.135597
"{'classifier__C': 5500, 'classifier__gamma': 0.075, 'classifier__kernel': 'rbf'}",0.814066,0.060798,0.825581,0.058104,0.793538,0.089275,0.610456,0.127913,0.808458,0.065504,0.80956,0.064952,0.61912,0.129905
"{'classifier__C': 5500, 'classifier__gamma': 0.05, 'classifier__kernel': 'rbf'}",0.821355,0.059126,0.82352,0.059062,0.817231,0.076583,0.629147,0.121876,0.819797,0.061293,0.820375,0.061216,0.640751,0.122433
"{'classifier__C': 5500, 'classifier__gamma': 0.025, 'classifier__kernel': 'rbf'}",0.828623,0.063891,0.828013,0.067079,0.829231,0.076075,0.645453,0.129687,0.828043,0.064789,0.828622,0.064743,0.657243,0.129487
"{'classifier__C': 5500, 'classifier__gamma': 0.01, 'classifier__kernel': 'rbf'}",0.838853,0.06272,0.828118,0.058442,0.857231,0.078016,0.669403,0.129053,0.84227,0.064989,0.842675,0.06521,0.685349,0.130421
"{'classifier__C': 5500, 'classifier__gamma': 0.0075, 'classifier__kernel': 'rbf'}",0.833035,0.061951,0.818975,0.062685,0.857231,0.073801,0.659907,0.125338,0.837477,0.062864,0.838103,0.063074,0.676205,0.126148
"{'classifier__C': 5500, 'classifier__gamma': 0.005, 'classifier__kernel': 'rbf'}",0.835934,0.060207,0.818922,0.061157,0.865077,0.080036,0.667239,0.122674,0.840994,0.062004,0.841999,0.062282,0.683999,0.124564
"{'classifier__C': 5500, 'classifier__gamma': 0.0025, 'classifier__kernel': 'rbf'}",0.838832,0.053734,0.818869,0.057871,0.873077,0.070572,0.67439,0.1075,0.844861,0.05475,0.845973,0.054846,0.691946,0.109692
"{'classifier__C': 5500, 'classifier__gamma': 0.001, 'classifier__kernel': 'rbf'}",0.828645,0.058398,0.811945,0.059244,0.856923,0.082508,0.652429,0.119856,0.833314,0.06072,0.834434,0.061172,0.668868,0.122345
"{'classifier__C': 5500, 'classifier__gamma': 'auto', 'classifier__kernel': 'rbf'}",0.821355,0.059126,0.82352,0.059062,0.817231,0.076583,0.629147,0.121876,0.819797,0.061293,0.820375,0.061216,0.640751,0.122433
"{'classifier__C': 5750, 'classifier__gamma': 0.5, 'classifier__kernel': 'rbf'}",0.740047,0.060993,0.788953,0.064442,0.654769,0.103748,0.444723,0.131313,0.716392,0.068294,0.721861,0.066173,0.443723,0.132345
"{'classifier__C': 5750, 'classifier__gamma': 0.25, 'classifier__kernel': 'rbf'}",0.779177,0.036029,0.816385,0.044952,0.714615,0.083648,0.530036,0.079118,0.761891,0.043719,0.7655,0.041814,0.531,0.083629
"{'classifier__C': 5750, 'classifier__gamma': 0.1, 'classifier__kernel': 'rbf'}",0.803922,0.063583,0.820877,0.058236,0.773846,0.102573,0.58759,0.136095,0.795626,0.070475,0.797362,0.069679,0.594724,0.139358
"{'classifier__C': 5750, 'classifier__gamma': 0.075, 'classifier__kernel': 'rbf'}",0.812617,0.058193,0.825581,0.053475,0.789692,0.089411,0.606699,0.123848,0.806485,0.063804,0.807637,0.063089,0.615274,0.126179
"{'classifier__C': 5750, 'classifier__gamma': 0.05, 'classifier__kernel': 'rbf'}",0.821355,0.057688,0.823467,0.057484,0.817231,0.076583,0.629099,0.11939,0.819741,0.060082,0.820349,0.060029,0.640698,0.120059
"{'classifier__C': 5750, 'classifier__gamma': 0.025, 'classifier__kernel': 'rbf'}",0.828623,0.063891,0.828013,0.067079,0.829231,0.076075,0.645453,0.129687,0.828043,0.064789,0.828622,0.064743,0.657243,0.129487
"{'classifier__C': 5750, 'classifier__gamma': 0.01, 'classifier__kernel': 'rbf'}",0.838853,0.06272,0.828118,0.058442,0.857231,0.078016,0.669403,0.129053,0.84227,0.064989,0.842675,0.06521,0.685349,0.130421
"{'classifier__C': 5750, 'classifier__gamma': 0.0075, 'classifier__kernel': 'rbf'}",0.835934,0.058405,0.818975,0.062685,0.865231,0.064396,0.667272,0.116066,0.841394,0.058089,0.842103,0.058116,0.684205,0.116233
"{'classifier__C': 5750, 'classifier__gamma': 0.005, 'classifier__kernel': 'rbf'}",0.835934,0.060207,0.818922,0.061157,0.865077,0.080036,0.667239,0.122674,0.840994,0.062004,0.841999,0.062282,0.683999,0.124564
"{'classifier__C': 5750, 'classifier__gamma': 0.0025, 'classifier__kernel': 'rbf'}",0.838832,0.053734,0.818869,0.057871,0.873077,0.070572,0.67439,0.1075,0.844861,0.05475,0.845973,0.054846,0.691946,0.109692
"{'classifier__C': 5750, 'classifier__gamma': 0.001, 'classifier__kernel': 'rbf'}",0.830115,0.058805,0.811945,0.059244,0.860923,0.086349,0.656199,0.121452,0.835149,0.061555,0.836434,0.062143,0.672868,0.124285
"{'classifier__C': 5750, 'classifier__gamma': 'auto', 'classifier__kernel': 'rbf'}",0.821355,0.057688,0.823467,0.057484,0.817231,0.076583,0.629099,0.11939,0.819741,0.060082,0.820349,0.060029,0.640698,0.120059
"{'classifier__C': 6000, 'classifier__gamma': 0.5, 'classifier__kernel': 'rbf'}",0.738576,0.061538,0.788901,0.067748,0.650769,0.097087,0.44141,0.131095,0.714401,0.066771,0.719835,0.064974,0.43967,0.129949
"{'classifier__C': 6000, 'classifier__gamma': 0.25, 'classifier__kernel': 'rbf'}",0.777749,0.039922,0.814112,0.0465,0.714615,0.09272,0.527557,0.089124,0.760559,0.048707,0.764364,0.047038,0.528727,0.094077
"{'classifier__C': 6000, 'classifier__gamma': 0.1, 'classifier__kernel': 'rbf'}",0.8039,0.062285,0.820825,0.06017,0.773846,0.102573,0.58805,0.133104,0.795395,0.068839,0.797335,0.068087,0.594671,0.136174
"{'classifier__C': 6000, 'classifier__gamma': 0.075, 'classifier__kernel': 'rbf'}",0.809719,0.058532,0.823256,0.054427,0.785692,0.089755,0.600597,0.124441,0.80327,0.063997,0.804474,0.063329,0.608948,0.126658
"{'classifier__C': 6000, 'classifier__gamma': 0.05, 'classifier__kernel': 'rbf'}",0.819906,0.057733,0.823467,0.057484,0.813385,0.074026,0.625519,0.119059,0.817903,0.059827,0.818426,0.059752,0.636852,0.119503
"{'classifier__C': 6000, 'classifier__gamma': 0.025, 'classifier__kernel': 'rbf'}",0.830072,0.063652,0.830338,0.065319,0.829231,0.076075,0.64782,0.129646,0.829283,0.064817,0.829785,0.064791,0.659569,0.129582
"{'classifier__C': 6000, 'classifier__gamma': 0.01, 'classifier__kernel': 'rbf'}",0.838853,0.06272,0.828118,0.058442,0.857231,0.078016,0.669403,0.129053,0.84227,0.064989,0.842675,0.06521,0.685349,0.130421
"{'classifier__C': 6000, 'classifier__gamma': 0.0075, 'classifier__kernel': 'rbf'}",0.835934,0.058405,0.818975,0.062685,0.865231,0.064396,0.667272,0.116066,0.841394,0.058089,0.842103,0.058116,0.684205,0.116233
"{'classifier__C': 6000, 'classifier__gamma': 0.005, 'classifier__kernel': 'rbf'}",0.834484,0.058123,0.818922,0.061157,0.861077,0.078169,0.663927,0.118198,0.838959,0.059466,0.839999,0.059828,0.679999,0.119656
"{'classifier__C': 6000, 'classifier__gamma': 0.0025, 'classifier__kernel': 'rbf'}",0.838832,0.053734,0.818869,0.057871,0.873077,0.070572,0.67439,0.1075,0.844861,0.05475,0.845973,0.054846,0.691946,0.109692
"{'classifier__C': 6000, 'classifier__gamma': 0.001, 'classifier__kernel': 'rbf'}",0.831564,0.055562,0.811945,0.059244,0.864923,0.080454,0.659983,0.113334,0.837069,0.057496,0.838434,0.057928,0.676868,0.115855
"{'classifier__C': 6000, 'classifier__gamma': 'auto', 'classifier__kernel': 'rbf'}",0.819906,0.057733,0.823467,0.057484,0.813385,0.074026,0.625519,0.119059,0.817903,0.059827,0.818426,0.059752,0.636852,0.119503
"{'classifier__C': 6250, 'classifier__gamma': 0.5, 'classifier__kernel': 'rbf'}",0.738576,0.061538,0.788901,0.067748,0.650769,0.097087,0.44141,0.131095,0.714401,0.066771,0.719835,0.064974,0.43967,0.129949
"{'classifier__C': 6250, 'classifier__gamma': 0.25, 'classifier__kernel': 'rbf'}",0.7763,0.042528,0.811839,0.050002,0.714615,0.09272,0.525097,0.093291,0.759501,0.050256,0.763227,0.048805,0.526455,0.097609
"{'classifier__C': 6250, 'classifier__gamma': 0.1, 'classifier__kernel': 'rbf'}",0.8039,0.062285,0.820825,0.06017,0.773846,0.102573,0.58805,0.133104,0.795395,0.068839,0.797335,0.068087,0.594671,0.136174
"{'classifier__C': 6250, 'classifier__gamma': 0.075, 'classifier__kernel': 'rbf'}",0.809719,0.058532,0.823256,0.054427,0.785692,0.089755,0.600597,0.124441,0.80327,0.063997,0.804474,0.063329,0.608948,0.126658
"{'classifier__C': 6250, 'classifier__gamma': 0.05, 'classifier__kernel': 'rbf'}",0.819906,0.057733,0.823467,0.057484,0.813385,0.074026,0.625519,0.119059,0.817903,0.059827,0.818426,0.059752,0.636852,0.119503
"{'classifier__C': 6250, 'classifier__gamma': 0.025, 'classifier__kernel': 'rbf'}",0.831522,0.064039,0.832611,0.067585,0.829231,0.076075,0.650812,0.13006,0.830328,0.064755,0.830921,0.064765,0.661842,0.129529
"{'classifier__C': 6250, 'classifier__gamma': 0.01, 'classifier__kernel': 'rbf'}",0.838853,0.06272,0.828118,0.058442,0.857231,0.078016,0.669403,0.129053,0.84227,0.064989,0.842675,0.06521,0.685349,0.130421
"{'classifier__C': 6250, 'classifier__gamma': 0.0075, 'classifier__kernel': 'rbf'}",0.837383,0.057961,0.821247,0.062201,0.865231,0.064396,0.66975,0.11521,0.842554,0.057713,0.843239,0.057738,0.686478,0.115477
"{'classifier__C': 6250, 'classifier__gamma': 0.005, 'classifier__kernel': 'rbf'}",0.834484,0.058123,0.818922,0.061157,0.861077,0.078169,0.663927,0.118198,0.838959,0.059466,0.839999,0.059828,0.679999,0.119656
"{'classifier__C': 6250, 'classifier__gamma': 0.0025, 'classifier__kernel': 'rbf'}",0.837383,0.053862,0.816596,0.057406,0.873077,0.070572,0.671831,0.10796,0.843717,0.054949,0.844837,0.055066,0.689673,0.110132
"{'classifier__C': 6250, 'classifier__gamma': 0.001, 'classifier__kernel': 'rbf'}",0.833014,0.055211,0.811945,0.059244,0.868923,0.076009,0.663501,0.111831,0.839146,0.056464,0.840434,0.056918,0.680868,0.113837
"{'classifier__C': 6250, 'classifier__gamma': 'auto', 'classifier__kernel': 'rbf'}",0.819906,0.057733,0.823467,0.057484,0.813385,0.074026,0.625519,0.119059,0.817903,0.059827,0.818426,0.059752,0.636852,0.119503
"{'classifier__C': 6500, 'classifier__gamma': 0.5, 'classifier__kernel': 'rbf'}",0.738576,0.060157,0.788901,0.067748,0.650923,0.093339,0.441561,0.127324,0.714563,0.064667,0.719912,0.062927,0.439824,0.125854
"{'classifier__C': 6500, 'classifier__gamma': 0.25, 'classifier__kernel': 'rbf'}",0.777749,0.04147,0.816385,0.051386,0.710615,0.089766,0.527099,0.090482,0.759515,0.048194,0.7635,0.046903,0.527,0.093807
"{'classifier__C': 6500, 'classifier__gamma': 0.1, 'classifier__kernel': 'rbf'}",0.803879,0.061304,0.820772,0.062004,0.773846,0.102573,0.588499,0.130786,0.795197,0.067482,0.797309,0.066796,0.594618,0.133593
"{'classifier__C': 6500, 'classifier__gamma': 0.075, 'classifier__kernel': 'rbf'}",0.806841,0.061832,0.825581,0.055461,0.773846,0.094452,0.592535,0.131741,0.798296,0.067901,0.799714,0.067129,0.599428,0.134259
"{'classifier__C': 6500, 'classifier__gamma': 0.05, 'classifier__kernel': 'rbf'}",0.818457,0.058104,0.821142,0.058286,0.813385,0.074026,0.622985,0.119625,0.816736,0.060067,0.817263,0.060001,0.634526,0.120002
"{'classifier__C': 6500, 'classifier__gamma': 0.025, 'classifier__kernel': 'rbf'}",0.831522,0.064039,0.832611,0.067585,0.829231,0.076075,0.650812,0.13006,0.830328,0.064755,0.830921,0.064765,0.661842,0.129529
"{'classifier__C': 6500, 'classifier__gamma': 0.01, 'classifier__kernel': 'rbf'}",0.838853,0.06272,0.828118,0.058442,0.857231,0.078016,0.669403,0.129053,0.84227,0.064989,0.842675,0.06521,0.685349,0.130421
"{'classifier__C': 6500, 'classifier__gamma': 0.0075, 'classifier__kernel': 'rbf'}",0.835934,0.061215,0.821247,0.062201,0.861231,0.071643,0.665966,0.123504,0.840634,0.061929,0.841239,0.062121,0.682478,0.124242
"{'classifier__C': 6500, 'classifier__gamma': 0.005, 'classifier__kernel': 'rbf'}",0.837383,0.059777,0.821195,0.060663,0.865077,0.080036,0.669717,0.121864,0.842154,0.061659,0.843136,0.061931,0.686271,0.123863
"{'classifier__C': 6500, 'classifier__gamma': 0.0025, 'classifier__kernel': 'rbf'}",0.837383,0.053862,0.816596,0.057406,0.873077,0.070572,0.671831,0.10796,0.843717,0.054949,0.844837,0.055066,0.689673,0.110132
"{'classifier__C': 6500, 'classifier__gamma': 0.001, 'classifier__kernel': 'rbf'}",0.834463,0.054818,0.814271,0.058819,0.868923,0.076009,0.665986,0.11112,0.84034,0.056129,0.841597,0.056575,0.683194,0.113149
"{'classifier__C': 6500, 'classifier__gamma': 'auto', 'classifier__kernel': 'rbf'}",0.818457,0.058104,0.821142,0.058286,0.813385,0.074026,0.622985,0.119625,0.816736,0.060067,0.817263,0.060001,0.634526,0.120002
"{'classifier__C': 6570, 'classifier__gamma': 0.5, 'classifier__kernel': 'rbf'}",0.738576,0.060157,0.788901,0.067748,0.650923,0.093339,0.441561,0.127324,0.714563,0.064667,0.719912,0.062927,0.439824,0.125854
"{'classifier__C': 6570, 'classifier__gamma': 0.25, 'classifier__kernel': 'rbf'}",0.776279,0.040594,0.816385,0.051386,0.706615,0.082746,0.523362,0.087051,0.757626,0.046038,0.7615,0.044666,0.523,0.089332
"{'classifier__C': 6570, 'classifier__gamma': 0.1, 'classifier__kernel': 'rbf'}",0.803879,0.061304,0.820772,0.062004,0.773846,0.102573,0.588499,0.130786,0.795197,0.067482,0.797309,0.066796,0.594618,0.133593
"{'classifier__C': 6570, 'classifier__gamma': 0.075, 'classifier__kernel': 'rbf'}",0.806841,0.061832,0.825581,0.055461,0.773846,0.094452,0.592535,0.131741,0.798296,0.067901,0.799714,0.067129,0.599428,0.134259
"{'classifier__C': 6570, 'classifier__gamma': 0.05, 'classifier__kernel': 'rbf'}",0.819906,0.058095,0.823414,0.058569,0.813385,0.074026,0.625595,0.119492,0.817852,0.060017,0.818399,0.059943,0.636799,0.119886
"{'classifier__C': 6570, 'classifier__gamma': 0.025, 'classifier__kernel': 'rbf'}",0.828623,0.064219,0.830338,0.066882,0.825231,0.078519,0.64459,0.131039,0.82715,0.06541,0.827785,0.065402,0.655569,0.130803
"{'classifier__C': 6570, 'classifier__gamma': 0.01, 'classifier__kernel': 'rbf'}",0.838853,0.06272,0.828118,0.058442,0.857231,0.078016,0.669403,0.129053,0.84227,0.064989,0.842675,0.06521,0.685349,0.130421
"{'classifier__C': 6570, 'classifier__gamma': 0.0075, 'classifier__kernel': 'rbf'}",0.835934,0.061215,0.821247,0.062201,0.861231,0.071643,0.665966,0.123504,0.840634,0.061929,0.841239,0.062121,0.682478,0.124242
"{'classifier__C': 6570, 'classifier__gamma': 0.005, 'classifier__kernel': 'rbf'}",0.837383,0.059777,0.821195,0.060663,0.865077,0.080036,0.669717,0.121864,0.842154,0.061659,0.843136,0.061931,0.686271,0.123863
"{'classifier__C': 6570, 'classifier__gamma': 0.0025, 'classifier__kernel': 'rbf'}",0.837383,0.053862,0.816596,0.057406,0.873077,0.070572,0.671831,0.10796,0.843717,0.054949,0.844837,0.055066,0.689673,0.110132
"{'classifier__C': 6570, 'classifier__gamma': 0.001, 'classifier__kernel': 'rbf'}",0.834463,0.054818,0.814271,0.058819,0.868923,0.076009,0.665986,0.11112,0.84034,0.056129,0.841597,0.056575,0.683194,0.113149
"{'classifier__C': 6570, 'classifier__gamma': 'auto', 'classifier__kernel': 'rbf'}",0.819906,0.058095,0.823414,0.058569,0.813385,0.074026,0.625595,0.119492,0.817852,0.060017,0.818399,0.059943,0.636799,0.119886
"{'classifier__C': 7000, 'classifier__gamma': 0.5, 'classifier__kernel': 'rbf'}",0.735656,0.060096,0.784302,0.067219,0.650923,0.093339,0.436284,0.127414,0.712509,0.064481,0.717613,0.062934,0.435225,0.125867
"{'classifier__C': 7000, 'classifier__gamma': 0.25, 'classifier__kernel': 'rbf'}",0.779177,0.038835,0.818658,0.055753,0.710615,0.080361,0.530506,0.082067,0.760643,0.042559,0.764636,0.041363,0.529273,0.082725
"{'classifier__C': 7000, 'classifier__gamma': 0.1, 'classifier__kernel': 'rbf'}",0.80243,0.061275,0.818499,0.06164,0.773846,0.102573,0.585838,0.130875,0.794109,0.067493,0.796173,0.06683,0.592345,0.13366
"{'classifier__C': 7000, 'classifier__gamma': 0.075, 'classifier__kernel': 'rbf'}",0.803943,0.062556,0.823256,0.058266,0.769846,0.097447,0.586705,0.132785,0.794873,0.06876,0.796551,0.067884,0.593102,0.135768
"{'classifier__C': 7000, 'classifier__gamma': 0.05, 'classifier__kernel': 'rbf'}",0.816986,0.056658,0.821089,0.058437,0.809385,0.077787,0.619722,0.11691,0.814434,0.05914,0.815237,0.05898,0.630473,0.117959
"{'classifier__C': 7000, 'classifier__gamma': 0.025, 'classifier__kernel': 'rbf'}",0.827174,0.063767,0.832611,0.062832,0.817231,0.090028,0.639916,0.13324,0.823941,0.067654,0.824921,0.067258,0.649842,0.134516
"{'classifier__C': 7000, 'classifier__gamma': 0.01, 'classifier__kernel': 'rbf'}",0.838853,0.06272,0.828118,0.058442,0.857231,0.078016,0.669403,0.129053,0.84227,0.064989,0.842675,0.06521,0.685349,0.130421
"{'classifier__C': 7000, 'classifier__gamma': 0.0075, 'classifier__kernel': 'rbf'}",0.834484,0.061601,0.821247,0.062201,0.857231,0.073801,0.662385,0.124691,0.838636,0.06259,0.839239,0.062798,0.678478,0.125597
"{'classifier__C': 7000, 'classifier__gamma': 0.005, 'classifier__kernel': 'rbf'}",0.837383,0.059777,0.821195,0.060663,0.865077,0.080036,0.669717,0.121864,0.842154,0.061659,0.843136,0.061931,0.686271,0.123863
"{'classifier__C': 7000, 'classifier__gamma': 0.0025, 'classifier__kernel': 'rbf'}",0.838832,0.053342,0.816596,0.057406,0.877077,0.067378,0.675413,0.106269,0.845715,0.054007,0.846837,0.054086,0.693673,0.108172
"{'classifier__C': 7000, 'classifier__gamma': 0.001, 'classifier__kernel': 'rbf'}",0.834463,0.054818,0.814271,0.058819,0.868923,0.076009,0.665986,0.11112,0.84034,0.056129,0.841597,0.056575,0.683194,0.113149
"{'classifier__C': 7000, 'classifier__gamma': 'auto', 'classifier__kernel': 'rbf'}",0.816986,0.056658,0.821089,0.058437,0.809385,0.077787,0.619722,0.11691,0.814434,0.05914,0.815237,0.05898,0.630473,0.117959
"{'classifier__C': 7250, 'classifier__gamma': 0.5, 'classifier__kernel': 'rbf'}",0.735656,0.063495,0.784302,0.075198,0.650923,0.093339,0.437416,0.133199,0.712316,0.065891,0.717613,0.064802,0.435225,0.129604
"{'classifier__C': 7250, 'classifier__gamma': 0.25, 'classifier__kernel': 'rbf'}",0.776279,0.038469,0.814112,0.052746,0.710615,0.080361,0.524536,0.081502,0.758637,0.043124,0.762364,0.041765,0.524727,0.08353
"{'classifier__C': 7250, 'classifier__gamma': 0.1, 'classifier__kernel': 'rbf'}",0.799531,0.060076,0.816226,0.057714,0.77,0.104813,0.579426,0.12921,0.791006,0.067236,0.793113,0.066616,0.586226,0.133232
"{'classifier__C': 7250, 'classifier__gamma': 0.075, 'classifier__kernel': 'rbf'}",0.803943,0.062556,0.823256,0.058266,0.769846,0.097447,0.586705,0.132785,0.794873,0.06876,0.796551,0.067884,0.593102,0.135768
"{'classifier__C': 7250, 'classifier__gamma': 0.05, 'classifier__kernel': 'rbf'}",0.816986,0.056658,0.821089,0.058437,0.809385,0.077787,0.619722,0.11691,0.814434,0.05914,0.815237,0.05898,0.630473,0.117959
"{'classifier__C': 7250, 'classifier__gamma': 0.025, 'classifier__kernel': 'rbf'}",0.827174,0.063767,0.832611,0.062832,0.817231,0.090028,0.639916,0.13324,0.823941,0.067654,0.824921,0.067258,0.649842,0.134516
"{'classifier__C': 7250, 'classifier__gamma': 0.01, 'classifier__kernel': 'rbf'}",0.840303,0.062239,0.828118,0.058442,0.861231,0.078056,0.673059,0.128006,0.844194,0.064508,0.844675,0.064719,0.689349,0.129439
"{'classifier__C': 7250, 'classifier__gamma': 0.0075, 'classifier__kernel': 'rbf'}",0.834484,0.061601,0.821247,0.062201,0.857231,0.073801,0.662385,0.124691,0.838636,0.06259,0.839239,0.062798,0.678478,0.125597
"{'classifier__C': 7250, 'classifier__gamma': 0.005, 'classifier__kernel': 'rbf'}",0.838832,0.059308,0.821195,0.060663,0.869077,0.077647,0.673298,0.120431,0.844152,0.060873,0.845136,0.061117,0.690271,0.122234
"{'classifier__C': 7250, 'classifier__gamma': 0.0025, 'classifier__kernel': 'rbf'}",0.838832,0.053342,0.816596,0.057406,0.877077,0.067378,0.675413,0.106269,0.845715,0.054007,0.846837,0.054086,0.693673,0.108172
"{'classifier__C': 7250, 'classifier__gamma': 0.001, 'classifier__kernel': 'rbf'}",0.834463,0.054818,0.814271,0.058819,0.868923,0.076009,0.665986,0.11112,0.84034,0.056129,0.841597,0.056575,0.683194,0.113149
"{'classifier__C': 7250, 'classifier__gamma': 'auto', 'classifier__kernel': 'rbf'}",0.816986,0.056658,0.821089,0.058437,0.809385,0.077787,0.619722,0.11691,0.814434,0.05914,0.815237,0.05898,0.630473,0.117959
"{'classifier__C': 7500, 'classifier__gamma': 0.5, 'classifier__kernel': 'rbf'}",0.729838,0.065567,0.777484,0.078279,0.646923,0.087542,0.426211,0.136233,0.707317,0.066058,0.712204,0.065516,0.424407,0.131032
"{'classifier__C': 7500, 'classifier__gamma': 0.25, 'classifier__kernel': 'rbf'}",0.7763,0.042076,0.814112,0.052746,0.710615,0.087966,0.524469,0.090579,0.758509,0.048082,0.762364,0.046833,0.524727,0.093665
"{'classifier__C': 7500, 'classifier__gamma': 0.1, 'classifier__kernel': 'rbf'}",0.799531,0.060425,0.813953,0.055304,0.774,0.102028,0.579854,0.130017,0.792255,0.067404,0.793977,0.066878,0.587953,0.133756
"{'classifier__C': 7500, 'classifier__gamma': 0.075, 'classifier__kernel': 'rbf'}",0.803943,0.062556,0.823256,0.058266,0.769846,0.097447,0.586705,0.132785,0.794873,0.06876,0.796551,0.067884,0.593102,0.135768
"{'classifier__C': 7500, 'classifier__gamma': 0.05, 'classifier__kernel': 'rbf'}",0.815537,0.057329,0.818763,0.060041,0.809385,0.077787,0.617258,0.117873,0.81325,0.059551,0.814074,0.059397,0.628148,0.118795
"{'classifier__C': 7500, 'classifier__gamma': 0.025, 'classifier__kernel': 'rbf'}",0.828623,0.062897,0.834884,0.06101,0.817231,0.090028,0.642368,0.13188,0.825089,0.0671,0.826057,0.066691,0.652114,0.133381
"{'classifier__C': 7500, 'classifier__gamma': 0.01, 'classifier__kernel': 'rbf'}",0.841752,0.05929,0.830391,0.053854,0.861231,0.078056,0.675402,0.123301,0.845333,0.062227,0.845811,0.062445,0.691622,0.124889
"{'classifier__C': 7500, 'classifier__gamma': 0.0075, 'classifier__kernel': 'rbf'}",0.834484,0.061601,0.821247,0.062201,0.857231,0.073801,0.662385,0.124691,0.838636,0.06259,0.839239,0.062798,0.678478,0.125597
"{'classifier__C': 7500, 'classifier__gamma': 0.005, 'classifier__kernel': 'rbf'}",0.838832,0.059308,0.821195,0.060663,0.869077,0.077647,0.673298,0.120431,0.844152,0.060873,0.845136,0.061117,0.690271,0.122234
"{'classifier__C': 7500, 'classifier__gamma': 0.0025, 'classifier__kernel': 'rbf'}",0.840281,0.053172,0.818869,0.056972,0.877077,0.067378,0.677839,0.105999,0.846902,0.053925,0.847973,0.054002,0.695946,0.108004
"{'classifier__C': 7500, 'classifier__gamma': 0.001, 'classifier__kernel': 'rbf'}",0.834463,0.054818,0.814271,0.058819,0.868923,0.076009,0.665986,0.11112,0.84034,0.056129,0.841597,0.056575,0.683194,0.113149
"{'classifier__C': 7500, 'classifier__gamma': 'auto', 'classifier__kernel': 'rbf'}",0.815537,0.057329,0.818763,0.060041,0.809385,0.077787,0.617258,0.117873,0.81325,0.059551,0.814074,0.059397,0.628148,0.118795
"{'classifier__C': 7750, 'classifier__gamma': 0.5, 'classifier__kernel': 'rbf'}",0.729838,0.065567,0.777484,0.078279,0.646923,0.087542,0.426211,0.136233,0.707317,0.066058,0.712204,0.065516,0.424407,0.131032
"{'classifier__C': 7750, 'classifier__gamma': 0.25, 'classifier__kernel': 'rbf'}",0.777771,0.042921,0.816438,0.051124,0.710615,0.087966,0.526908,0.092564,0.759716,0.049318,0.763527,0.047975,0.527053,0.095951
"{'classifier__C': 7750, 'classifier__gamma': 0.1, 'classifier__kernel': 'rbf'}",0.799531,0.060425,0.813953,0.055304,0.774,0.102028,0.579854,0.130017,0.792255,0.067404,0.793977,0.066878,0.587953,0.133756
"{'classifier__C': 7750, 'classifier__gamma': 0.075, 'classifier__kernel': 'rbf'}",0.803943,0.062556,0.823256,0.058266,0.769846,0.097447,0.586705,0.132785,0.794873,0.06876,0.796551,0.067884,0.593102,0.135768
"{'classifier__C': 7750, 'classifier__gamma': 0.05, 'classifier__kernel': 'rbf'}",0.815516,0.055112,0.818763,0.056322,0.809385,0.077787,0.617006,0.114072,0.813266,0.057899,0.814074,0.057756,0.628148,0.115513
"{'classifier__C': 7750, 'classifier__gamma': 0.025, 'classifier__kernel': 'rbf'}",0.828623,0.062897,0.834884,0.06101,0.817231,0.090028,0.642368,0.13188,0.825089,0.0671,0.826057,0.066691,0.652114,0.133381
"{'classifier__C': 7750, 'classifier__gamma': 0.01, 'classifier__kernel': 'rbf'}",0.840303,0.05983,0.830391,0.053854,0.857231,0.078016,0.671747,0.124456,0.84341,0.062761,0.843811,0.062989,0.687622,0.125979
"{'classifier__C': 7750, 'classifier__gamma': 0.0075, 'classifier__kernel': 'rbf'}",0.834484,0.061601,0.821247,0.062201,0.857231,0.073801,0.662385,0.124691,0.838636,0.06259,0.839239,0.062798,0.678478,0.125597
"{'classifier__C': 7750, 'classifier__gamma': 0.005, 'classifier__kernel': 'rbf'}",0.837383,0.059777,0.821195,0.060663,0.865077,0.080036,0.669717,0.121864,0.842154,0.061659,0.843136,0.061931,0.686271,0.123863
"{'classifier__C': 7750, 'classifier__gamma': 0.0025, 'classifier__kernel': 'rbf'}",0.841731,0.052963,0.818869,0.056972,0.881077,0.066236,0.681443,0.105294,0.848853,0.053595,0.849973,0.053635,0.699946,0.107269
"{'classifier__C': 7750, 'classifier__gamma': 0.001, 'classifier__kernel': 'rbf'}",0.833014,0.054829,0.814271,0.058819,0.864923,0.074248,0.662296,0.110887,0.838459,0.055905,0.839597,0.056322,0.679194,0.112644
"{'classifier__C': 7750, 'classifier__gamma': 'auto', 'classifier__kernel': 'rbf'}",0.815516,0.055112,0.818763,0.056322,0.809385,0.077787,0.617006,0.114072,0.813266,0.057899,0.814074,0.057756,0.628148,0.115513
"{'classifier__C': 8000, 'classifier__gamma': 0.5, 'classifier__kernel': 'rbf'}",0.729838,0.065567,0.777484,0.078279,0.646923,0.087542,0.426211,0.136233,0.707317,0.066058,0.712204,0.065516,0.424407,0.131032
"{'classifier__C': 8000, 'classifier__gamma': 0.25, 'classifier__kernel': 'rbf'}",0.777771,0.042921,0.816438,0.051124,0.710615,0.087966,0.526908,0.092564,0.759716,0.049318,0.763527,0.047975,0.527053,0.095951
"{'classifier__C': 8000, 'classifier__gamma': 0.1, 'classifier__kernel': 'rbf'}",0.799531,0.060425,0.813953,0.055304,0.774,0.102028,0.579854,0.130017,0.792255,0.067404,0.793977,0.066878,0.587953,0.133756
"{'classifier__C': 8000, 'classifier__gamma': 0.075, 'classifier__kernel': 'rbf'}",0.803943,0.062556,0.823256,0.058266,0.769846,0.097447,0.586705,0.132785,0.794873,0.06876,0.796551,0.067884,0.593102,0.135768
"{'classifier__C': 8000, 'classifier__gamma': 0.05, 'classifier__kernel': 'rbf'}",0.815516,0.055112,0.818763,0.056322,0.809385,0.077787,0.617006,0.114072,0.813266,0.057899,0.814074,0.057756,0.628148,0.115513
"{'classifier__C': 8000, 'classifier__gamma': 0.025, 'classifier__kernel': 'rbf'}",0.830072,0.062654,0.834884,0.06101,0.821231,0.088267,0.645886,0.131064,0.827166,0.066593,0.828057,0.066191,0.656114,0.132382
"{'classifier__C': 8000, 'classifier__gamma': 0.01, 'classifier__kernel': 'rbf'}",0.840303,0.05983,0.830391,0.053854,0.857231,0.078016,0.671747,0.124456,0.84341,0.062761,0.843811,0.062989,0.687622,0.125979
"{'classifier__C': 8000, 'classifier__gamma': 0.0075, 'classifier__kernel': 'rbf'}",0.834484,0.061601,0.821247,0.062201,0.857231,0.073801,0.662385,0.124691,0.838636,0.06259,0.839239,0.062798,0.678478,0.125597
"{'classifier__C': 8000, 'classifier__gamma': 0.005, 'classifier__kernel': 'rbf'}",0.837383,0.059777,0.821195,0.060663,0.865077,0.080036,0.669717,0.121864,0.842154,0.061659,0.843136,0.061931,0.686271,0.123863
"{'classifier__C': 8000, 'classifier__gamma': 0.0025, 'classifier__kernel': 'rbf'}",0.840281,0.053566,0.818869,0.056972,0.877077,0.071971,0.677925,0.107477,0.846776,0.055048,0.847973,0.055052,0.695946,0.110104
"{'classifier__C': 8000, 'classifier__gamma': 0.001, 'classifier__kernel': 'rbf'}",0.834463,0.051662,0.814271,0.058819,0.868923,0.069408,0.666106,0.10305,0.840329,0.052089,0.841597,0.052282,0.683194,0.104564
"{'classifier__C': 8000, 'classifier__gamma': 'auto', 'classifier__kernel': 'rbf'}",0.815516,0.055112,0.818763,0.056322,0.809385,0.077787,0.617006,0.114072,0.813266,0.057899,0.814074,0.057756,0.628148,0.115513
"{'classifier__C': 8250, 'classifier__gamma': 0.5, 'classifier__kernel': 'rbf'}",0.729838,0.065567,0.777484,0.078279,0.646923,0.087542,0.426211,0.136233,0.707317,0.066058,0.712204,0.065516,0.424407,0.131032
"{'classifier__C': 8250, 'classifier__gamma': 0.25, 'classifier__kernel': 'rbf'}",0.774872,0.041494,0.811839,0.050002,0.710462,0.091901,0.521438,0.090562,0.757245,0.049318,0.76115,0.047672,0.522301,0.095344
"{'classifier__C': 8250, 'classifier__gamma': 0.1, 'classifier__kernel': 'rbf'}",0.801002,0.064517,0.814006,0.059651,0.778,0.102185,0.583534,0.13708,0.794464,0.07067,0.796003,0.070249,0.592006,0.140498
"{'classifier__C': 8250, 'classifier__gamma': 0.075, 'classifier__kernel': 'rbf'}",0.801023,0.061831,0.818658,0.058632,0.769846,0.097447,0.581597,0.131357,0.79257,0.067903,0.794252,0.067097,0.588504,0.134194
"{'classifier__C': 8250, 'classifier__gamma': 0.05, 'classifier__kernel': 'rbf'}",0.815516,0.055112,0.818763,0.056322,0.809385,0.077787,0.617006,0.114072,0.813266,0.057899,0.814074,0.057756,0.628148,0.115513
"{'classifier__C': 8250, 'classifier__gamma': 0.025, 'classifier__kernel': 'rbf'}",0.830072,0.062654,0.834884,0.06101,0.821231,0.088267,0.645886,0.131064,0.827166,0.066593,0.828057,0.066191,0.656114,0.132382
"{'classifier__C': 8250, 'classifier__gamma': 0.01, 'classifier__kernel': 'rbf'}",0.840303,0.05983,0.830391,0.053854,0.857231,0.078016,0.671747,0.124456,0.84341,0.062761,0.843811,0.062989,0.687622,0.125979
"{'classifier__C': 8250, 'classifier__gamma': 0.0075, 'classifier__kernel': 'rbf'}",0.834484,0.061601,0.821247,0.062201,0.857231,0.073801,0.662385,0.124691,0.838636,0.06259,0.839239,0.062798,0.678478,0.125597
"{'classifier__C': 8250, 'classifier__gamma': 0.005, 'classifier__kernel': 'rbf'}",0.837383,0.059777,0.821195,0.060663,0.865077,0.080036,0.669717,0.121864,0.842154,0.061659,0.843136,0.061931,0.686271,0.123863
"{'classifier__C': 8250, 'classifier__gamma': 0.0025, 'classifier__kernel': 'rbf'}",0.840281,0.053566,0.818869,0.056972,0.877077,0.071971,0.677925,0.107477,0.846776,0.055048,0.847973,0.055052,0.695946,0.110104
"{'classifier__C': 8250, 'classifier__gamma': 0.001, 'classifier__kernel': 'rbf'}",0.834463,0.051662,0.814271,0.058819,0.868923,0.069408,0.666106,0.10305,0.840329,0.052089,0.841597,0.052282,0.683194,0.104564
"{'classifier__C': 8250, 'classifier__gamma': 'auto', 'classifier__kernel': 'rbf'}",0.815516,0.055112,0.818763,0.056322,0.809385,0.077787,0.617006,0.114072,0.813266,0.057899,0.814074,0.057756,0.628148,0.115513
"{'classifier__C': 8500, 'classifier__gamma': 0.5, 'classifier__kernel': 'rbf'}",0.726918,0.065782,0.772886,0.079869,0.646923,0.087542,0.421285,0.136388,0.705134,0.065684,0.709904,0.065391,0.419809,0.130782
"{'classifier__C': 8500, 'classifier__gamma': 0.25, 'classifier__kernel': 'rbf'}",0.774872,0.042986,0.814112,0.049721,0.706462,0.093987,0.520425,0.094197,0.756158,0.051222,0.760287,0.049559,0.520574,0.099119
"{'classifier__C': 8500, 'classifier__gamma': 0.1, 'classifier__kernel': 'rbf'}",0.801002,0.064517,0.814059,0.05947,0.778,0.102185,0.583542,0.137175,0.794499,0.070701,0.79603,0.070278,0.592059,0.140557
"{'classifier__C': 8500, 'classifier__gamma': 0.075, 'classifier__kernel': 'rbf'}",0.802472,0.061552,0.82093,0.058127,0.769846,0.097447,0.58417,0.130841,0.793673,0.067739,0.795388,0.066904,0.590776,0.133807
"{'classifier__C': 8500, 'classifier__gamma': 0.05, 'classifier__kernel': 'rbf'}",0.814066,0.055005,0.818763,0.056322,0.805385,0.079183,0.613488,0.114122,0.81119,0.057985,0.812074,0.057847,0.624148,0.115694
"{'classifier__C': 8500, 'classifier__gamma': 0.025, 'classifier__kernel': 'rbf'}",0.830072,0.062654,0.834884,0.06101,0.821231,0.088267,0.645886,0.131064,0.827166,0.066593,0.828057,0.066191,0.656114,0.132382
"{'classifier__C': 8500, 'classifier__gamma': 0.01, 'classifier__kernel': 'rbf'}",0.840303,0.05983,0.830391,0.053854,0.857231,0.078016,0.671747,0.124456,0.84341,0.062761,0.843811,0.062989,0.687622,0.125979
"{'classifier__C': 8500, 'classifier__gamma': 0.0075, 'classifier__kernel': 'rbf'}",0.835934,0.058405,0.82352,0.057286,0.857231,0.073801,0.66468,0.11972,0.839794,0.060083,0.840375,0.06034,0.680751,0.120679
"{'classifier__C': 8500, 'classifier__gamma': 0.005, 'classifier__kernel': 'rbf'}",0.835934,0.062937,0.821195,0.060663,0.861077,0.085967,0.665933,0.129733,0.840234,0.06561,0.841136,0.066033,0.682271,0.132067
"{'classifier__C': 8500, 'classifier__gamma': 0.0025, 'classifier__kernel': 'rbf'}",0.840281,0.053566,0.818869,0.056972,0.877077,0.071971,0.677925,0.107477,0.846776,0.055048,0.847973,0.055052,0.695946,0.110104
"{'classifier__C': 8500, 'classifier__gamma': 0.001, 'classifier__kernel': 'rbf'}",0.834463,0.056702,0.814271,0.058819,0.868923,0.076009,0.665681,0.114954,0.84047,0.058196,0.841597,0.058549,0.683194,0.117098
"{'classifier__C': 8500, 'classifier__gamma': 'auto', 'classifier__kernel': 'rbf'}",0.814066,0.055005,0.818763,0.056322,0.805385,0.079183,0.613488,0.114122,0.81119,0.057985,0.812074,0.057847,0.624148,0.115694
"{'classifier__C': 8750, 'classifier__gamma': 0.5, 'classifier__kernel': 'rbf'}",0.728367,0.06807,0.772886,0.079869,0.650923,0.091609,0.424689,0.141587,0.707323,0.06905,0.711904,0.068448,0.423809,0.136896
"{'classifier__C': 8750, 'classifier__gamma': 0.25, 'classifier__kernel': 'rbf'}",0.774872,0.042986,0.814112,0.049721,0.706462,0.093987,0.520425,0.094197,0.756158,0.051222,0.760287,0.049559,0.520574,0.099119
"{'classifier__C': 8750, 'classifier__gamma': 0.1, 'classifier__kernel': 'rbf'}",0.795183,0.06719,0.807241,0.061608,0.774,0.098842,0.571984,0.141545,0.789424,0.07234,0.790621,0.072117,0.581241,0.144234
"{'classifier__C': 8750, 'classifier__gamma': 0.075, 'classifier__kernel': 'rbf'}",0.802472,0.061552,0.82093,0.058127,0.769846,0.097447,0.58417,0.130841,0.793673,0.067739,0.795388,0.066904,0.590776,0.133807
"{'classifier__C': 8750, 'classifier__gamma': 0.05, 'classifier__kernel': 'rbf'}",0.812617,0.055242,0.818763,0.056322,0.801538,0.078035,0.60994,0.114402,0.809309,0.05804,0.810151,0.057924,0.620302,0.115847
"{'classifier__C': 8750, 'classifier__gamma': 0.025, 'classifier__kernel': 'rbf'}",0.831543,0.063,0.834884,0.06101,0.825231,0.089918,0.649462,0.13198,0.829139,0.067193,0.830057,0.066779,0.660114,0.133558
"{'classifier__C': 8750, 'classifier__gamma': 0.01, 'classifier__kernel': 'rbf'}",0.840303,0.05983,0.830391,0.053854,0.857231,0.078016,0.671747,0.124456,0.84341,0.062761,0.843811,0.062989,0.687622,0.125979
"{'classifier__C': 8750, 'classifier__gamma': 0.0075, 'classifier__kernel': 'rbf'}",0.835934,0.058405,0.82352,0.057286,0.857231,0.073801,0.66468,0.11972,0.839794,0.060083,0.840375,0.06034,0.680751,0.120679
"{'classifier__C': 8750, 'classifier__gamma': 0.005, 'classifier__kernel': 'rbf'}",0.834484,0.063312,0.818922,0.061157,0.861077,0.085967,0.663455,0.130422,0.839074,0.0659,0.839999,0.066328,0.679999,0.132656
"{'classifier__C': 8750, 'classifier__gamma': 0.0025, 'classifier__kernel': 'rbf'}",0.840281,0.053566,0.818869,0.056972,0.877077,0.071971,0.677925,0.107477,0.846776,0.055048,0.847973,0.055052,0.695946,0.110104
"{'classifier__C': 8750, 'classifier__gamma': 0.001, 'classifier__kernel': 'rbf'}",0.831564,0.055183,0.814271,0.058819,0.861077,0.076094,0.658797,0.111916,0.836551,0.056488,0.837674,0.05694,0.675348,0.11388
"{'classifier__C': 8750, 'classifier__gamma': 'auto', 'classifier__kernel': 'rbf'}",0.812617,0.055242,0.818763,0.056322,0.801538,0.078035,0.60994,0.114402,0.809309,0.05804,0.810151,0.057924,0.620302,0.115847
"{'classifier__C': 9000, 'classifier__gamma': 0.5, 'classifier__kernel': 'rbf'}",0.726918,0.069205,0.770613,0.080164,0.650923,0.091609,0.42209,0.144097,0.706384,0.070098,0.710768,0.069611,0.421536,0.139222
"{'classifier__C': 9000, 'classifier__gamma': 0.25, 'classifier__kernel': 'rbf'}",0.777792,0.045697,0.816438,0.049112,0.710462,0.096984,0.526453,0.100088,0.759424,0.054681,0.76345,0.052805,0.526899,0.10561
"{'classifier__C': 9000, 'classifier__gamma': 0.1, 'classifier__kernel': 'rbf'}",0.793734,0.066976,0.807241,0.061608,0.770154,0.098202,0.568507,0.140987,0.78747,0.071999,0.788697,0.071808,0.577395,0.143617
"{'classifier__C': 9000, 'classifier__gamma': 0.075, 'classifier__kernel': 'rbf'}",0.802472,0.061552,0.82093,0.058127,0.769846,0.097447,0.58417,0.130841,0.793673,0.067739,0.795388,0.066904,0.590776,0.133807
"{'classifier__C': 9000, 'classifier__gamma': 0.05, 'classifier__kernel': 'rbf'}",0.814066,0.054622,0.821036,0.054859,0.801538,0.078035,0.612392,0.113464,0.810457,0.057685,0.811287,0.057556,0.622574,0.115112
"{'classifier__C': 9000, 'classifier__gamma': 0.025, 'classifier__kernel': 'rbf'}",0.832992,0.063025,0.837156,0.061612,0.825231,0.089918,0.652167,0.131855,0.83024,0.067127,0.831194,0.066702,0.662387,0.133405
"{'classifier__C': 9000, 'classifier__gamma': 0.01, 'classifier__kernel': 'rbf'}",0.837383,0.058682,0.830391,0.053854,0.849231,0.077319,0.664735,0.12222,0.839396,0.061577,0.839811,0.06174,0.679622,0.12348
"{'classifier__C': 9000, 'classifier__gamma': 0.0075, 'classifier__kernel': 'rbf'}",0.835934,0.058405,0.82352,0.057286,0.857231,0.073801,0.66468,0.11972,0.839794,0.060083,0.840375,0.06034,0.680751,0.120679
"{'classifier__C': 9000, 'classifier__gamma': 0.005, 'classifier__kernel': 'rbf'}",0.831586,0.063299,0.816649,0.062396,0.857231,0.083944,0.657534,0.129738,0.836045,0.065468,0.83694,0.065844,0.67388,0.131688
"{'classifier__C': 9000, 'classifier__gamma': 0.0025, 'classifier__kernel': 'rbf'}",0.840281,0.053566,0.818869,0.056972,0.877077,0.071971,0.677925,0.107477,0.846776,0.055048,0.847973,0.055052,0.695946,0.110104
"{'classifier__C': 9000, 'classifier__gamma': 0.001, 'classifier__kernel': 'rbf'}",0.831564,0.055183,0.814271,0.058819,0.861077,0.076094,0.658797,0.111916,0.836551,0.056488,0.837674,0.05694,0.675348,0.11388
"{'classifier__C': 9000, 'classifier__gamma': 'auto', 'classifier__kernel': 'rbf'}",0.814066,0.054622,0.821036,0.054859,0.801538,0.078035,0.612392,0.113464,0.810457,0.057685,0.811287,0.057556,0.622574,0.115112
"{'classifier__C': 9250, 'classifier__gamma': 0.5, 'classifier__kernel': 'rbf'}",0.728346,0.065924,0.770613,0.080164,0.654769,0.079725,0.425851,0.135174,0.708792,0.064122,0.712691,0.064482,0.425382,0.128964
"{'classifier__C': 9250, 'classifier__gamma': 0.25, 'classifier__kernel': 'rbf'}",0.776343,0.04666,0.816438,0.049112,0.706462,0.100566,0.522853,0.102935,0.757127,0.056587,0.76145,0.054423,0.522899,0.108845
"{'classifier__C': 9250, 'classifier__gamma': 0.1, 'classifier__kernel': 'rbf'}",0.792285,0.06449,0.804968,0.058129,0.770154,0.098202,0.565782,0.136355,0.78632,0.070024,0.787561,0.069872,0.575122,0.139743
"{'classifier__C': 9250, 'classifier__gamma': 0.075, 'classifier__kernel': 'rbf'}",0.801023,0.061491,0.818605,0.05708,0.769846,0.097447,0.581243,0.130624,0.792587,0.067923,0.794225,0.067029,0.588451,0.134057
"{'classifier__C': 9250, 'classifier__gamma': 0.05, 'classifier__kernel': 'rbf'}",0.814066,0.054622,0.821036,0.054859,0.801538,0.078035,0.612392,0.113464,0.810457,0.057685,0.811287,0.057556,0.622574,0.115112
"{'classifier__C': 9250, 'classifier__gamma': 0.025, 'classifier__kernel': 'rbf'}",0.832992,0.063025,0.837156,0.061612,0.825231,0.089918,0.652167,0.131855,0.83024,0.067127,0.831194,0.066702,0.662387,0.133405
"{'classifier__C': 9250, 'classifier__gamma': 0.01, 'classifier__kernel': 'rbf'}",0.837383,0.058682,0.830391,0.053854,0.849231,0.077319,0.664735,0.12222,0.839396,0.061577,0.839811,0.06174,0.679622,0.12348
"{'classifier__C': 9250, 'classifier__gamma': 0.0075, 'classifier__kernel': 'rbf'}",0.835934,0.058405,0.82352,0.057286,0.857231,0.073801,0.66468,0.11972,0.839794,0.060083,0.840375,0.06034,0.680751,0.120679
"{'classifier__C': 9250, 'classifier__gamma': 0.005, 'classifier__kernel': 'rbf'}",0.833056,0.064283,0.818975,0.062685,0.857231,0.083944,0.659948,0.131604,0.837299,0.066486,0.838103,0.066813,0.676205,0.133626
"{'classifier__C': 9250, 'classifier__gamma': 0.0025, 'classifier__kernel': 'rbf'}",0.840281,0.053566,0.818869,0.056972,0.877077,0.071971,0.677925,0.107477,0.846776,0.055048,0.847973,0.055052,0.695946,0.110104
"{'classifier__C': 9250, 'classifier__gamma': 0.001, 'classifier__kernel': 'rbf'}",0.833014,0.052078,0.816543,0.05389,0.861077,0.076094,0.66106,0.107303,0.837741,0.054091,0.83881,0.054666,0.67762,0.109333
"{'classifier__C': 9250, 'classifier__gamma': 'auto', 'classifier__kernel': 'rbf'}",0.814066,0.054622,0.821036,0.054859,0.801538,0.078035,0.612392,0.113464,0.810457,0.057685,0.811287,0.057556,0.622574,0.115112
"{'classifier__C': 9500, 'classifier__gamma': 0.5, 'classifier__kernel': 'rbf'}",0.725448,0.069435,0.76834,0.083544,0.650769,0.085195,0.419805,0.142477,0.705378,0.06832,0.709555,0.06831,0.41911,0.136619
"{'classifier__C': 9500, 'classifier__gamma': 0.25, 'classifier__kernel': 'rbf'}",0.773423,0.046694,0.814112,0.049721,0.702462,0.1054,0.516708,0.104297,0.753561,0.057986,0.758287,0.055339,0.516574,0.110677
"{'classifier__C': 9500, 'classifier__gamma': 0.1, 'classifier__kernel': 'rbf'}",0.790814,0.065538,0.804915,0.057372,0.766308,0.101861,0.562147,0.139225,0.784256,0.071743,0.785612,0.071503,0.571223,0.143005
"{'classifier__C': 9500, 'classifier__gamma': 0.075, 'classifier__kernel': 'rbf'}",0.802472,0.060171,0.82093,0.054412,0.769846,0.097447,0.583726,0.128597,0.793731,0.067076,0.795388,0.066129,0.590776,0.132258
"{'classifier__C': 9500, 'classifier__gamma': 0.05, 'classifier__kernel': 'rbf'}",0.815537,0.055445,0.823362,0.055002,0.801538,0.078035,0.614927,0.115081,0.811657,0.058538,0.81245,0.058377,0.6249,0.116754
"{'classifier__C': 9500, 'classifier__gamma': 0.025, 'classifier__kernel': 'rbf'}",0.832992,0.063025,0.837156,0.061612,0.825231,0.089918,0.652167,0.131855,0.83024,0.067127,0.831194,0.066702,0.662387,0.133405
"{'classifier__C': 9500, 'classifier__gamma': 0.01, 'classifier__kernel': 'rbf'}",0.837383,0.058682,0.830391,0.053854,0.849231,0.077319,0.664735,0.12222,0.839396,0.061577,0.839811,0.06174,0.679622,0.12348
"{'classifier__C': 9500, 'classifier__gamma': 0.0075, 'classifier__kernel': 'rbf'}",0.838853,0.06272,0.825846,0.060087,0.861231,0.078056,0.670702,0.128575,0.84299,0.06475,0.843538,0.064931,0.687076,0.129862
"{'classifier__C': 9500, 'classifier__gamma': 0.005, 'classifier__kernel': 'rbf'}",0.833056,0.064283,0.818975,0.062685,0.857231,0.083944,0.659948,0.131604,0.837299,0.066486,0.838103,0.066813,0.676205,0.133626
"{'classifier__C': 9500, 'classifier__gamma': 0.0025, 'classifier__kernel': 'rbf'}",0.840281,0.053566,0.818869,0.056972,0.877077,0.071971,0.677925,0.107477,0.846776,0.055048,0.847973,0.055052,0.695946,0.110104
"{'classifier__C': 9500, 'classifier__gamma': 0.001, 'classifier__kernel': 'rbf'}",0.834463,0.051254,0.818816,0.05343,0.861077,0.076094,0.663587,0.105646,0.838873,0.053356,0.839946,0.053913,0.679893,0.107827
"{'classifier__C': 9500, 'classifier__gamma': 'auto', 'classifier__kernel': 'rbf'}",0.815537,0.055445,0.823362,0.055002,0.801538,0.078035,0.614927,0.115081,0.811657,0.058538,0.81245,0.058377,0.6249,0.116754
"{'classifier__C': 9750, 'classifier__gamma': 0.5, 'classifier__kernel': 'rbf'}",0.725448,0.069435,0.76834,0.083544,0.650769,0.085195,0.419805,0.142477,0.705378,0.06832,0.709555,0.06831,0.41911,0.136619
"{'classifier__C': 9750, 'classifier__gamma': 0.25, 'classifier__kernel': 'rbf'}",0.773402,0.042537,0.814059,0.049987,0.702308,0.099835,0.516803,0.09516,0.753513,0.052851,0.758183,0.050439,0.516367,0.100878
"{'classifier__C': 9750, 'classifier__gamma': 0.1, 'classifier__kernel': 'rbf'}",0.790814,0.065538,0.804915,0.057372,0.766308,0.101861,0.562147,0.139225,0.784256,0.071743,0.785612,0.071503,0.571223,0.143005
"{'classifier__C': 9750, 'classifier__gamma': 0.075, 'classifier__kernel': 'rbf'}",0.802472,0.059115,0.823256,0.050537,0.766,0.099648,0.582684,0.127383,0.79284,0.066898,0.794628,0.065949,0.589256,0.131898
"{'classifier__C': 9750, 'classifier__gamma': 0.05, 'classifier__kernel': 'rbf'}",0.816986,0.057738,0.825634,0.057949,0.801538,0.078035,0.617651,0.119418,0.812808,0.060405,0.813586,0.060214,0.627173,0.120428
"{'classifier__C': 9750, 'classifier__gamma': 0.025, 'classifier__kernel': 'rbf'}",0.832992,0.063025,0.837156,0.061612,0.825231,0.089918,0.652167,0.131855,0.83024,0.067127,0.831194,0.066702,0.662387,0.133405
"{'classifier__C': 9750, 'classifier__gamma': 0.01, 'classifier__kernel': 'rbf'}",0.835934,0.05912,0.828118,0.054793,0.849231,0.077319,0.662257,0.122926,0.838237,0.06187,0.838675,0.062031,0.677349,0.124061
"{'classifier__C': 9750, 'classifier__gamma': 0.0075, 'classifier__kernel': 'rbf'}",0.838853,0.06272,0.825846,0.060087,0.861231,0.078056,0.670702,0.128575,0.84299,0.06475,0.843538,0.064931,0.687076,0.129862
"{'classifier__C': 9750, 'classifier__gamma': 0.005, 'classifier__kernel': 'rbf'}",0.833056,0.064283,0.818975,0.062685,0.857231,0.083944,0.659948,0.131604,0.837299,0.066486,0.838103,0.066813,0.676205,0.133626
"{'classifier__C': 9750, 'classifier__gamma': 0.0025, 'classifier__kernel': 'rbf'}",0.840281,0.053566,0.818869,0.056972,0.877077,0.071971,0.677925,0.107477,0.846776,0.055048,0.847973,0.055052,0.695946,0.110104
"{'classifier__C': 9750, 'classifier__gamma': 0.001, 'classifier__kernel': 'rbf'}",0.834463,0.051254,0.818816,0.05343,0.861077,0.076094,0.663587,0.105646,0.838873,0.053356,0.839946,0.053913,0.679893,0.107827
"{'classifier__C': 9750, 'classifier__gamma': 'auto', 'classifier__kernel': 'rbf'}",0.816986,0.057738,0.825634,0.057949,0.801538,0.078035,0.617651,0.119418,0.812808,0.060405,0.813586,0.060214,0.627173,0.120428
"{'classifier__C': 10000, 'classifier__gamma': 0.5, 'classifier__kernel': 'rbf'}",0.728346,0.065924,0.770613,0.080164,0.654769,0.079725,0.425851,0.135174,0.708792,0.064122,0.712691,0.064482,0.425382,0.128964
"{'classifier__C': 10000, 'classifier__gamma': 0.25, 'classifier__kernel': 'rbf'}",0.773402,0.042537,0.814059,0.049987,0.702308,0.099835,0.516803,0.09516,0.753513,0.052851,0.758183,0.050439,0.516367,0.100878
"{'classifier__C': 10000, 'classifier__gamma': 0.1, 'classifier__kernel': 'rbf'}",0.789365,0.062257,0.804915,0.055542,0.762308,0.104355,0.558865,0.133068,0.781869,0.069243,0.783612,0.068949,0.567223,0.137898
"{'classifier__C': 10000, 'classifier__gamma': 0.075, 'classifier__kernel': 'rbf'}",0.802451,0.056231,0.82093,0.04929,0.769846,0.097447,0.583604,0.121483,0.793653,0.063954,0.795388,0.063042,0.590776,0.126085
"{'classifier__C': 10000, 'classifier__gamma': 0.05, 'classifier__kernel': 'rbf'}",0.814088,0.065105,0.823362,0.063743,0.797538,0.086751,0.611613,0.134776,0.809601,0.068336,0.81045,0.068027,0.6209,0.136054
"{'classifier__C': 10000, 'classifier__gamma': 0.025, 'classifier__kernel': 'rbf'}",0.832992,0.063025,0.837156,0.061612,0.825231,0.089918,0.652167,0.131855,0.83024,0.067127,0.831194,0.066702,0.662387,0.133405
"{'classifier__C': 10000, 'classifier__gamma': 0.01, 'classifier__kernel': 'rbf'}",0.835934,0.05912,0.828118,0.054793,0.849231,0.077319,0.662257,0.122926,0.838237,0.06187,0.838675,0.062031,0.677349,0.124061
"{'classifier__C': 10000, 'classifier__gamma': 0.0075, 'classifier__kernel': 'rbf'}",0.838853,0.06272,0.825846,0.060087,0.861231,0.078056,0.670702,0.128575,0.84299,0.06475,0.843538,0.064931,0.687076,0.129862
"{'classifier__C': 10000, 'classifier__gamma': 0.005, 'classifier__kernel': 'rbf'}",0.834484,0.061601,0.818975,0.062685,0.861231,0.071643,0.663488,0.124228,0.839475,0.062243,0.840103,0.062436,0.680205,0.124872
"{'classifier__C': 10000, 'classifier__gamma': 0.0025, 'classifier__kernel': 'rbf'}",0.840281,0.053566,0.818869,0.056972,0.877077,0.071971,0.677925,0.107477,0.846776,0.055048,0.847973,0.055052,0.695946,0.110104
"{'classifier__C': 10000, 'classifier__gamma': 0.001, 'classifier__kernel': 'rbf'}",0.834463,0.051254,0.818816,0.05343,0.861077,0.076094,0.663587,0.105646,0.838873,0.053356,0.839946,0.053913,0.679893,0.107827
"{'classifier__C': 10000, 'classifier__gamma': 'auto', 'classifier__kernel': 'rbf'}",0.814088,0.065105,0.823362,0.063743,0.797538,0.086751,0.611613,0.134776,0.809601,0.068336,0.81045,0.068027,0.6209,0.136054
"{'classifier__C': 10250, 'classifier__gamma': 0.5, 'classifier__kernel': 'rbf'}",0.728346,0.065924,0.770613,0.080164,0.654769,0.079725,0.425851,0.135174,0.708792,0.064122,0.712691,0.064482,0.425382,0.128964
"{'classifier__C': 10250, 'classifier__gamma': 0.25, 'classifier__kernel': 'rbf'}",0.774851,0.041073,0.814059,0.049987,0.706308,0.094723,0.520437,0.090847,0.755889,0.049799,0.760183,0.047997,0.520367,0.095994
"{'classifier__C': 10250, 'classifier__gamma': 0.1, 'classifier__kernel': 'rbf'}",0.789365,0.062257,0.804915,0.055542,0.762308,0.104355,0.558865,0.133068,0.781869,0.069243,0.783612,0.068949,0.567223,0.137898
"{'classifier__C': 10250, 'classifier__gamma': 0.075, 'classifier__kernel': 'rbf'}",0.802451,0.056231,0.82093,0.04929,0.769846,0.097447,0.583604,0.121483,0.793653,0.063954,0.795388,0.063042,0.590776,0.126085
"{'classifier__C': 10250, 'classifier__gamma': 0.05, 'classifier__kernel': 'rbf'}",0.814088,0.065105,0.823362,0.063743,0.797538,0.086751,0.611613,0.134776,0.809601,0.068336,0.81045,0.068027,0.6209,0.136054
"{'classifier__C': 10250, 'classifier__gamma': 0.025, 'classifier__kernel': 'rbf'}",0.832992,0.063025,0.837156,0.061612,0.825231,0.089918,0.652167,0.131855,0.83024,0.067127,0.831194,0.066702,0.662387,0.133405
"{'classifier__C': 10250, 'classifier__gamma': 0.01, 'classifier__kernel': 'rbf'}",0.834463,0.058122,0.825793,0.054851,0.849231,0.077319,0.659842,0.120973,0.836983,0.060794,0.837512,0.060997,0.675024,0.121994
"{'classifier__C': 10250, 'classifier__gamma': 0.0075, 'classifier__kernel': 'rbf'}",0.838853,0.06272,0.825846,0.060087,0.861231,0.078056,0.670702,0.128575,0.84299,0.06475,0.843538,0.064931,0.687076,0.129862
"{'classifier__C': 10250, 'classifier__gamma': 0.005, 'classifier__kernel': 'rbf'}",0.833035,0.061951,0.818975,0.062685,0.857231,0.073801,0.659907,0.125338,0.837477,0.062864,0.838103,0.063074,0.676205,0.126148
"{'classifier__C': 10250, 'classifier__gamma': 0.0025, 'classifier__kernel': 'rbf'}",0.840281,0.053566,0.818869,0.056972,0.877077,0.071971,0.677925,0.107477,0.846776,0.055048,0.847973,0.055052,0.695946,0.110104
"{'classifier__C': 10250, 'classifier__gamma': 0.001, 'classifier__kernel': 'rbf'}",0.833014,0.054444,0.818816,0.05343,0.857077,0.082115,0.659835,0.113609,0.836921,0.057439,0.837946,0.058081,0.675893,0.116161
"{'classifier__C': 10250, 'classifier__gamma': 'auto', 'classifier__kernel': 'rbf'}",0.814088,0.065105,0.823362,0.063743,0.797538,0.086751,0.611613,0.134776,0.809601,0.068336,0.81045,0.068027,0.6209,0.136054
"{'classifier__C': 10500, 'classifier__gamma': 0.5, 'classifier__kernel': 'rbf'}",0.728346,0.065924,0.770613,0.080164,0.654769,0.079725,0.425851,0.135174,0.708792,0.064122,0.712691,0.064482,0.425382,0.128964
"{'classifier__C': 10500, 'classifier__gamma': 0.25, 'classifier__kernel': 'rbf'}",0.774851,0.041073,0.814059,0.049987,0.706308,0.094723,0.520437,0.090847,0.755889,0.049799,0.760183,0.047997,0.520367,0.095994
"{'classifier__C': 10500, 'classifier__gamma': 0.1, 'classifier__kernel': 'rbf'}",0.786466,0.059754,0.804915,0.055542,0.754308,0.102679,0.551917,0.127631,0.777592,0.06682,0.779612,0.066233,0.559223,0.132467
"{'classifier__C': 10500, 'classifier__gamma': 0.075, 'classifier__kernel': 'rbf'}",0.802472,0.058748,0.818605,0.052221,0.773846,0.102573,0.584787,0.126823,0.794412,0.066645,0.796225,0.065887,0.592451,0.131775
"{'classifier__C': 10500, 'classifier__gamma': 0.05, 'classifier__kernel': 'rbf'}",0.815537,0.065194,0.825634,0.063922,0.797538,0.086751,0.614224,0.134877,0.810717,0.068409,0.811586,0.06809,0.623173,0.13618
"{'classifier__C': 10500, 'classifier__gamma': 0.025, 'classifier__kernel': 'rbf'}",0.832992,0.063025,0.837156,0.061612,0.825231,0.089918,0.652167,0.131855,0.83024,0.067127,0.831194,0.066702,0.662387,0.133405
"{'classifier__C': 10500, 'classifier__gamma': 0.01, 'classifier__kernel': 'rbf'}",0.834463,0.058122,0.825793,0.054851,0.849231,0.077319,0.659842,0.120973,0.836983,0.060794,0.837512,0.060997,0.675024,0.121994
"{'classifier__C': 10500, 'classifier__gamma': 0.0075, 'classifier__kernel': 'rbf'}",0.840303,0.062239,0.828118,0.058442,0.861231,0.078056,0.673059,0.128006,0.844194,0.064508,0.844675,0.064719,0.689349,0.129439
"{'classifier__C': 10500, 'classifier__gamma': 0.005, 'classifier__kernel': 'rbf'}",0.833035,0.061951,0.818975,0.062685,0.857231,0.073801,0.659907,0.125338,0.837477,0.062864,0.838103,0.063074,0.676205,0.126148
"{'classifier__C': 10500, 'classifier__gamma': 0.0025, 'classifier__kernel': 'rbf'}",0.840281,0.053566,0.818869,0.056972,0.877077,0.071971,0.677925,0.107477,0.846776,0.055048,0.847973,0.055052,0.695946,0.110104
"{'classifier__C': 10500, 'classifier__gamma': 0.001, 'classifier__kernel': 'rbf'}",0.833035,0.055924,0.818816,0.05343,0.857077,0.082115,0.659641,0.116527,0.837026,0.058968,0.837946,0.059586,0.675893,0.119171
"{'classifier__C': 10500, 'classifier__gamma': 'auto', 'classifier__kernel': 'rbf'}",0.815537,0.065194,0.825634,0.063922,0.797538,0.086751,0.614224,0.134877,0.810717,0.068409,0.811586,0.06809,0.623173,0.13618
"{'classifier__C': 10750, 'classifier__gamma': 0.5, 'classifier__kernel': 'rbf'}",0.728346,0.065924,0.770613,0.080164,0.654769,0.079725,0.425851,0.135174,0.708792,0.064122,0.712691,0.064482,0.425382,0.128964
"{'classifier__C': 10750, 'classifier__gamma': 0.25, 'classifier__kernel': 'rbf'}",0.773402,0.04204,0.809461,0.054574,0.710308,0.092661,0.519065,0.090427,0.755831,0.049092,0.759884,0.047471,0.519769,0.094943
"{'classifier__C': 10750, 'classifier__gamma': 0.1, 'classifier__kernel': 'rbf'}",0.783568,0.059165,0.802643,0.055418,0.750308,0.10771,0.545932,0.127211,0.774068,0.067588,0.776475,0.066548,0.55295,0.133096
"{'classifier__C': 10750, 'classifier__gamma': 0.075, 'classifier__kernel': 'rbf'}",0.8039,0.059878,0.820825,0.057537,0.773846,0.102573,0.587972,0.128297,0.795332,0.066898,0.797335,0.066155,0.594671,0.132311
"{'classifier__C': 10750, 'classifier__gamma': 0.05, 'classifier__kernel': 'rbf'}",0.814066,0.06416,0.823309,0.06303,0.797538,0.086751,0.611603,0.132931,0.809533,0.067465,0.810424,0.067172,0.620847,0.134343
"{'classifier__C': 10750, 'classifier__gamma': 0.025, 'classifier__kernel': 'rbf'}",0.832992,0.05995,0.834884,0.06101,0.829231,0.082143,0.653171,0.124063,0.831239,0.062751,0.832057,0.062528,0.664114,0.125056
"{'classifier__C': 10750, 'classifier__gamma': 0.01, 'classifier__kernel': 'rbf'}",0.834463,0.058122,0.825793,0.054851,0.849231,0.077319,0.659842,0.120973,0.836983,0.060794,0.837512,0.060997,0.675024,0.121994
"{'classifier__C': 10750, 'classifier__gamma': 0.0075, 'classifier__kernel': 'rbf'}",0.840303,0.062239,0.828118,0.058442,0.861231,0.078056,0.673059,0.128006,0.844194,0.064508,0.844675,0.064719,0.689349,0.129439
"{'classifier__C': 10750, 'classifier__gamma': 0.005, 'classifier__kernel': 'rbf'}",0.833035,0.061951,0.818975,0.062685,0.857231,0.073801,0.659907,0.125338,0.837477,0.062864,0.838103,0.063074,0.676205,0.126148
"{'classifier__C': 10750, 'classifier__gamma': 0.0025, 'classifier__kernel': 'rbf'}",0.840281,0.053566,0.818869,0.056972,0.877077,0.071971,0.677925,0.107477,0.846776,0.055048,0.847973,0.055052,0.695946,0.110104
"{'classifier__C': 10750, 'classifier__gamma': 0.001, 'classifier__kernel': 'rbf'}",0.833035,0.055924,0.818816,0.05343,0.857077,0.082115,0.659641,0.116527,0.837026,0.058968,0.837946,0.059586,0.675893,0.119171
"{'classifier__C': 10750, 'classifier__gamma': 'auto', 'classifier__kernel': 'rbf'}",0.814066,0.06416,0.823309,0.06303,0.797538,0.086751,0.611603,0.132931,0.809533,0.067465,0.810424,0.067172,0.620847,0.134343
"{'classifier__C': 11000, 'classifier__gamma': 0.5, 'classifier__kernel': 'rbf'}",0.726897,0.063558,0.76834,0.077114,0.654769,0.079725,0.422982,0.130564,0.707733,0.062327,0.711555,0.062597,0.42311,0.125195
"{'classifier__C': 11000, 'classifier__gamma': 0.25, 'classifier__kernel': 'rbf'}",0.773402,0.043513,0.809461,0.054574,0.710308,0.098841,0.519118,0.094823,0.755582,0.051938,0.759884,0.050047,0.519769,0.100093
"{'classifier__C': 11000, 'classifier__gamma': 0.1, 'classifier__kernel': 'rbf'}",0.783568,0.063282,0.80259,0.061041,0.750308,0.10771,0.546132,0.134373,0.774109,0.070598,0.776449,0.069656,0.552898,0.139312
"{'classifier__C': 11000, 'classifier__gamma': 0.075, 'classifier__kernel': 'rbf'}",0.8039,0.059878,0.820825,0.057537,0.773846,0.102573,0.587972,0.128297,0.795332,0.066898,0.797335,0.066155,0.594671,0.132311
"{'classifier__C': 11000, 'classifier__gamma': 0.05, 'classifier__kernel': 'rbf'}",0.814066,0.060452,0.825581,0.058104,0.793538,0.087465,0.610453,0.126943,0.808513,0.064817,0.80956,0.064333,0.61912,0.128667
"{'classifier__C': 11000, 'classifier__gamma': 0.025, 'classifier__kernel': 'rbf'}",0.832992,0.05995,0.834884,0.06101,0.829231,0.082143,0.653171,0.124063,0.831239,0.062751,0.832057,0.062528,0.664114,0.125056
"{'classifier__C': 11000, 'classifier__gamma': 0.01, 'classifier__kernel': 'rbf'}",0.834463,0.058122,0.825793,0.054851,0.849231,0.077319,0.659842,0.120973,0.836983,0.060794,0.837512,0.060997,0.675024,0.121994
"{'classifier__C': 11000, 'classifier__gamma': 0.0075, 'classifier__kernel': 'rbf'}",0.840303,0.062239,0.828118,0.058442,0.861231,0.078056,0.673059,0.128006,0.844194,0.064508,0.844675,0.064719,0.689349,0.129439
"{'classifier__C': 11000, 'classifier__gamma': 0.005, 'classifier__kernel': 'rbf'}",0.833035,0.061951,0.818975,0.062685,0.857231,0.073801,0.659907,0.125338,0.837477,0.062864,0.838103,0.063074,0.676205,0.126148
"{'classifier__C': 11000, 'classifier__gamma': 0.0025, 'classifier__kernel': 'rbf'}",0.840281,0.053566,0.818869,0.056972,0.877077,0.071971,0.677925,0.107477,0.846776,0.055048,0.847973,0.055052,0.695946,0.110104
"{'classifier__C': 11000, 'classifier__gamma': 0.001, 'classifier__kernel': 'rbf'}",0.833035,0.055924,0.818816,0.05343,0.857077,0.082115,0.659641,0.116527,0.837026,0.058968,0.837946,0.059586,0.675893,0.119171
"{'classifier__C': 11000, 'classifier__gamma': 'auto', 'classifier__kernel': 'rbf'}",0.814066,0.060452,0.825581,0.058104,0.793538,0.087465,0.610453,0.126943,0.808513,0.064817,0.80956,0.064333,0.61912,0.128667
"{'classifier__C': 11250, 'classifier__gamma': 0.5, 'classifier__kernel': 'rbf'}",0.726897,0.063558,0.76834,0.077114,0.654769,0.079725,0.422982,0.130564,0.707733,0.062327,0.711555,0.062597,0.42311,0.125195
"{'classifier__C': 11250, 'classifier__gamma': 0.25, 'classifier__kernel': 'rbf'}",0.771931,0.040975,0.809461,0.054574,0.706308,0.092498,0.515542,0.088421,0.753609,0.04824,0.757884,0.046323,0.515769,0.092645
"{'classifier__C': 11250, 'classifier__gamma': 0.1, 'classifier__kernel': 'rbf'}",0.782118,0.062115,0.804915,0.062541,0.742308,0.103645,0.541909,0.131856,0.771114,0.068401,0.773612,0.067555,0.547223,0.135111
"{'classifier__C': 11250, 'classifier__gamma': 0.075, 'classifier__kernel': 'rbf'}",0.80243,0.058827,0.818499,0.057297,0.773846,0.102573,0.585437,0.126308,0.794132,0.065856,0.796173,0.065163,0.592345,0.130326
"{'classifier__C': 11250, 'classifier__gamma': 0.05, 'classifier__kernel': 'rbf'}",0.812617,0.060667,0.825581,0.058104,0.789538,0.089791,0.606939,0.127777,0.806381,0.065428,0.80756,0.064894,0.61512,0.129788
"{'classifier__C': 11250, 'classifier__gamma': 0.025, 'classifier__kernel': 'rbf'}",0.831543,0.063,0.832611,0.065252,0.829231,0.082143,0.650797,0.129075,0.830131,0.065055,0.830921,0.064909,0.661842,0.129819
"{'classifier__C': 11250, 'classifier__gamma': 0.01, 'classifier__kernel': 'rbf'}",0.834463,0.058122,0.825793,0.054851,0.849231,0.077319,0.659842,0.120973,0.836983,0.060794,0.837512,0.060997,0.675024,0.121994
"{'classifier__C': 11250, 'classifier__gamma': 0.0075, 'classifier__kernel': 'rbf'}",0.840303,0.062239,0.828118,0.058442,0.861231,0.078056,0.673059,0.128006,0.844194,0.064508,0.844675,0.064719,0.689349,0.129439
"{'classifier__C': 11250, 'classifier__gamma': 0.005, 'classifier__kernel': 'rbf'}",0.833035,0.061951,0.818975,0.062685,0.857231,0.073801,0.659907,0.125338,0.837477,0.062864,0.838103,0.063074,0.676205,0.126148
"{'classifier__C': 11250, 'classifier__gamma': 0.0025, 'classifier__kernel': 'rbf'}",0.838832,0.053734,0.816596,0.057406,0.877077,0.071971,0.675499,0.107745,0.845589,0.055125,0.846837,0.055135,0.693673,0.110269
"{'classifier__C': 11250, 'classifier__gamma': 0.001, 'classifier__kernel': 'rbf'}",0.833035,0.055924,0.818816,0.05343,0.857077,0.082115,0.659641,0.116527,0.837026,0.058968,0.837946,0.059586,0.675893,0.119171
"{'classifier__C': 11250, 'classifier__gamma': 'auto', 'classifier__kernel': 'rbf'}",0.812617,0.060667,0.825581,0.058104,0.789538,0.089791,0.606939,0.127777,0.806381,0.065428,0.80756,0.064894,0.61512,0.129788
"{'classifier__C': 11500, 'classifier__gamma': 0.5, 'classifier__kernel': 'rbf'}",0.726876,0.06262,0.770666,0.0767,0.650769,0.073063,0.42182,0.127788,0.706862,0.060474,0.710718,0.060812,0.421435,0.121625
"{'classifier__C': 11500, 'classifier__gamma': 0.25, 'classifier__kernel': 'rbf'}",0.77338,0.039507,0.811786,0.054219,0.706308,0.092498,0.518286,0.085461,0.754627,0.047141,0.759047,0.04506,0.518094,0.09012
"{'classifier__C': 11500, 'classifier__gamma': 0.1, 'classifier__kernel': 'rbf'}",0.782097,0.057959,0.804863,0.059361,0.742308,0.103645,0.541944,0.12472,0.770908,0.06497,0.773585,0.064019,0.54717,0.128039
"{'classifier__C': 11500, 'classifier__gamma': 0.075, 'classifier__kernel': 'rbf'}",0.80243,0.058827,0.818499,0.057297,0.773846,0.102573,0.585437,0.126308,0.794132,0.065856,0.796173,0.065163,0.592345,0.130326
"{'classifier__C': 11500, 'classifier__gamma': 0.05, 'classifier__kernel': 'rbf'}",0.812617,0.060667,0.825581,0.058104,0.789538,0.089791,0.606939,0.127777,0.806381,0.065428,0.80756,0.064894,0.61512,0.129788
"{'classifier__C': 11500, 'classifier__gamma': 0.025, 'classifier__kernel': 'rbf'}",0.831543,0.063,0.832611,0.065252,0.829231,0.082143,0.650797,0.129075,0.830131,0.065055,0.830921,0.064909,0.661842,0.129819
"{'classifier__C': 11500, 'classifier__gamma': 0.01, 'classifier__kernel': 'rbf'}",0.834463,0.058122,0.825793,0.054851,0.849231,0.077319,0.659842,0.120973,0.836983,0.060794,0.837512,0.060997,0.675024,0.121994
"{'classifier__C': 11500, 'classifier__gamma': 0.0075, 'classifier__kernel': 'rbf'}",0.838853,0.06272,0.828118,0.058442,0.857231,0.078016,0.669403,0.129053,0.84227,0.064989,0.842675,0.06521,0.685349,0.130421
"{'classifier__C': 11500, 'classifier__gamma': 0.005, 'classifier__kernel': 'rbf'}",0.833035,0.061951,0.818975,0.062685,0.857231,0.073801,0.659907,0.125338,0.837477,0.062864,0.838103,0.063074,0.676205,0.126148
"{'classifier__C': 11500, 'classifier__gamma': 0.0025, 'classifier__kernel': 'rbf'}",0.838832,0.053734,0.816596,0.057406,0.877077,0.071971,0.675499,0.107745,0.845589,0.055125,0.846837,0.055135,0.693673,0.110269
"{'classifier__C': 11500, 'classifier__gamma': 0.001, 'classifier__kernel': 'rbf'}",0.831586,0.059183,0.816543,0.058486,0.857077,0.082115,0.657347,0.121534,0.835868,0.061469,0.83681,0.06203,0.67362,0.12406
"{'classifier__C': 11500, 'classifier__gamma': 'auto', 'classifier__kernel': 'rbf'}",0.812617,0.060667,0.825581,0.058104,0.789538,0.089791,0.606939,0.127777,0.806381,0.065428,0.80756,0.064894,0.61512,0.129788
"{'classifier__C': 11750, 'classifier__gamma': 0.5, 'classifier__kernel': 'rbf'}",0.728346,0.063994,0.772992,0.078313,0.650769,0.073063,0.424563,0.130344,0.707948,0.061605,0.71188,0.061977,0.423761,0.123954
"{'classifier__C': 11750, 'classifier__gamma': 0.25, 'classifier__kernel': 'rbf'}",0.770482,0.04031,0.807188,0.050714,0.706308,0.092498,0.512289,0.08777,0.75268,0.048609,0.756748,0.046529,0.513496,0.093059
"{'classifier__C': 11750, 'classifier__gamma': 0.1, 'classifier__kernel': 'rbf'}",0.782097,0.057959,0.804863,0.059361,0.742308,0.103645,0.541944,0.12472,0.770908,0.06497,0.773585,0.064019,0.54717,0.128039
"{'classifier__C': 11750, 'classifier__gamma': 0.075, 'classifier__kernel': 'rbf'}",0.80098,0.061895,0.816226,0.061189,0.773846,0.102573,0.583015,0.131457,0.793092,0.068005,0.795036,0.067521,0.590072,0.135041
"{'classifier__C': 11750, 'classifier__gamma': 0.05, 'classifier__kernel': 'rbf'}",0.812617,0.060667,0.825581,0.058104,0.789538,0.089791,0.606939,0.127777,0.806381,0.065428,0.80756,0.064894,0.61512,0.129788
"{'classifier__C': 11750, 'classifier__gamma': 0.025, 'classifier__kernel': 'rbf'}",0.832992,0.062691,0.834884,0.064307,0.829231,0.082143,0.653276,0.128623,0.831291,0.064922,0.832057,0.064768,0.664114,0.129536
"{'classifier__C': 11750, 'classifier__gamma': 0.01, 'classifier__kernel': 'rbf'}",0.834463,0.058122,0.825793,0.054851,0.849231,0.077319,0.659842,0.120973,0.836983,0.060794,0.837512,0.060997,0.675024,0.121994
"{'classifier__C': 11750, 'classifier__gamma': 0.0075, 'classifier__kernel': 'rbf'}",0.837404,0.063164,0.825846,0.059221,0.857231,0.078016,0.666925,0.129811,0.84111,0.065318,0.841538,0.065535,0.683076,0.131071
"{'classifier__C': 11750, 'classifier__gamma': 0.005, 'classifier__kernel': 'rbf'}",0.834484,0.061601,0.821247,0.062201,0.857231,0.073801,0.662385,0.124691,0.838636,0.06259,0.839239,0.062798,0.678478,0.125597
"{'classifier__C': 11750, 'classifier__gamma': 0.0025, 'classifier__kernel': 'rbf'}",0.838832,0.053734,0.816596,0.057406,0.877077,0.071971,0.675499,0.107745,0.845589,0.055125,0.846837,0.055135,0.693673,0.110269
"{'classifier__C': 11750, 'classifier__gamma': 0.001, 'classifier__kernel': 'rbf'}",0.831586,0.059183,0.816543,0.058486,0.857077,0.082115,0.657347,0.121534,0.835868,0.061469,0.83681,0.06203,0.67362,0.12406
"{'classifier__C': 11750, 'classifier__gamma': 'auto', 'classifier__kernel': 'rbf'}",0.812617,0.060667,0.825581,0.058104,0.789538,0.089791,0.606939,0.127777,0.806381,0.065428,0.80756,0.064894,0.61512,0.129788
"{'classifier__C': 12000, 'classifier__gamma': 0.5, 'classifier__kernel': 'rbf'}",0.725426,0.064816,0.770666,0.078787,0.646769,0.076736,0.418345,0.132895,0.704578,0.063013,0.708718,0.063266,0.417435,0.126531
"{'classifier__C': 12000, 'classifier__gamma': 0.25, 'classifier__kernel': 'rbf'}",0.767562,0.038345,0.804863,0.052966,0.702308,0.094395,0.506475,0.083723,0.749136,0.046743,0.753585,0.044649,0.50717,0.089298
"{'classifier__C': 12000, 'classifier__gamma': 0.1, 'classifier__kernel': 'rbf'}",0.783546,0.055168,0.807135,0.055805,0.742308,0.103645,0.544365,0.120111,0.771948,0.063084,0.774721,0.061922,0.549443,0.123845
"{'classifier__C': 12000, 'classifier__gamma': 0.075, 'classifier__kernel': 'rbf'}",0.799531,0.061459,0.813953,0.059792,0.773846,0.102573,0.580257,0.130864,0.792018,0.067812,0.7939,0.067324,0.5878,0.134648
"{'classifier__C': 12000, 'classifier__gamma': 0.05, 'classifier__kernel': 'rbf'}",0.812617,0.060667,0.825581,0.058104,0.789538,0.089791,0.606939,0.127777,0.806381,0.065428,0.80756,0.064894,0.61512,0.129788
"{'classifier__C': 12000, 'classifier__gamma': 0.025, 'classifier__kernel': 'rbf'}",0.831522,0.060974,0.834884,0.064307,0.825231,0.078519,0.649865,0.124683,0.829283,0.062619,0.830057,0.062491,0.660114,0.124982
"{'classifier__C': 12000, 'classifier__gamma': 0.01, 'classifier__kernel': 'rbf'}",0.835912,0.058075,0.828066,0.055891,0.849231,0.077319,0.662547,0.120605,0.838084,0.060579,0.838648,0.060774,0.677296,0.121548
"{'classifier__C': 12000, 'classifier__gamma': 0.0075, 'classifier__kernel': 'rbf'}",0.837404,0.063164,0.825846,0.059221,0.857231,0.078016,0.666925,0.129811,0.84111,0.065318,0.841538,0.065535,0.683076,0.131071
"{'classifier__C': 12000, 'classifier__gamma': 0.005, 'classifier__kernel': 'rbf'}",0.834484,0.061601,0.821247,0.062201,0.857231,0.073801,0.662385,0.124691,0.838636,0.06259,0.839239,0.062798,0.678478,0.125597
"{'classifier__C': 12000, 'classifier__gamma': 0.0025, 'classifier__kernel': 'rbf'}",0.838832,0.053734,0.816596,0.057406,0.877077,0.071971,0.675499,0.107745,0.845589,0.055125,0.846837,0.055135,0.693673,0.110269
"{'classifier__C': 12000, 'classifier__gamma': 0.001, 'classifier__kernel': 'rbf'}",0.833035,0.055924,0.816543,0.058486,0.861077,0.076094,0.66113,0.113383,0.837788,0.057379,0.83881,0.057793,0.67762,0.115587
"{'classifier__C': 12000, 'classifier__gamma': 'auto', 'classifier__kernel': 'rbf'}",0.812617,0.060667,0.825581,0.058104,0.789538,0.089791,0.606939,0.127777,0.806381,0.065428,0.80756,0.064894,0.61512,0.129788
"{'classifier__C': 12250, 'classifier__gamma': 0.5, 'classifier__kernel': 'rbf'}",0.725426,0.064816,0.770666,0.078787,0.646769,0.076736,0.418345,0.132895,0.704578,0.063013,0.708718,0.063266,0.417435,0.126531
"{'classifier__C': 12250, 'classifier__gamma': 0.25, 'classifier__kernel': 'rbf'}",0.766113,0.038021,0.802537,0.055029,0.702308,0.094395,0.504073,0.08248,0.747934,0.045892,0.752422,0.043894,0.504845,0.087788
"{'classifier__C': 12250, 'classifier__gamma': 0.1, 'classifier__kernel': 'rbf'}",0.782097,0.055364,0.807135,0.055805,0.738308,0.109658,0.540869,0.121409,0.769475,0.065159,0.772721,0.063218,0.545443,0.126437
"{'classifier__C': 12250, 'classifier__gamma': 0.075, 'classifier__kernel': 'rbf'}",0.798082,0.063017,0.813953,0.059792,0.77,0.104813,0.57668,0.134425,0.790052,0.069627,0.791977,0.069158,0.583953,0.138316
"{'classifier__C': 12250, 'classifier__gamma': 0.05, 'classifier__kernel': 'rbf'}",0.812617,0.060667,0.825581,0.058104,0.789538,0.089791,0.606939,0.127777,0.806381,0.065428,0.80756,0.064894,0.61512,0.129788
"{'classifier__C': 12250, 'classifier__gamma': 0.025, 'classifier__kernel': 'rbf'}",0.831522,0.060974,0.834884,0.064307,0.825231,0.078519,0.649865,0.124683,0.829283,0.062619,0.830057,0.062491,0.660114,0.124982
"{'classifier__C': 12250, 'classifier__gamma': 0.01, 'classifier__kernel': 'rbf'}",0.835912,0.058075,0.828066,0.055891,0.849231,0.077319,0.662547,0.120605,0.838084,0.060579,0.838648,0.060774,0.677296,0.121548
"{'classifier__C': 12250, 'classifier__gamma': 0.0075, 'classifier__kernel': 'rbf'}",0.837404,0.063164,0.825846,0.059221,0.857231,0.078016,0.666925,0.129811,0.84111,0.065318,0.841538,0.065535,0.683076,0.131071
"{'classifier__C': 12250, 'classifier__gamma': 0.005, 'classifier__kernel': 'rbf'}",0.834484,0.061601,0.821247,0.062201,0.857231,0.073801,0.662385,0.124691,0.838636,0.06259,0.839239,0.062798,0.678478,0.125597
"{'classifier__C': 12250, 'classifier__gamma': 0.0025, 'classifier__kernel': 'rbf'}",0.838832,0.053734,0.816596,0.057406,0.877077,0.071971,0.675499,0.107745,0.845589,0.055125,0.846837,0.055135,0.693673,0.110269
"{'classifier__C': 12250, 'classifier__gamma': 0.001, 'classifier__kernel': 'rbf'}",0.834484,0.055536,0.818816,0.058945,0.861077,0.076094,0.663741,0.11236,0.838904,0.056916,0.839946,0.057308,0.679893,0.114615
"{'classifier__C': 12250, 'classifier__gamma': 'auto', 'classifier__kernel': 'rbf'}",0.812617,0.060667,0.825581,0.058104,0.789538,0.089791,0.606939,0.127777,0.806381,0.065428,0.80756,0.064894,0.61512,0.129788
"{'classifier__C': 12500, 'classifier__gamma': 0.5, 'classifier__kernel': 'rbf'}",0.723977,0.066576,0.770666,0.078787,0.642769,0.082015,0.414563,0.13778,0.702293,0.066083,0.706718,0.065912,0.413435,0.131823
"{'classifier__C': 12500, 'classifier__gamma': 0.25, 'classifier__kernel': 'rbf'}",0.767583,0.038784,0.804863,0.052966,0.702308,0.094395,0.506447,0.084497,0.74916,0.047163,0.753585,0.045068,0.50717,0.090135
"{'classifier__C': 12500, 'classifier__gamma': 0.1, 'classifier__kernel': 'rbf'}",0.782076,0.054272,0.807082,0.061357,0.738308,0.109658,0.541915,0.118081,0.76909,0.063023,0.772695,0.061199,0.54539,0.122397
"{'classifier__C': 12500, 'classifier__gamma': 0.075, 'classifier__kernel': 'rbf'}",0.798082,0.063017,0.813953,0.059792,0.77,0.104813,0.57668,0.134425,0.790052,0.069627,0.791977,0.069158,0.583953,0.138316
"{'classifier__C': 12500, 'classifier__gamma': 0.05, 'classifier__kernel': 'rbf'}",0.812617,0.060667,0.825581,0.058104,0.789538,0.089791,0.606939,0.127777,0.806381,0.065428,0.80756,0.064894,0.61512,0.129788
"{'classifier__C': 12500, 'classifier__gamma': 0.025, 'classifier__kernel': 'rbf'}",0.828623,0.056894,0.830338,0.061238,0.825231,0.067567,0.644414,0.11552,0.827257,0.057255,0.827785,0.057309,0.655569,0.114618
"{'classifier__C': 12500, 'classifier__gamma': 0.01, 'classifier__kernel': 'rbf'}",0.835912,0.058075,0.828066,0.055891,0.849231,0.077319,0.662547,0.120605,0.838084,0.060579,0.838648,0.060774,0.677296,0.121548
"{'classifier__C': 12500, 'classifier__gamma': 0.0075, 'classifier__kernel': 'rbf'}",0.837404,0.063164,0.825846,0.059221,0.857231,0.078016,0.666925,0.129811,0.84111,0.065318,0.841538,0.065535,0.683076,0.131071
"{'classifier__C': 12500, 'classifier__gamma': 0.005, 'classifier__kernel': 'rbf'}",0.834484,0.061601,0.821247,0.062201,0.857231,0.073801,0.662385,0.124691,0.838636,0.06259,0.839239,0.062798,0.678478,0.125597
"{'classifier__C': 12500, 'classifier__gamma': 0.0025, 'classifier__kernel': 'rbf'}",0.838832,0.053734,0.816596,0.057406,0.877077,0.071971,0.675499,0.107745,0.845589,0.055125,0.846837,0.055135,0.693673,0.110269
"{'classifier__C': 12500, 'classifier__gamma': 0.001, 'classifier__kernel': 'rbf'}",0.835934,0.057349,0.818816,0.058945,0.865077,0.078011,0.667127,0.116333,0.840914,0.059152,0.841946,0.059486,0.683893,0.118972
"{'classifier__C': 12500, 'classifier__gamma': 'auto', 'classifier__kernel': 'rbf'}",0.812617,0.060667,0.825581,0.058104,0.789538,0.089791,0.606939,0.127777,0.806381,0.065428,0.80756,0.064894,0.61512,0.129788
"{'classifier__C': 12750, 'classifier__gamma': 0.5, 'classifier__kernel': 'rbf'}",0.722528,0.064787,0.768393,0.074306,0.642769,0.082015,0.411128,0.133934,0.701375,0.065508,0.705581,0.064972,0.411162,0.129945
"{'classifier__C': 12750, 'classifier__gamma': 0.25, 'classifier__kernel': 'rbf'}",0.770482,0.04031,0.804863,0.052966,0.710154,0.102122,0.513655,0.089523,0.753033,0.050412,0.757508,0.048174,0.515016,0.096347
"{'classifier__C': 12750, 'classifier__gamma': 0.1, 'classifier__kernel': 'rbf'}",0.782076,0.054272,0.807082,0.061357,0.738308,0.109658,0.541915,0.118081,0.76909,0.063023,0.772695,0.061199,0.54539,0.122397
"{'classifier__C': 12750, 'classifier__gamma': 0.075, 'classifier__kernel': 'rbf'}",0.798082,0.063017,0.813953,0.061495,0.77,0.104813,0.577004,0.134139,0.789966,0.069295,0.791977,0.068874,0.583953,0.137747
"{'classifier__C': 12750, 'classifier__gamma': 0.05, 'classifier__kernel': 'rbf'}",0.811168,0.061534,0.825581,0.058104,0.785692,0.089755,0.60337,0.129516,0.804484,0.066224,0.805637,0.065737,0.611274,0.131475
"{'classifier__C': 12750, 'classifier__gamma': 0.025, 'classifier__kernel': 'rbf'}",0.828623,0.056894,0.830338,0.061238,0.825231,0.067567,0.644414,0.11552,0.827257,0.057255,0.827785,0.057309,0.655569,0.114618
"{'classifier__C': 12750, 'classifier__gamma': 0.01, 'classifier__kernel': 'rbf'}",0.837361,0.057264,0.830338,0.055905,0.849231,0.077319,0.665207,0.118802,0.839172,0.059773,0.839785,0.059937,0.679569,0.119874
"{'classifier__C': 12750, 'classifier__gamma': 0.0075, 'classifier__kernel': 'rbf'}",0.837404,0.063164,0.825846,0.059221,0.857231,0.078016,0.666925,0.129811,0.84111,0.065318,0.841538,0.065535,0.683076,0.131071
"{'classifier__C': 12750, 'classifier__gamma': 0.005, 'classifier__kernel': 'rbf'}",0.834484,0.061601,0.821247,0.062201,0.857231,0.073801,0.662385,0.124691,0.838636,0.06259,0.839239,0.062798,0.678478,0.125597
"{'classifier__C': 12750, 'classifier__gamma': 0.0025, 'classifier__kernel': 'rbf'}",0.838832,0.053734,0.816596,0.057406,0.877077,0.071971,0.675499,0.107745,0.845589,0.055125,0.846837,0.055135,0.693673,0.110269
"{'classifier__C': 12750, 'classifier__gamma': 0.001, 'classifier__kernel': 'rbf'}",0.835934,0.057349,0.818816,0.058945,0.865077,0.078011,0.667127,0.116333,0.840914,0.059152,0.841946,0.059486,0.683893,0.118972
"{'classifier__C': 12750, 'classifier__gamma': 'auto', 'classifier__kernel': 'rbf'}",0.811168,0.061534,0.825581,0.058104,0.785692,0.089755,0.60337,0.129516,0.804484,0.066224,0.805637,0.065737,0.611274,0.131475
"{'classifier__C': 13000, 'classifier__gamma': 0.5, 'classifier__kernel': 'rbf'}",0.722528,0.064787,0.768393,0.074306,0.642769,0.082015,0.411128,0.133934,0.701375,0.065508,0.705581,0.064972,0.411162,0.129945
"{'classifier__C': 13000, 'classifier__gamma': 0.25, 'classifier__kernel': 'rbf'}",0.769032,0.041649,0.804863,0.052966,0.706154,0.105519,0.51002,0.093284,0.750768,0.052599,0.755508,0.050158,0.511016,0.100316
"{'classifier__C': 13000, 'classifier__gamma': 0.1, 'classifier__kernel': 'rbf'}",0.782076,0.05542,0.809355,0.062968,0.734308,0.110974,0.541133,0.12041,0.768003,0.064004,0.771831,0.062249,0.543663,0.124498
"{'classifier__C': 13000, 'classifier__gamma': 0.075, 'classifier__kernel': 'rbf'}",0.798082,0.063017,0.813953,0.061495,0.77,0.104813,0.577004,0.134139,0.789966,0.069295,0.791977,0.068874,0.583953,0.137747
"{'classifier__C': 13000, 'classifier__gamma': 0.05, 'classifier__kernel': 'rbf'}",0.811168,0.061534,0.825581,0.058104,0.785692,0.089755,0.60337,0.129516,0.804484,0.066224,0.805637,0.065737,0.611274,0.131475
"{'classifier__C': 13000, 'classifier__gamma': 0.025, 'classifier__kernel': 'rbf'}",0.828623,0.056894,0.830338,0.061238,0.825231,0.067567,0.644414,0.11552,0.827257,0.057255,0.827785,0.057309,0.655569,0.114618
"{'classifier__C': 13000, 'classifier__gamma': 0.01, 'classifier__kernel': 'rbf'}",0.837361,0.057264,0.830338,0.055905,0.849231,0.077319,0.665207,0.118802,0.839172,0.059773,0.839785,0.059937,0.679569,0.119874
"{'classifier__C': 13000, 'classifier__gamma': 0.0075, 'classifier__kernel': 'rbf'}",0.837404,0.063164,0.825846,0.059221,0.857231,0.078016,0.666925,0.129811,0.84111,0.065318,0.841538,0.065535,0.683076,0.131071
"{'classifier__C': 13000, 'classifier__gamma': 0.005, 'classifier__kernel': 'rbf'}",0.834484,0.061601,0.821247,0.062201,0.857231,0.073801,0.662385,0.124691,0.838636,0.06259,0.839239,0.062798,0.678478,0.125597
"{'classifier__C': 13000, 'classifier__gamma': 0.0025, 'classifier__kernel': 'rbf'}",0.838832,0.053734,0.816596,0.057406,0.877077,0.071971,0.675499,0.107745,0.845589,0.055125,0.846837,0.055135,0.693673,0.110269
"{'classifier__C': 13000, 'classifier__gamma': 0.001, 'classifier__kernel': 'rbf'}",0.835934,0.057349,0.818816,0.058945,0.865077,0.078011,0.667127,0.116333,0.840914,0.059152,0.841946,0.059486,0.683893,0.118972
"{'classifier__C': 13000, 'classifier__gamma': 'auto', 'classifier__kernel': 'rbf'}",0.811168,0.061534,0.825581,0.058104,0.785692,0.089755,0.60337,0.129516,0.804484,0.066224,0.805637,0.065737,0.611274,0.131475
"{'classifier__C': 13250, 'classifier__gamma': 0.5, 'classifier__kernel': 'rbf'}",0.722528,0.064787,0.768393,0.074306,0.642769,0.082015,0.411128,0.133934,0.701375,0.065508,0.705581,0.064972,0.411162,0.129945
"{'classifier__C': 13250, 'classifier__gamma': 0.25, 'classifier__kernel': 'rbf'}",0.771952,0.044339,0.809461,0.052693,0.706154,0.105519,0.515069,0.098393,0.753091,0.055175,0.757807,0.052639,0.515615,0.105278
"{'classifier__C': 13250, 'classifier__gamma': 0.1, 'classifier__kernel': 'rbf'}",0.782076,0.05542,0.811628,0.066819,0.730308,0.107767,0.540845,0.119913,0.766957,0.062328,0.770968,0.060863,0.541936,0.121725
"{'classifier__C': 13250, 'classifier__gamma': 0.075, 'classifier__kernel': 'rbf'}",0.799531,0.063476,0.813953,0.061495,0.774,0.102028,0.580416,0.13471,0.792216,0.069182,0.793977,0.068879,0.587953,0.137759
"{'classifier__C': 13250, 'classifier__gamma': 0.05, 'classifier__kernel': 'rbf'}",0.811168,0.061534,0.825581,0.058104,0.785692,0.089755,0.60337,0.129516,0.804484,0.066224,0.805637,0.065737,0.611274,0.131475
"{'classifier__C': 13250, 'classifier__gamma': 0.025, 'classifier__kernel': 'rbf'}",0.828623,0.056894,0.830338,0.061238,0.825231,0.067567,0.644414,0.11552,0.827257,0.057255,0.827785,0.057309,0.655569,0.114618
"{'classifier__C': 13250, 'classifier__gamma': 0.01, 'classifier__kernel': 'rbf'}",0.837361,0.057264,0.830338,0.055905,0.849231,0.077319,0.665207,0.118802,0.839172,0.059773,0.839785,0.059937,0.679569,0.119874
"{'classifier__C': 13250, 'classifier__gamma': 0.0075, 'classifier__kernel': 'rbf'}",0.838853,0.058564,0.830391,0.050895,0.853231,0.079802,0.668038,0.123045,0.841402,0.062183,0.841811,0.062403,0.683622,0.124806
"{'classifier__C': 13250, 'classifier__gamma': 0.005, 'classifier__kernel': 'rbf'}",0.834484,0.061601,0.821247,0.062201,0.857231,0.073801,0.662385,0.124691,0.838636,0.06259,0.839239,0.062798,0.678478,0.125597
"{'classifier__C': 13250, 'classifier__gamma': 0.0025, 'classifier__kernel': 'rbf'}",0.838832,0.053734,0.816596,0.057406,0.877077,0.071971,0.675499,0.107745,0.845589,0.055125,0.846837,0.055135,0.693673,0.110269
"{'classifier__C': 13250, 'classifier__gamma': 0.001, 'classifier__kernel': 'rbf'}",0.837383,0.057265,0.818816,0.058945,0.869077,0.075559,0.670656,0.115724,0.84294,0.058754,0.843946,0.059064,0.687893,0.118129
"{'classifier__C': 13250, 'classifier__gamma': 'auto', 'classifier__kernel': 'rbf'}",0.811168,0.061534,0.825581,0.058104,0.785692,0.089755,0.60337,0.129516,0.804484,0.066224,0.805637,0.065737,0.611274,0.131475
"{'classifier__C': 13500, 'classifier__gamma': 0.5, 'classifier__kernel': 'rbf'}",0.723977,0.064002,0.768393,0.074306,0.646769,0.078793,0.414845,0.131571,0.70365,0.063995,0.707581,0.06368,0.415162,0.127359
"{'classifier__C': 13500, 'classifier__gamma': 0.25, 'classifier__kernel': 'rbf'}",0.773402,0.042985,0.811786,0.052325,0.706154,0.105519,0.517813,0.095756,0.754109,0.054226,0.75897,0.051533,0.51794,0.103066
"{'classifier__C': 13500, 'classifier__gamma': 0.1, 'classifier__kernel': 'rbf'}",0.782076,0.05542,0.811628,0.066819,0.730308,0.107767,0.540845,0.119913,0.766957,0.062328,0.770968,0.060863,0.541936,0.121725
"{'classifier__C': 13500, 'classifier__gamma': 0.075, 'classifier__kernel': 'rbf'}",0.799531,0.063476,0.813953,0.061495,0.774,0.102028,0.580416,0.13471,0.792216,0.069182,0.793977,0.068879,0.587953,0.137759
"{'classifier__C': 13500, 'classifier__gamma': 0.05, 'classifier__kernel': 'rbf'}",0.811168,0.061534,0.825581,0.058104,0.785692,0.089755,0.60337,0.129516,0.804484,0.066224,0.805637,0.065737,0.611274,0.131475
"{'classifier__C': 13500, 'classifier__gamma': 0.025, 'classifier__kernel': 'rbf'}",0.828623,0.056894,0.830338,0.061238,0.825231,0.067567,0.644414,0.11552,0.827257,0.057255,0.827785,0.057309,0.655569,0.114618
"{'classifier__C': 13500, 'classifier__gamma': 0.01, 'classifier__kernel': 'rbf'}",0.835912,0.057347,0.830338,0.055905,0.845385,0.076414,0.66168,0.118818,0.837307,0.059742,0.837861,0.05991,0.675723,0.11982
"{'classifier__C': 13500, 'classifier__gamma': 0.0075, 'classifier__kernel': 'rbf'}",0.838853,0.058564,0.830391,0.050895,0.853231,0.079802,0.668038,0.123045,0.841402,0.062183,0.841811,0.062403,0.683622,0.124806
"{'classifier__C': 13500, 'classifier__gamma': 0.005, 'classifier__kernel': 'rbf'}",0.834484,0.061601,0.821247,0.062201,0.857231,0.073801,0.662385,0.124691,0.838636,0.06259,0.839239,0.062798,0.678478,0.125597
"{'classifier__C': 13500, 'classifier__gamma': 0.0025, 'classifier__kernel': 'rbf'}",0.837383,0.053862,0.816596,0.057406,0.873077,0.072804,0.671895,0.108237,0.843638,0.055331,0.844837,0.055379,0.689673,0.110757
"{'classifier__C': 13500, 'classifier__gamma': 0.001, 'classifier__kernel': 'rbf'}",0.837383,0.057265,0.818816,0.058945,0.869077,0.075559,0.670656,0.115724,0.84294,0.058754,0.843946,0.059064,0.687893,0.118129
"{'classifier__C': 13500, 'classifier__gamma': 'auto', 'classifier__kernel': 'rbf'}",0.811168,0.061534,0.825581,0.058104,0.785692,0.089755,0.60337,0.129516,0.804484,0.066224,0.805637,0.065737,0.611274,0.131475
"{'classifier__C': 13750, 'classifier__gamma': 0.5, 'classifier__kernel': 'rbf'}",0.723977,0.064655,0.766121,0.076538,0.650769,0.075221,0.416206,0.131412,0.70487,0.063346,0.708445,0.063424,0.41689,0.126849
"{'classifier__C': 13750, 'classifier__gamma': 0.25, 'classifier__kernel': 'rbf'}",0.773402,0.042985,0.811786,0.052325,0.706154,0.105519,0.517813,0.095756,0.754109,0.054226,0.75897,0.051533,0.51794,0.103066
"{'classifier__C': 13750, 'classifier__gamma': 0.1, 'classifier__kernel': 'rbf'}",0.783525,0.055981,0.813901,0.068903,0.730308,0.107767,0.543828,0.120581,0.767959,0.06239,0.772104,0.060974,0.544208,0.121948
"{'classifier__C': 13750, 'classifier__gamma': 0.075, 'classifier__kernel': 'rbf'}",0.799531,0.063476,0.813953,0.061495,0.774,0.102028,0.580416,0.13471,0.792216,0.069182,0.793977,0.068879,0.587953,0.137759
"{'classifier__C': 13750, 'classifier__gamma': 0.05, 'classifier__kernel': 'rbf'}",0.811168,0.061534,0.825581,0.058104,0.785692,0.089755,0.60337,0.129516,0.804484,0.066224,0.805637,0.065737,0.611274,0.131475
"{'classifier__C': 13750, 'classifier__gamma': 0.025, 'classifier__kernel': 'rbf'}",0.827174,0.060342,0.830338,0.061238,0.821231,0.076623,0.640679,0.124494,0.82519,0.062249,0.825785,0.062148,0.651569,0.124296
"{'classifier__C': 13750, 'classifier__gamma': 0.01, 'classifier__kernel': 'rbf'}",0.835912,0.057347,0.830338,0.055905,0.845385,0.076414,0.66168,0.118818,0.837307,0.059742,0.837861,0.05991,0.675723,0.11982
"{'classifier__C': 13750, 'classifier__gamma': 0.0075, 'classifier__kernel': 'rbf'}",0.837404,0.061137,0.828118,0.054793,0.853231,0.079802,0.665638,0.127285,0.84028,0.064165,0.840675,0.064409,0.681349,0.128818
"{'classifier__C': 13750, 'classifier__gamma': 0.005, 'classifier__kernel': 'rbf'}",0.834484,0.061601,0.821247,0.062201,0.857231,0.073801,0.662385,0.124691,0.838636,0.06259,0.839239,0.062798,0.678478,0.125597
"{'classifier__C': 13750, 'classifier__gamma': 0.0025, 'classifier__kernel': 'rbf'}",0.837383,0.053862,0.816596,0.057406,0.873077,0.072804,0.671895,0.108237,0.843638,0.055331,0.844837,0.055379,0.689673,0.110757
"{'classifier__C': 13750, 'classifier__gamma': 0.001, 'classifier__kernel': 'rbf'}",0.838832,0.057144,0.821089,0.058437,0.869077,0.075559,0.673082,0.115577,0.844127,0.058735,0.845083,0.059043,0.690166,0.118086
"{'classifier__C': 13750, 'classifier__gamma': 'auto', 'classifier__kernel': 'rbf'}",0.811168,0.061534,0.825581,0.058104,0.785692,0.089755,0.60337,0.129516,0.804484,0.066224,0.805637,0.065737,0.611274,0.131475
"{'classifier__C': 14000, 'classifier__gamma': 0.5, 'classifier__kernel': 'rbf'}",0.723977,0.064655,0.766121,0.076538,0.650769,0.075221,0.416206,0.131412,0.70487,0.063346,0.708445,0.063424,0.41689,0.126849
"{'classifier__C': 14000, 'classifier__gamma': 0.25, 'classifier__kernel': 'rbf'}",0.773402,0.042985,0.811786,0.052325,0.706154,0.105519,0.517813,0.095756,0.754109,0.054226,0.75897,0.051533,0.51794,0.103066
"{'classifier__C': 14000, 'classifier__gamma': 0.1, 'classifier__kernel': 'rbf'}",0.786424,0.054334,0.816173,0.071579,0.734308,0.103515,0.550669,0.115471,0.771114,0.059082,0.775241,0.057898,0.550481,0.115796
"{'classifier__C': 14000, 'classifier__gamma': 0.075, 'classifier__kernel': 'rbf'}",0.799531,0.063476,0.813953,0.061495,0.774,0.102028,0.580416,0.13471,0.792216,0.069182,0.793977,0.068879,0.587953,0.137759
"{'classifier__C': 14000, 'classifier__gamma': 0.05, 'classifier__kernel': 'rbf'}",0.809719,0.06269,0.823256,0.060788,0.785692,0.089755,0.600926,0.131199,0.803311,0.066954,0.804474,0.066485,0.608948,0.132971
"{'classifier__C': 14000, 'classifier__gamma': 0.025, 'classifier__kernel': 'rbf'}",0.828623,0.060125,0.832611,0.061166,0.821231,0.076623,0.64329,0.123994,0.826306,0.062049,0.826921,0.061936,0.653842,0.123872
"{'classifier__C': 14000, 'classifier__gamma': 0.01, 'classifier__kernel': 'rbf'}",0.835912,0.057347,0.830338,0.055905,0.845385,0.076414,0.66168,0.118818,0.837307,0.059742,0.837861,0.05991,0.675723,0.11982
"{'classifier__C': 14000, 'classifier__gamma': 0.0075, 'classifier__kernel': 'rbf'}",0.837404,0.061137,0.828118,0.054793,0.853231,0.079802,0.665638,0.127285,0.84028,0.064165,0.840675,0.064409,0.681349,0.128818
"{'classifier__C': 14000, 'classifier__gamma': 0.005, 'classifier__kernel': 'rbf'}",0.834484,0.061601,0.821247,0.062201,0.857231,0.073801,0.662385,0.124691,0.838636,0.06259,0.839239,0.062798,0.678478,0.125597
"{'classifier__C': 14000, 'classifier__gamma': 0.0025, 'classifier__kernel': 'rbf'}",0.838832,0.054123,0.818922,0.056777,0.873077,0.072804,0.674272,0.108921,0.844885,0.055697,0.845999,0.05574,0.691999,0.111481
"{'classifier__C': 14000, 'classifier__gamma': 0.001, 'classifier__kernel': 'rbf'}",0.835934,0.057714,0.816543,0.057596,0.869077,0.075559,0.667913,0.11712,0.841867,0.059431,0.84281,0.059777,0.68562,0.119553
"{'classifier__C': 14000, 'classifier__gamma': 'auto', 'classifier__kernel': 'rbf'}",0.809719,0.06269,0.823256,0.060788,0.785692,0.089755,0.600926,0.131199,0.803311,0.066954,0.804474,0.066485,0.608948,0.132971
"{'classifier__C': 14250, 'classifier__gamma': 0.5, 'classifier__kernel': 'rbf'}",0.723977,0.064655,0.766121,0.076538,0.650769,0.075221,0.416206,0.131412,0.70487,0.063346,0.708445,0.063424,0.41689,0.126849
"{'classifier__C': 14250, 'classifier__gamma': 0.25, 'classifier__kernel': 'rbf'}",0.773402,0.042985,0.811786,0.052325,0.706154,0.105519,0.517813,0.095756,0.754109,0.054226,0.75897,0.051533,0.51794,0.103066
"{'classifier__C': 14250, 'classifier__gamma': 0.1, 'classifier__kernel': 'rbf'}",0.787894,0.055504,0.818499,0.071846,0.734308,0.103515,0.55326,0.117661,0.772287,0.060281,0.776403,0.059031,0.552807,0.118062
"{'classifier__C': 14250, 'classifier__gamma': 0.075, 'classifier__kernel': 'rbf'}",0.799531,0.063476,0.813953,0.061495,0.774,0.102028,0.580416,0.13471,0.792216,0.069182,0.793977,0.068879,0.587953,0.137759
"{'classifier__C': 14250, 'classifier__gamma': 0.05, 'classifier__kernel': 'rbf'}",0.808269,0.062798,0.820983,0.06051,0.785692,0.089755,0.598266,0.13154,0.802223,0.067096,0.803338,0.066641,0.606675,0.133283
"{'classifier__C': 14250, 'classifier__gamma': 0.025, 'classifier__kernel': 'rbf'}",0.825703,0.059874,0.832611,0.061166,0.813231,0.074208,0.636133,0.123273,0.822335,0.061449,0.822921,0.061357,0.645842,0.122713
"{'classifier__C': 14250, 'classifier__gamma': 0.01, 'classifier__kernel': 'rbf'}",0.835912,0.057347,0.830338,0.055905,0.845385,0.076414,0.66168,0.118818,0.837307,0.059742,0.837861,0.05991,0.675723,0.11982
"{'classifier__C': 14250, 'classifier__gamma': 0.0075, 'classifier__kernel': 'rbf'}",0.837404,0.061137,0.828118,0.054793,0.853231,0.079802,0.665638,0.127285,0.84028,0.064165,0.840675,0.064409,0.681349,0.128818
"{'classifier__C': 14250, 'classifier__gamma': 0.005, 'classifier__kernel': 'rbf'}",0.834484,0.061601,0.821247,0.062201,0.857231,0.073801,0.662385,0.124691,0.838636,0.06259,0.839239,0.062798,0.678478,0.125597
"{'classifier__C': 14250, 'classifier__gamma': 0.0025, 'classifier__kernel': 'rbf'}",0.838832,0.054123,0.818922,0.056777,0.873077,0.072804,0.674272,0.108921,0.844885,0.055697,0.845999,0.05574,0.691999,0.111481
"{'classifier__C': 14250, 'classifier__gamma': 0.001, 'classifier__kernel': 'rbf'}",0.835934,0.057714,0.816543,0.057596,0.869077,0.075559,0.667913,0.11712,0.841867,0.059431,0.84281,0.059777,0.68562,0.119553
"{'classifier__C': 14250, 'classifier__gamma': 'auto', 'classifier__kernel': 'rbf'}",0.808269,0.062798,0.820983,0.06051,0.785692,0.089755,0.598266,0.13154,0.802223,0.067096,0.803338,0.066641,0.606675,0.133283
"{'classifier__C': 14500, 'classifier__gamma': 0.5, 'classifier__kernel': 'rbf'}",0.723977,0.064655,0.766121,0.076538,0.650769,0.075221,0.416206,0.131412,0.70487,0.063346,0.708445,0.063424,0.41689,0.126849
"{'classifier__C': 14500, 'classifier__gamma': 0.25, 'classifier__kernel': 'rbf'}",0.773402,0.042985,0.811786,0.052325,0.706154,0.105519,0.517813,0.095756,0.754109,0.054226,0.75897,0.051533,0.51794,0.103066
"{'classifier__C': 14500, 'classifier__gamma': 0.1, 'classifier__kernel': 'rbf'}",0.786445,0.05693,0.818499,0.071846,0.730308,0.106272,0.54961,0.12144,0.770123,0.062299,0.774403,0.060999,0.548807,0.121997
"{'classifier__C': 14500, 'classifier__gamma': 0.075, 'classifier__kernel': 'rbf'}",0.798082,0.066582,0.811681,0.065768,0.774,0.102028,0.578048,0.139765,0.791159,0.07139,0.79284,0.07126,0.585681,0.142521
"{'classifier__C': 14500, 'classifier__gamma': 0.05, 'classifier__kernel': 'rbf'}",0.805371,0.064559,0.816385,0.064156,0.785692,0.089755,0.593306,0.134231,0.799928,0.068278,0.801039,0.067846,0.602077,0.135691
"{'classifier__C': 14500, 'classifier__gamma': 0.025, 'classifier__kernel': 'rbf'}",0.827153,0.05969,0.834884,0.06101,0.813231,0.074208,0.638743,0.122864,0.823451,0.061298,0.824057,0.061195,0.648114,0.12239
"{'classifier__C': 14500, 'classifier__gamma': 0.01, 'classifier__kernel': 'rbf'}",0.835912,0.057347,0.830338,0.055905,0.845385,0.076414,0.66168,0.118818,0.837307,0.059742,0.837861,0.05991,0.675723,0.11982
"{'classifier__C': 14500, 'classifier__gamma': 0.0075, 'classifier__kernel': 'rbf'}",0.837404,0.061137,0.828118,0.054793,0.853231,0.079802,0.665638,0.127285,0.84028,0.064165,0.840675,0.064409,0.681349,0.128818
"{'classifier__C': 14500, 'classifier__gamma': 0.005, 'classifier__kernel': 'rbf'}",0.834484,0.061601,0.821247,0.062201,0.857231,0.073801,0.662385,0.124691,0.838636,0.06259,0.839239,0.062798,0.678478,0.125597
"{'classifier__C': 14500, 'classifier__gamma': 0.0025, 'classifier__kernel': 'rbf'}",0.838832,0.054123,0.818922,0.056777,0.873077,0.072804,0.674272,0.108921,0.844885,0.055697,0.845999,0.05574,0.691999,0.111481
"{'classifier__C': 14500, 'classifier__gamma': 0.001, 'classifier__kernel': 'rbf'}",0.834484,0.058123,0.814271,0.057036,0.869077,0.075559,0.665302,0.118194,0.840751,0.05993,0.841674,0.060296,0.683348,0.120593
"{'classifier__C': 14500, 'classifier__gamma': 'auto', 'classifier__kernel': 'rbf'}",0.805371,0.064559,0.816385,0.064156,0.785692,0.089755,0.593306,0.134231,0.799928,0.068278,0.801039,0.067846,0.602077,0.135691
"{'classifier__C': 14750, 'classifier__gamma': 0.5, 'classifier__kernel': 'rbf'}",0.723977,0.064655,0.766121,0.076538,0.650769,0.075221,0.416206,0.131412,0.70487,0.063346,0.708445,0.063424,0.41689,0.126849
"{'classifier__C': 14750, 'classifier__gamma': 0.25, 'classifier__kernel': 'rbf'}",0.773402,0.042985,0.811786,0.052325,0.706154,0.105519,0.517813,0.095756,0.754109,0.054226,0.75897,0.051533,0.51794,0.103066
"{'classifier__C': 14750, 'classifier__gamma': 0.1, 'classifier__kernel': 'rbf'}",0.789344,0.055157,0.825423,0.067025,0.726308,0.0996,0.553227,0.117549,0.771739,0.060848,0.775865,0.05907,0.551731,0.118139
"{'classifier__C': 14750, 'classifier__gamma': 0.075, 'classifier__kernel': 'rbf'}",0.798082,0.066582,0.811681,0.065768,0.774,0.102028,0.578048,0.139765,0.791159,0.07139,0.79284,0.07126,0.585681,0.142521
"{'classifier__C': 14750, 'classifier__gamma': 0.05, 'classifier__kernel': 'rbf'}",0.805371,0.064559,0.816385,0.064156,0.785692,0.089755,0.593306,0.134231,0.799928,0.068278,0.801039,0.067846,0.602077,0.135691
"{'classifier__C': 14750, 'classifier__gamma': 0.025, 'classifier__kernel': 'rbf'}",0.827153,0.05969,0.834884,0.06101,0.813231,0.074208,0.638743,0.122864,0.823451,0.061298,0.824057,0.061195,0.648114,0.12239
"{'classifier__C': 14750, 'classifier__gamma': 0.01, 'classifier__kernel': 'rbf'}",0.835912,0.057347,0.830338,0.055905,0.845385,0.076414,0.66168,0.118818,0.837307,0.059742,0.837861,0.05991,0.675723,0.11982
"{'classifier__C': 14750, 'classifier__gamma': 0.0075, 'classifier__kernel': 'rbf'}",0.838853,0.06033,0.828118,0.054793,0.857231,0.078016,0.669268,0.125289,0.84225,0.063122,0.842675,0.063346,0.685349,0.126692
"{'classifier__C': 14750, 'classifier__gamma': 0.005, 'classifier__kernel': 'rbf'}",0.834484,0.061601,0.821247,0.062201,0.857231,0.073801,0.662385,0.124691,0.838636,0.06259,0.839239,0.062798,0.678478,0.125597
"{'classifier__C': 14750, 'classifier__gamma': 0.0025, 'classifier__kernel': 'rbf'}",0.838832,0.054123,0.818922,0.056777,0.873077,0.072804,0.674272,0.108921,0.844885,0.055697,0.845999,0.05574,0.691999,0.111481
"{'classifier__C': 14750, 'classifier__gamma': 0.001, 'classifier__kernel': 'rbf'}",0.834484,0.058123,0.814271,0.057036,0.869077,0.075559,0.665302,0.118194,0.840751,0.05993,0.841674,0.060296,0.683348,0.120593
"{'classifier__C': 14750, 'classifier__gamma': 'auto', 'classifier__kernel': 'rbf'}",0.805371,0.064559,0.816385,0.064156,0.785692,0.089755,0.593306,0.134231,0.799928,0.068278,0.801039,0.067846,0.602077,0.135691
"{'classifier__C': 15000, 'classifier__gamma': 0.5, 'classifier__kernel': 'rbf'}",0.723977,0.064655,0.766121,0.076538,0.650769,0.075221,0.416206,0.131412,0.70487,0.063346,0.708445,0.063424,0.41689,0.126849
"{'classifier__C': 15000, 'classifier__gamma': 0.25, 'classifier__kernel': 'rbf'}",0.771952,0.044339,0.809461,0.052693,0.706154,0.105519,0.515069,0.098393,0.753091,0.055175,0.757807,0.052639,0.515615,0.105278
"{'classifier__C': 15000, 'classifier__gamma': 0.1, 'classifier__kernel': 'rbf'}",0.790793,0.053213,0.827696,0.064776,0.726308,0.0996,0.555755,0.114106,0.772781,0.059563,0.777002,0.057594,0.554003,0.115188
"{'classifier__C': 15000, 'classifier__gamma': 0.075, 'classifier__kernel': 'rbf'}",0.796633,0.06643,0.809408,0.063502,0.774,0.102028,0.575065,0.139921,0.790157,0.071661,0.791704,0.071496,0.583408,0.142991
"{'classifier__C': 15000, 'classifier__gamma': 0.05, 'classifier__kernel': 'rbf'}",0.805371,0.065848,0.818658,0.063775,0.781846,0.09119,0.592253,0.137141,0.799146,0.06977,0.800252,0.069387,0.600504,0.138774
"{'classifier__C': 15000, 'classifier__gamma': 0.025, 'classifier__kernel': 'rbf'}",0.828602,0.059822,0.837156,0.061612,0.813231,0.074208,0.641448,0.122966,0.824552,0.061329,0.825194,0.061223,0.650387,0.122446
"{'classifier__C': 15000, 'classifier__gamma': 0.01, 'classifier__kernel': 'rbf'}",0.835912,0.057347,0.830338,0.055905,0.845385,0.076414,0.66168,0.118818,0.837307,0.059742,0.837861,0.05991,0.675723,0.11982
"{'classifier__C': 15000, 'classifier__gamma': 0.0075, 'classifier__kernel': 'rbf'}",0.838853,0.06033,0.828118,0.054793,0.857231,0.078016,0.669268,0.125289,0.84225,0.063122,0.842675,0.063346,0.685349,0.126692
"{'classifier__C': 15000, 'classifier__gamma': 0.005, 'classifier__kernel': 'rbf'}",0.835934,0.061215,0.82352,0.060786,0.857231,0.073801,0.664741,0.124263,0.83984,0.062424,0.840375,0.062658,0.680751,0.125316
"{'classifier__C': 15000, 'classifier__gamma': 0.0025, 'classifier__kernel': 'rbf'}",0.838832,0.054123,0.818922,0.056777,0.873077,0.072804,0.674272,0.108921,0.844885,0.055697,0.845999,0.05574,0.691999,0.111481
"{'classifier__C': 15000, 'classifier__gamma': 0.001, 'classifier__kernel': 'rbf'}",0.834484,0.058123,0.814271,0.057036,0.869077,0.075559,0.665302,0.118194,0.840751,0.05993,0.841674,0.060296,0.683348,0.120593
"{'classifier__C': 15000, 'classifier__gamma': 'auto', 'classifier__kernel': 'rbf'}",0.805371,0.065848,0.818658,0.063775,0.781846,0.09119,0.592253,0.137141,0.799146,0.06977,0.800252,0.069387,0.600504,0.138774
"{'classifier__C': 15250, 'classifier__gamma': 0.5, 'classifier__kernel': 'rbf'}",0.723977,0.064655,0.766121,0.076538,0.650769,0.075221,0.416206,0.131412,0.70487,0.063346,0.708445,0.063424,0.41689,0.126849
"{'classifier__C': 15250, 'classifier__gamma': 0.25, 'classifier__kernel': 'rbf'}",0.770482,0.043324,0.809461,0.052693,0.702154,0.101032,0.511413,0.095338,0.751127,0.053253,0.755807,0.050761,0.511615,0.101522
"{'classifier__C': 15250, 'classifier__gamma': 0.1, 'classifier__kernel': 'rbf'}",0.789344,0.053219,0.827696,0.064776,0.722308,0.097338,0.552142,0.113857,0.770761,0.059023,0.775002,0.057185,0.550003,0.114371
"{'classifier__C': 15250, 'classifier__gamma': 0.075, 'classifier__kernel': 'rbf'}",0.796633,0.06643,0.809408,0.063502,0.774,0.102028,0.575065,0.139921,0.790157,0.071661,0.791704,0.071496,0.583408,0.142991
"{'classifier__C': 15250, 'classifier__gamma': 0.05, 'classifier__kernel': 'rbf'}",0.806841,0.067047,0.820983,0.064825,0.781846,0.09119,0.594874,0.139392,0.80033,0.070857,0.801415,0.070445,0.602829,0.140889
"{'classifier__C': 15250, 'classifier__gamma': 0.025, 'classifier__kernel': 'rbf'}",0.828602,0.059822,0.837156,0.061612,0.813231,0.074208,0.641448,0.122966,0.824552,0.061329,0.825194,0.061223,0.650387,0.122446
"{'classifier__C': 15250, 'classifier__gamma': 0.01, 'classifier__kernel': 'rbf'}",0.835912,0.057347,0.830338,0.055905,0.845385,0.076414,0.66168,0.118818,0.837307,0.059742,0.837861,0.05991,0.675723,0.11982
"{'classifier__C': 15250, 'classifier__gamma': 0.0075, 'classifier__kernel': 'rbf'}",0.838853,0.06033,0.828118,0.054793,0.857231,0.078016,0.669268,0.125289,0.84225,0.063122,0.842675,0.063346,0.685349,0.126692
"{'classifier__C': 15250, 'classifier__gamma': 0.005, 'classifier__kernel': 'rbf'}",0.835934,0.061215,0.82352,0.060786,0.857231,0.073801,0.664741,0.124263,0.83984,0.062424,0.840375,0.062658,0.680751,0.125316
"{'classifier__C': 15250, 'classifier__gamma': 0.0025, 'classifier__kernel': 'rbf'}",0.838832,0.054123,0.818922,0.056777,0.873077,0.072804,0.674272,0.108921,0.844885,0.055697,0.845999,0.05574,0.691999,0.111481
"{'classifier__C': 15250, 'classifier__gamma': 0.001, 'classifier__kernel': 'rbf'}",0.835934,0.057714,0.816543,0.057596,0.869077,0.075559,0.667913,0.11712,0.841867,0.059431,0.84281,0.059777,0.68562,0.119553
"{'classifier__C': 15250, 'classifier__gamma': 'auto', 'classifier__kernel': 'rbf'}",0.806841,0.067047,0.820983,0.064825,0.781846,0.09119,0.594874,0.139392,0.80033,0.070857,0.801415,0.070445,0.602829,0.140889
"{'classifier__C': 15500, 'classifier__gamma': 0.5, 'classifier__kernel': 'rbf'}",0.723977,0.064655,0.766121,0.076538,0.650769,0.075221,0.416206,0.131412,0.70487,0.063346,0.708445,0.063424,0.41689,0.126849
"{'classifier__C': 15500, 'classifier__gamma': 0.25, 'classifier__kernel': 'rbf'}",0.770482,0.042836,0.807188,0.049734,0.706154,0.097643,0.511878,0.094257,0.752515,0.052422,0.756671,0.050161,0.513342,0.100322
"{'classifier__C': 15500, 'classifier__gamma': 0.1, 'classifier__kernel': 'rbf'}",0.790793,0.053213,0.829968,0.063999,0.722308,0.097338,0.554715,0.113929,0.771864,0.059242,0.776138,0.057341,0.552276,0.114682
"{'classifier__C': 15500, 'classifier__gamma': 0.075, 'classifier__kernel': 'rbf'}",0.798082,0.066582,0.811734,0.063199,0.774,0.102028,0.577599,0.140306,0.791324,0.071892,0.792867,0.071702,0.585734,0.143405
"{'classifier__C': 15500, 'classifier__gamma': 0.05, 'classifier__kernel': 'rbf'}",0.806841,0.067047,0.820983,0.064825,0.781846,0.09119,0.594874,0.139392,0.80033,0.070857,0.801415,0.070445,0.602829,0.140889
"{'classifier__C': 15500, 'classifier__gamma': 0.025, 'classifier__kernel': 'rbf'}",0.827153,0.060737,0.834884,0.063499,0.813231,0.074208,0.638996,0.124406,0.823404,0.061925,0.824057,0.061825,0.648114,0.12365
"{'classifier__C': 15500, 'classifier__gamma': 0.01, 'classifier__kernel': 'rbf'}",0.835912,0.057347,0.830338,0.055905,0.845385,0.076414,0.66168,0.118818,0.837307,0.059742,0.837861,0.05991,0.675723,0.11982
"{'classifier__C': 15500, 'classifier__gamma': 0.0075, 'classifier__kernel': 'rbf'}",0.837383,0.058323,0.828118,0.054793,0.853231,0.073542,0.665824,0.120678,0.840285,0.060515,0.840675,0.060708,0.681349,0.121416
"{'classifier__C': 15500, 'classifier__gamma': 0.005, 'classifier__kernel': 'rbf'}",0.835934,0.061215,0.82352,0.060786,0.857231,0.073801,0.664741,0.124263,0.83984,0.062424,0.840375,0.062658,0.680751,0.125316
"{'classifier__C': 15500, 'classifier__gamma': 0.0025, 'classifier__kernel': 'rbf'}",0.838832,0.054123,0.818922,0.056777,0.873077,0.072804,0.674272,0.108921,0.844885,0.055697,0.845999,0.05574,0.691999,0.111481
"{'classifier__C': 15500, 'classifier__gamma': 0.001, 'classifier__kernel': 'rbf'}",0.835934,0.057714,0.816543,0.057596,0.869077,0.075559,0.667913,0.11712,0.841867,0.059431,0.84281,0.059777,0.68562,0.119553
"{'classifier__C': 15500, 'classifier__gamma': 'auto', 'classifier__kernel': 'rbf'}",0.806841,0.067047,0.820983,0.064825,0.781846,0.09119,0.594874,0.139392,0.80033,0.070857,0.801415,0.070445,0.602829,0.140889
"{'classifier__C': 15750, 'classifier__gamma': 0.5, 'classifier__kernel': 'rbf'}",0.723977,0.064655,0.766121,0.076538,0.650769,0.075221,0.416206,0.131412,0.70487,0.063346,0.708445,0.063424,0.41689,0.126849
"{'classifier__C': 15750, 'classifier__gamma': 0.25, 'classifier__kernel': 'rbf'}",0.769011,0.040683,0.804863,0.048811,0.706154,0.097643,0.509287,0.090329,0.751342,0.050582,0.755508,0.048351,0.511016,0.096701
"{'classifier__C': 15750, 'classifier__gamma': 0.1, 'classifier__kernel': 'rbf'}",0.792242,0.053562,0.832241,0.063944,0.722308,0.097338,0.557375,0.114551,0.772951,0.059637,0.777274,0.057698,0.554549,0.115396
"{'classifier__C': 15750, 'classifier__gamma': 0.075, 'classifier__kernel': 'rbf'}",0.798082,0.066582,0.811734,0.063199,0.774,0.102028,0.577599,0.140306,0.791324,0.071892,0.792867,0.071702,0.585734,0.143405
"{'classifier__C': 15750, 'classifier__gamma': 0.05, 'classifier__kernel': 'rbf'}",0.806841,0.067047,0.82093,0.065787,0.781846,0.09119,0.595,0.139111,0.800251,0.070682,0.801388,0.070278,0.602776,0.140556
"{'classifier__C': 15750, 'classifier__gamma': 0.025, 'classifier__kernel': 'rbf'}",0.827153,0.060737,0.834884,0.063499,0.813231,0.074208,0.638996,0.124406,0.823404,0.061925,0.824057,0.061825,0.648114,0.12365
"{'classifier__C': 15750, 'classifier__gamma': 0.01, 'classifier__kernel': 'rbf'}",0.837383,0.058323,0.832664,0.055658,0.845385,0.076414,0.664094,0.120769,0.83856,0.06083,0.839024,0.060956,0.678048,0.121911
"{'classifier__C': 15750, 'classifier__gamma': 0.0075, 'classifier__kernel': 'rbf'}",0.837383,0.058323,0.828118,0.054793,0.853231,0.073542,0.665824,0.120678,0.840285,0.060515,0.840675,0.060708,0.681349,0.121416
"{'classifier__C': 15750, 'classifier__gamma': 0.005, 'classifier__kernel': 'rbf'}",0.835934,0.061215,0.82352,0.060786,0.857231,0.073801,0.664741,0.124263,0.83984,0.062424,0.840375,0.062658,0.680751,0.125316
"{'classifier__C': 15750, 'classifier__gamma': 0.0025, 'classifier__kernel': 'rbf'}",0.838832,0.054123,0.818922,0.056777,0.873077,0.072804,0.674272,0.108921,0.844885,0.055697,0.845999,0.05574,0.691999,0.111481
"{'classifier__C': 15750, 'classifier__gamma': 0.001, 'classifier__kernel': 'rbf'}",0.835934,0.057714,0.816543,0.057596,0.869077,0.075559,0.667913,0.11712,0.841867,0.059431,0.84281,0.059777,0.68562,0.119553
"{'classifier__C': 15750, 'classifier__gamma': 'auto', 'classifier__kernel': 'rbf'}",0.806841,0.067047,0.82093,0.065787,0.781846,0.09119,0.595,0.139111,0.800251,0.070682,0.801388,0.070278,0.602776,0.140556
"{'classifier__C': 16000, 'classifier__gamma': 0.5, 'classifier__kernel': 'rbf'}",0.722506,0.064213,0.766121,0.076538,0.646769,0.070202,0.4125,0.129803,0.702864,0.062127,0.706445,0.062322,0.41289,0.124644
"{'classifier__C': 16000, 'classifier__gamma': 0.25, 'classifier__kernel': 'rbf'}",0.769011,0.040683,0.804863,0.048811,0.706308,0.090752,0.509181,0.088439,0.751776,0.049077,0.755585,0.046925,0.51117,0.093851
"{'classifier__C': 16000, 'classifier__gamma': 0.1, 'classifier__kernel': 'rbf'}",0.792242,0.053562,0.832241,0.063944,0.722308,0.097338,0.557375,0.114551,0.772951,0.059637,0.777274,0.057698,0.554549,0.115396
"{'classifier__C': 16000, 'classifier__gamma': 0.075, 'classifier__kernel': 'rbf'}",0.798082,0.066582,0.811734,0.063199,0.774,0.102028,0.577599,0.140306,0.791324,0.071892,0.792867,0.071702,0.585734,0.143405
"{'classifier__C': 16000, 'classifier__gamma': 0.05, 'classifier__kernel': 'rbf'}",0.806841,0.067047,0.82093,0.065787,0.781846,0.09119,0.595,0.139111,0.800251,0.070682,0.801388,0.070278,0.602776,0.140556
"{'classifier__C': 16000, 'classifier__gamma': 0.025, 'classifier__kernel': 'rbf'}",0.827153,0.060737,0.834884,0.063499,0.813231,0.074208,0.638996,0.124406,0.823404,0.061925,0.824057,0.061825,0.648114,0.12365
"{'classifier__C': 16000, 'classifier__gamma': 0.01, 'classifier__kernel': 'rbf'}",0.837383,0.058323,0.832664,0.055658,0.845385,0.076414,0.664094,0.120769,0.83856,0.06083,0.839024,0.060956,0.678048,0.121911
"{'classifier__C': 16000, 'classifier__gamma': 0.0075, 'classifier__kernel': 'rbf'}",0.837383,0.058323,0.828118,0.054793,0.853231,0.073542,0.665824,0.120678,0.840285,0.060515,0.840675,0.060708,0.681349,0.121416
"{'classifier__C': 16000, 'classifier__gamma': 0.005, 'classifier__kernel': 'rbf'}",0.835934,0.061215,0.82352,0.060786,0.857231,0.073801,0.664741,0.124263,0.83984,0.062424,0.840375,0.062658,0.680751,0.125316
"{'classifier__C': 16000, 'classifier__gamma': 0.0025, 'classifier__kernel': 'rbf'}",0.838832,0.054123,0.818922,0.056777,0.873077,0.072804,0.674272,0.108921,0.844885,0.055697,0.845999,0.05574,0.691999,0.111481
"{'classifier__C': 16000, 'classifier__gamma': 0.001, 'classifier__kernel': 'rbf'}",0.835934,0.057714,0.816543,0.057596,0.869077,0.075559,0.667913,0.11712,0.841867,0.059431,0.84281,0.059777,0.68562,0.119553
"{'classifier__C': 16000, 'classifier__gamma': 'auto', 'classifier__kernel': 'rbf'}",0.806841,0.067047,0.82093,0.065787,0.781846,0.09119,0.595,0.139111,0.800251,0.070682,0.801388,0.070278,0.602776,0.140556
"{'classifier__C': 16250, 'classifier__gamma': 0.5, 'classifier__kernel': 'rbf'}",0.723956,0.062083,0.768393,0.074306,0.646769,0.070202,0.414896,0.126001,0.703849,0.060473,0.707581,0.060463,0.415162,0.120927
"{'classifier__C': 16250, 'classifier__gamma': 0.25, 'classifier__kernel': 'rbf'}",0.77046,0.039312,0.807135,0.048849,0.706308,0.090752,0.511911,0.085367,0.752756,0.047935,0.756721,0.04563,0.513443,0.09126
"{'classifier__C': 16250, 'classifier__gamma': 0.1, 'classifier__kernel': 'rbf'}",0.789322,0.052897,0.832241,0.063944,0.714462,0.089992,0.550222,0.111859,0.76903,0.057563,0.773351,0.055723,0.546703,0.111446
"{'classifier__C': 16250, 'classifier__gamma': 0.075, 'classifier__kernel': 'rbf'}",0.796633,0.068301,0.811734,0.063199,0.770154,0.105694,0.574027,0.144449,0.789302,0.074181,0.790944,0.073902,0.581887,0.147804
"{'classifier__C': 16250, 'classifier__gamma': 0.05, 'classifier__kernel': 'rbf'}",0.806841,0.067047,0.82093,0.065787,0.781846,0.09119,0.595,0.139111,0.800251,0.070682,0.801388,0.070278,0.602776,0.140556
"{'classifier__C': 16250, 'classifier__gamma': 0.025, 'classifier__kernel': 'rbf'}",0.827153,0.060737,0.834884,0.063499,0.813231,0.074208,0.638996,0.124406,0.823404,0.061925,0.824057,0.061825,0.648114,0.12365
"{'classifier__C': 16250, 'classifier__gamma': 0.01, 'classifier__kernel': 'rbf'}",0.837383,0.058323,0.832664,0.055658,0.845385,0.076414,0.664094,0.120769,0.83856,0.06083,0.839024,0.060956,0.678048,0.121911
"{'classifier__C': 16250, 'classifier__gamma': 0.0075, 'classifier__kernel': 'rbf'}",0.835934,0.05912,0.828118,0.054793,0.849231,0.077319,0.662257,0.122926,0.838237,0.06187,0.838675,0.062031,0.677349,0.124061
"{'classifier__C': 16250, 'classifier__gamma': 0.005, 'classifier__kernel': 'rbf'}",0.835934,0.061215,0.82352,0.060786,0.857231,0.073801,0.664741,0.124263,0.83984,0.062424,0.840375,0.062658,0.680751,0.125316
"{'classifier__C': 16250, 'classifier__gamma': 0.0025, 'classifier__kernel': 'rbf'}",0.838832,0.054123,0.818922,0.056777,0.873077,0.072804,0.674272,0.108921,0.844885,0.055697,0.845999,0.05574,0.691999,0.111481
"{'classifier__C': 16250, 'classifier__gamma': 0.001, 'classifier__kernel': 'rbf'}",0.835934,0.057714,0.816543,0.057596,0.869077,0.075559,0.667913,0.11712,0.841867,0.059431,0.84281,0.059777,0.68562,0.119553
"{'classifier__C': 16250, 'classifier__gamma': 'auto', 'classifier__kernel': 'rbf'}",0.806841,0.067047,0.82093,0.065787,0.781846,0.09119,0.595,0.139111,0.800251,0.070682,0.801388,0.070278,0.602776,0.140556
"{'classifier__C': 16500, 'classifier__gamma': 0.5, 'classifier__kernel': 'rbf'}",0.723956,0.062083,0.768393,0.074306,0.646769,0.070202,0.414896,0.126001,0.703849,0.060473,0.707581,0.060463,0.415162,0.120927
"{'classifier__C': 16500, 'classifier__gamma': 0.25, 'classifier__kernel': 'rbf'}",0.77191,0.037835,0.807135,0.048849,0.710154,0.087577,0.515426,0.081718,0.754903,0.04585,0.758645,0.043691,0.517289,0.087383
"{'classifier__C': 16500, 'classifier__gamma': 0.1, 'classifier__kernel': 'rbf'}",0.789322,0.052897,0.832241,0.063944,0.714462,0.089992,0.550222,0.111859,0.76903,0.057563,0.773351,0.055723,0.546703,0.111446
"{'classifier__C': 16500, 'classifier__gamma': 0.075, 'classifier__kernel': 'rbf'}",0.796633,0.068301,0.811734,0.063199,0.770154,0.105694,0.574027,0.144449,0.789302,0.074181,0.790944,0.073902,0.581887,0.147804
"{'classifier__C': 16500, 'classifier__gamma': 0.05, 'classifier__kernel': 'rbf'}",0.806841,0.067047,0.82093,0.065787,0.781846,0.09119,0.595,0.139111,0.800251,0.070682,0.801388,0.070278,0.602776,0.140556
"{'classifier__C': 16500, 'classifier__gamma': 0.025, 'classifier__kernel': 'rbf'}",0.825703,0.060917,0.834884,0.063499,0.809231,0.075873,0.635478,0.125072,0.821327,0.062344,0.822057,0.062231,0.644114,0.124462
"{'classifier__C': 16500, 'classifier__gamma': 0.01, 'classifier__kernel': 'rbf'}",0.837383,0.058323,0.832664,0.055658,0.845385,0.076414,0.664094,0.120769,0.83856,0.06083,0.839024,0.060956,0.678048,0.121911
"{'classifier__C': 16500, 'classifier__gamma': 0.0075, 'classifier__kernel': 'rbf'}",0.835934,0.05912,0.828118,0.054793,0.849231,0.077319,0.662257,0.122926,0.838237,0.06187,0.838675,0.062031,0.677349,0.124061
"{'classifier__C': 16500, 'classifier__gamma': 0.005, 'classifier__kernel': 'rbf'}",0.835934,0.061215,0.82352,0.060786,0.857231,0.073801,0.664741,0.124263,0.83984,0.062424,0.840375,0.062658,0.680751,0.125316
"{'classifier__C': 16500, 'classifier__gamma': 0.0025, 'classifier__kernel': 'rbf'}",0.838832,0.054123,0.818922,0.056777,0.873077,0.072804,0.674272,0.108921,0.844885,0.055697,0.845999,0.05574,0.691999,0.111481
"{'classifier__C': 16500, 'classifier__gamma': 0.001, 'classifier__kernel': 'rbf'}",0.835934,0.057714,0.816543,0.057596,0.869077,0.075559,0.667913,0.11712,0.841867,0.059431,0.84281,0.059777,0.68562,0.119553
"{'classifier__C': 16500, 'classifier__gamma': 'auto', 'classifier__kernel': 'rbf'}",0.806841,0.067047,0.82093,0.065787,0.781846,0.09119,0.595,0.139111,0.800251,0.070682,0.801388,0.070278,0.602776,0.140556
"{'classifier__C': 16750, 'classifier__gamma': 0.5, 'classifier__kernel': 'rbf'}",0.723956,0.062083,0.768393,0.074306,0.646769,0.070202,0.414896,0.126001,0.703849,0.060473,0.707581,0.060463,0.415162,0.120927
"{'classifier__C': 16750, 'classifier__gamma': 0.25, 'classifier__kernel': 'rbf'}",0.76899,0.037567,0.80481,0.050113,0.706308,0.083979,0.50933,0.079886,0.751856,0.044388,0.755559,0.042403,0.511117,0.084807
"{'classifier__C': 16750, 'classifier__gamma': 0.1, 'classifier__kernel': 'rbf'}",0.789322,0.052897,0.832241,0.063944,0.714462,0.089992,0.550222,0.111859,0.76903,0.057563,0.773351,0.055723,0.546703,0.111446
"{'classifier__C': 16750, 'classifier__gamma': 0.075, 'classifier__kernel': 'rbf'}",0.796633,0.068301,0.811734,0.063199,0.770154,0.105694,0.574027,0.144449,0.789302,0.074181,0.790944,0.073902,0.581887,0.147804
"{'classifier__C': 16750, 'classifier__gamma': 0.05, 'classifier__kernel': 'rbf'}",0.806841,0.064492,0.823203,0.062011,0.777846,0.094628,0.593902,0.135407,0.799099,0.069558,0.800525,0.068818,0.601049,0.137637
"{'classifier__C': 16750, 'classifier__gamma': 0.025, 'classifier__kernel': 'rbf'}",0.825703,0.060917,0.834884,0.063499,0.809231,0.075873,0.635478,0.125072,0.821327,0.062344,0.822057,0.062231,0.644114,0.124462
"{'classifier__C': 16750, 'classifier__gamma': 0.01, 'classifier__kernel': 'rbf'}",0.837383,0.058323,0.832664,0.055658,0.845385,0.076414,0.664094,0.120769,0.83856,0.06083,0.839024,0.060956,0.678048,0.121911
"{'classifier__C': 16750, 'classifier__gamma': 0.0075, 'classifier__kernel': 'rbf'}",0.835934,0.05912,0.828118,0.054793,0.849231,0.077319,0.662257,0.122926,0.838237,0.06187,0.838675,0.062031,0.677349,0.124061
"{'classifier__C': 16750, 'classifier__gamma': 0.005, 'classifier__kernel': 'rbf'}",0.835934,0.061215,0.82352,0.060786,0.857231,0.073801,0.664741,0.124263,0.83984,0.062424,0.840375,0.062658,0.680751,0.125316
"{'classifier__C': 16750, 'classifier__gamma': 0.0025, 'classifier__kernel': 'rbf'}",0.837383,0.052279,0.818922,0.056777,0.869077,0.071198,0.670886,0.104897,0.842875,0.053466,0.843999,0.053561,0.687999,0.107123
"{'classifier__C': 16750, 'classifier__gamma': 0.001, 'classifier__kernel': 'rbf'}",0.835934,0.057714,0.816543,0.057596,0.869077,0.075559,0.667913,0.11712,0.841867,0.059431,0.84281,0.059777,0.68562,0.119553
"{'classifier__C': 16750, 'classifier__gamma': 'auto', 'classifier__kernel': 'rbf'}",0.806841,0.064492,0.823203,0.062011,0.777846,0.094628,0.593902,0.135407,0.799099,0.069558,0.800525,0.068818,0.601049,0.137637
"{'classifier__C': 17000, 'classifier__gamma': 0.5, 'classifier__kernel': 'rbf'}",0.723956,0.062083,0.768393,0.074306,0.646769,0.070202,0.414896,0.126001,0.703849,0.060473,0.707581,0.060463,0.415162,0.120927
"{'classifier__C': 17000, 'classifier__gamma': 0.25, 'classifier__kernel': 'rbf'}",0.76899,0.037567,0.80481,0.050113,0.706308,0.083979,0.50933,0.079886,0.751856,0.044388,0.755559,0.042403,0.511117,0.084807
"{'classifier__C': 17000, 'classifier__gamma': 0.1, 'classifier__kernel': 'rbf'}",0.786402,0.050433,0.829968,0.060685,0.710462,0.085078,0.543461,0.105918,0.766036,0.054974,0.770215,0.053069,0.54043,0.106137
"{'classifier__C': 17000, 'classifier__gamma': 0.075, 'classifier__kernel': 'rbf'}",0.796633,0.068301,0.811734,0.063199,0.770154,0.105694,0.574027,0.144449,0.789302,0.074181,0.790944,0.073902,0.581887,0.147804
"{'classifier__C': 17000, 'classifier__gamma': 0.05, 'classifier__kernel': 'rbf'}",0.806841,0.064492,0.823203,0.062011,0.777846,0.094628,0.593902,0.135407,0.799099,0.069558,0.800525,0.068818,0.601049,0.137637
"{'classifier__C': 17000, 'classifier__gamma': 0.025, 'classifier__kernel': 'rbf'}",0.825703,0.060917,0.834884,0.063499,0.809231,0.075873,0.635478,0.125072,0.821327,0.062344,0.822057,0.062231,0.644114,0.124462
"{'classifier__C': 17000, 'classifier__gamma': 0.01, 'classifier__kernel': 'rbf'}",0.837383,0.058323,0.832664,0.055658,0.845385,0.076414,0.664094,0.120769,0.83856,0.06083,0.839024,0.060956,0.678048,0.121911
"{'classifier__C': 17000, 'classifier__gamma': 0.0075, 'classifier__kernel': 'rbf'}",0.835934,0.05912,0.828118,0.054793,0.849231,0.077319,0.662257,0.122926,0.838237,0.06187,0.838675,0.062031,0.677349,0.124061
"{'classifier__C': 17000, 'classifier__gamma': 0.005, 'classifier__kernel': 'rbf'}",0.835934,0.061215,0.82352,0.060786,0.857231,0.073801,0.664741,0.124263,0.83984,0.062424,0.840375,0.062658,0.680751,0.125316
"{'classifier__C': 17000, 'classifier__gamma': 0.0025, 'classifier__kernel': 'rbf'}",0.837383,0.052279,0.818922,0.056777,0.869077,0.071198,0.670886,0.104897,0.842875,0.053466,0.843999,0.053561,0.687999,0.107123
"{'classifier__C': 17000, 'classifier__gamma': 0.001, 'classifier__kernel': 'rbf'}",0.835934,0.057714,0.816543,0.057596,0.869077,0.075559,0.667913,0.11712,0.841867,0.059431,0.84281,0.059777,0.68562,0.119553
"{'classifier__C': 17000, 'classifier__gamma': 'auto', 'classifier__kernel': 'rbf'}",0.806841,0.064492,0.823203,0.062011,0.777846,0.094628,0.593902,0.135407,0.799099,0.069558,0.800525,0.068818,0.601049,0.137637
"{'classifier__C': 17250, 'classifier__gamma': 0.5, 'classifier__kernel': 'rbf'}",0.723956,0.062083,0.768393,0.074306,0.646769,0.070202,0.414896,0.126001,0.703849,0.060473,0.707581,0.060463,0.415162,0.120927
"{'classifier__C': 17250, 'classifier__gamma': 0.25, 'classifier__kernel': 'rbf'}",0.76899,0.037567,0.80481,0.050113,0.706308,0.083979,0.50933,0.079886,0.751856,0.044388,0.755559,0.042403,0.511117,0.084807
"{'classifier__C': 17250, 'classifier__gamma': 0.1, 'classifier__kernel': 'rbf'}",0.786424,0.051221,0.830021,0.058843,0.710462,0.085078,0.543018,0.107619,0.766203,0.056331,0.770241,0.054281,0.540483,0.108563
"{'classifier__C': 17250, 'classifier__gamma': 0.075, 'classifier__kernel': 'rbf'}",0.796633,0.068301,0.809461,0.063335,0.774154,0.105991,0.575067,0.14445,0.790219,0.074222,0.791807,0.073926,0.583615,0.147851
"{'classifier__C': 17250, 'classifier__gamma': 0.05, 'classifier__kernel': 'rbf'}",0.806841,0.064492,0.823203,0.062011,0.777846,0.094628,0.593902,0.135407,0.799099,0.069558,0.800525,0.068818,0.601049,0.137637
"{'classifier__C': 17250, 'classifier__gamma': 0.025, 'classifier__kernel': 'rbf'}",0.825703,0.060917,0.834884,0.063499,0.809231,0.075873,0.635478,0.125072,0.821327,0.062344,0.822057,0.062231,0.644114,0.124462
"{'classifier__C': 17250, 'classifier__gamma': 0.01, 'classifier__kernel': 'rbf'}",0.837383,0.058323,0.832664,0.055658,0.845385,0.076414,0.664094,0.120769,0.83856,0.06083,0.839024,0.060956,0.678048,0.121911
"{'classifier__C': 17250, 'classifier__gamma': 0.0075, 'classifier__kernel': 'rbf'}",0.835934,0.05912,0.828118,0.054793,0.849231,0.077319,0.662257,0.122926,0.838237,0.06187,0.838675,0.062031,0.677349,0.124061
"{'classifier__C': 17250, 'classifier__gamma': 0.005, 'classifier__kernel': 'rbf'}",0.835934,0.061215,0.82352,0.060786,0.857231,0.073801,0.664741,0.124263,0.83984,0.062424,0.840375,0.062658,0.680751,0.125316
"{'classifier__C': 17250, 'classifier__gamma': 0.0025, 'classifier__kernel': 'rbf'}",0.837383,0.052279,0.818922,0.056777,0.869077,0.071198,0.670886,0.104897,0.842875,0.053466,0.843999,0.053561,0.687999,0.107123
"{'classifier__C': 17250, 'classifier__gamma': 0.001, 'classifier__kernel': 'rbf'}",0.837383,0.054637,0.816543,0.057596,0.873077,0.070572,0.671723,0.109534,0.843737,0.055741,0.84481,0.055872,0.68962,0.111743
"{'classifier__C': 17250, 'classifier__gamma': 'auto', 'classifier__kernel': 'rbf'}",0.806841,0.064492,0.823203,0.062011,0.777846,0.094628,0.593902,0.135407,0.799099,0.069558,0.800525,0.068818,0.601049,0.137637
"{'classifier__C': 17500, 'classifier__gamma': 0.5, 'classifier__kernel': 'rbf'}",0.722506,0.062891,0.766121,0.075176,0.646769,0.070202,0.412412,0.127547,0.702824,0.061107,0.706445,0.061168,0.41289,0.122335
"{'classifier__C': 17500, 'classifier__gamma': 0.25, 'classifier__kernel': 'rbf'}",0.76899,0.037567,0.80481,0.050113,0.706308,0.083979,0.50933,0.079886,0.751856,0.044388,0.755559,0.042403,0.511117,0.084807
"{'classifier__C': 17500, 'classifier__gamma': 0.1, 'classifier__kernel': 'rbf'}",0.786424,0.051221,0.830021,0.058843,0.710462,0.085078,0.543018,0.107619,0.766203,0.056331,0.770241,0.054281,0.540483,0.108563
"{'classifier__C': 17500, 'classifier__gamma': 0.075, 'classifier__kernel': 'rbf'}",0.793713,0.06733,0.809461,0.063335,0.766308,0.101861,0.567958,0.141794,0.786319,0.072601,0.787884,0.072338,0.575769,0.144676
"{'classifier__C': 17500, 'classifier__gamma': 0.05, 'classifier__kernel': 'rbf'}",0.805371,0.063586,0.820877,0.061878,0.777846,0.094628,0.591367,0.133637,0.797898,0.068623,0.799362,0.06792,0.598724,0.135839
"{'classifier__C': 17500, 'classifier__gamma': 0.025, 'classifier__kernel': 'rbf'}",0.825703,0.061603,0.834831,0.066888,0.809231,0.075873,0.635921,0.125728,0.821174,0.062436,0.822031,0.06233,0.644062,0.12466
"{'classifier__C': 17500, 'classifier__gamma': 0.01, 'classifier__kernel': 'rbf'}",0.837383,0.058323,0.832664,0.055658,0.845385,0.076414,0.664094,0.120769,0.83856,0.06083,0.839024,0.060956,0.678048,0.121911
"{'classifier__C': 17500, 'classifier__gamma': 0.0075, 'classifier__kernel': 'rbf'}",0.835934,0.05912,0.828118,0.054793,0.849231,0.077319,0.662257,0.122926,0.838237,0.06187,0.838675,0.062031,0.677349,0.124061
"{'classifier__C': 17500, 'classifier__gamma': 0.005, 'classifier__kernel': 'rbf'}",0.835934,0.061215,0.82352,0.060786,0.857231,0.073801,0.664741,0.124263,0.83984,0.062424,0.840375,0.062658,0.680751,0.125316
"{'classifier__C': 17500, 'classifier__gamma': 0.0025, 'classifier__kernel': 'rbf'}",0.838832,0.054123,0.821195,0.060663,0.869077,0.071198,0.673797,0.108308,0.843986,0.054628,0.845136,0.054729,0.690271,0.109459
"{'classifier__C': 17500, 'classifier__gamma': 0.001, 'classifier__kernel': 'rbf'}",0.838832,0.054123,0.818816,0.058063,0.873077,0.070572,0.674334,0.108219,0.844853,0.055144,0.845946,0.055246,0.691893,0.110491
"{'classifier__C': 17500, 'classifier__gamma': 'auto', 'classifier__kernel': 'rbf'}",0.805371,0.063586,0.820877,0.061878,0.777846,0.094628,0.591367,0.133637,0.797898,0.068623,0.799362,0.06792,0.598724,0.135839
"{'classifier__C': 17750, 'classifier__gamma': 0.5, 'classifier__kernel': 'rbf'}",0.722506,0.062891,0.766121,0.075176,0.646769,0.070202,0.412412,0.127547,0.702824,0.061107,0.706445,0.061168,0.41289,0.122335
"{'classifier__C': 17750, 'classifier__gamma': 0.25, 'classifier__kernel': 'rbf'}",0.76899,0.037567,0.80481,0.050113,0.706308,0.083979,0.50933,0.079886,0.751856,0.044388,0.755559,0.042403,0.511117,0.084807
"{'classifier__C': 17750, 'classifier__gamma': 0.1, 'classifier__kernel': 'rbf'}",0.784974,0.05069,0.827748,0.057034,0.710462,0.085078,0.540034,0.106848,0.765202,0.056231,0.769105,0.054117,0.53821,0.108235
"{'classifier__C': 17750, 'classifier__gamma': 0.075, 'classifier__kernel': 'rbf'}",0.793713,0.06733,0.809461,0.063335,0.766308,0.101861,0.567958,0.141794,0.786319,0.072601,0.787884,0.072338,0.575769,0.144676
"{'classifier__C': 17750, 'classifier__gamma': 0.05, 'classifier__kernel': 'rbf'}",0.80682,0.063214,0.820877,0.061878,0.781846,0.09119,0.594887,0.132319,0.800091,0.067598,0.801362,0.067033,0.602724,0.134066
"{'classifier__C': 17750, 'classifier__gamma': 0.025, 'classifier__kernel': 'rbf'}",0.825703,0.061603,0.834831,0.066888,0.809231,0.075873,0.635921,0.125728,0.821174,0.062436,0.822031,0.06233,0.644062,0.12466
"{'classifier__C': 17750, 'classifier__gamma': 0.01, 'classifier__kernel': 'rbf'}",0.837383,0.058323,0.832664,0.055658,0.845385,0.076414,0.664094,0.120769,0.83856,0.06083,0.839024,0.060956,0.678048,0.121911
"{'classifier__C': 17750, 'classifier__gamma': 0.0075, 'classifier__kernel': 'rbf'}",0.835934,0.05912,0.828118,0.054793,0.849231,0.077319,0.662257,0.122926,0.838237,0.06187,0.838675,0.062031,0.677349,0.124061
"{'classifier__C': 17750, 'classifier__gamma': 0.005, 'classifier__kernel': 'rbf'}",0.835934,0.058405,0.82352,0.056378,0.857231,0.073801,0.664558,0.12,0.839839,0.060219,0.840375,0.060502,0.680751,0.121004
"{'classifier__C': 17750, 'classifier__gamma': 0.0025, 'classifier__kernel': 'rbf'}",0.838832,0.054123,0.821195,0.060663,0.869077,0.071198,0.673797,0.108308,0.843986,0.054628,0.845136,0.054729,0.690271,0.109459
"{'classifier__C': 17750, 'classifier__gamma': 0.001, 'classifier__kernel': 'rbf'}",0.838832,0.054123,0.818816,0.058063,0.873077,0.070572,0.674334,0.108219,0.844853,0.055144,0.845946,0.055246,0.691893,0.110491
"{'classifier__C': 17750, 'classifier__gamma': 'auto', 'classifier__kernel': 'rbf'}",0.80682,0.063214,0.820877,0.061878,0.781846,0.09119,0.594887,0.132319,0.800091,0.067598,0.801362,0.067033,0.602724,0.134066
"{'classifier__C': 18000, 'classifier__gamma': 0.5, 'classifier__kernel': 'rbf'}",0.722506,0.062891,0.766121,0.075176,0.646769,0.070202,0.412412,0.127547,0.702824,0.061107,0.706445,0.061168,0.41289,0.122335
"{'classifier__C': 18000, 'classifier__gamma': 0.25, 'classifier__kernel': 'rbf'}",0.76899,0.037567,0.80481,0.050113,0.706308,0.083979,0.50933,0.079886,0.751856,0.044388,0.755559,0.042403,0.511117,0.084807
"{'classifier__C': 18000, 'classifier__gamma': 0.1, 'classifier__kernel': 'rbf'}",0.784974,0.05069,0.827748,0.057034,0.710462,0.085078,0.540034,0.106848,0.765202,0.056231,0.769105,0.054117,0.53821,0.108235
"{'classifier__C': 18000, 'classifier__gamma': 0.075, 'classifier__kernel': 'rbf'}",0.793713,0.06733,0.809461,0.063335,0.766308,0.101861,0.567958,0.141794,0.786319,0.072601,0.787884,0.072338,0.575769,0.144676
"{'classifier__C': 18000, 'classifier__gamma': 0.05, 'classifier__kernel': 'rbf'}",0.80682,0.063214,0.820877,0.061878,0.781846,0.09119,0.594887,0.132319,0.800091,0.067598,0.801362,0.067033,0.602724,0.134066
"{'classifier__C': 18000, 'classifier__gamma': 0.025, 'classifier__kernel': 'rbf'}",0.822805,0.062533,0.832558,0.067029,0.805385,0.076822,0.629783,0.127875,0.818133,0.063457,0.818971,0.063386,0.637943,0.126771
"{'classifier__C': 18000, 'classifier__gamma': 0.01, 'classifier__kernel': 'rbf'}",0.837383,0.058323,0.832664,0.055658,0.845385,0.076414,0.664094,0.120769,0.83856,0.06083,0.839024,0.060956,0.678048,0.121911
"{'classifier__C': 18000, 'classifier__gamma': 0.0075, 'classifier__kernel': 'rbf'}",0.835934,0.05912,0.828118,0.054793,0.849231,0.077319,0.662257,0.122926,0.838237,0.06187,0.838675,0.062031,0.677349,0.124061
"{'classifier__C': 18000, 'classifier__gamma': 0.005, 'classifier__kernel': 'rbf'}",0.835934,0.058405,0.82352,0.056378,0.857231,0.073801,0.664558,0.12,0.839839,0.060219,0.840375,0.060502,0.680751,0.121004
"{'classifier__C': 18000, 'classifier__gamma': 0.0025, 'classifier__kernel': 'rbf'}",0.837361,0.053517,0.818869,0.061338,0.869077,0.071198,0.671456,0.106931,0.842714,0.053825,0.843973,0.053946,0.687946,0.107892
"{'classifier__C': 18000, 'classifier__gamma': 0.001, 'classifier__kernel': 'rbf'}",0.838832,0.054123,0.818816,0.058063,0.873077,0.070572,0.674334,0.108219,0.844853,0.055144,0.845946,0.055246,0.691893,0.110491
"{'classifier__C': 18000, 'classifier__gamma': 'auto', 'classifier__kernel': 'rbf'}",0.80682,0.063214,0.820877,0.061878,0.781846,0.09119,0.594887,0.132319,0.800091,0.067598,0.801362,0.067033,0.602724,0.134066
"{'classifier__C': 18250, 'classifier__gamma': 0.5, 'classifier__kernel': 'rbf'}",0.722506,0.062891,0.766121,0.075176,0.646769,0.070202,0.412412,0.127547,0.702824,0.061107,0.706445,0.061168,0.41289,0.122335
"{'classifier__C': 18250, 'classifier__gamma': 0.25, 'classifier__kernel': 'rbf'}",0.76899,0.037567,0.80481,0.050113,0.706308,0.083979,0.50933,0.079886,0.751856,0.044388,0.755559,0.042403,0.511117,0.084807
"{'classifier__C': 18250, 'classifier__gamma': 0.1, 'classifier__kernel': 'rbf'}",0.784953,0.05155,0.825423,0.056119,0.714462,0.089992,0.540701,0.109407,0.766151,0.058233,0.769942,0.055987,0.539884,0.111975
"{'classifier__C': 18250, 'classifier__gamma': 0.075, 'classifier__kernel': 'rbf'}",0.792263,0.064857,0.807188,0.060041,0.766308,0.101861,0.565234,0.137178,0.785168,0.070625,0.786748,0.070403,0.573496,0.140806
"{'classifier__C': 18250, 'classifier__gamma': 0.05, 'classifier__kernel': 'rbf'}",0.805371,0.063254,0.818605,0.061517,0.781846,0.09119,0.592227,0.132536,0.799003,0.067687,0.800225,0.067135,0.600451,0.13427
"{'classifier__C': 18250, 'classifier__gamma': 0.025, 'classifier__kernel': 'rbf'}",0.825703,0.061603,0.832558,0.067029,0.813231,0.074208,0.636828,0.12547,0.822135,0.062167,0.822894,0.062085,0.645789,0.124169
"{'classifier__C': 18250, 'classifier__gamma': 0.01, 'classifier__kernel': 'rbf'}",0.837383,0.058323,0.832664,0.055658,0.845385,0.076414,0.664094,0.120769,0.83856,0.06083,0.839024,0.060956,0.678048,0.121911
"{'classifier__C': 18250, 'classifier__gamma': 0.0075, 'classifier__kernel': 'rbf'}",0.834463,0.058122,0.825793,0.054851,0.849231,0.077319,0.659842,0.120973,0.836983,0.060794,0.837512,0.060997,0.675024,0.121994
"{'classifier__C': 18250, 'classifier__gamma': 0.005, 'classifier__kernel': 'rbf'}",0.835934,0.058405,0.82352,0.056378,0.857231,0.073801,0.664558,0.12,0.839839,0.060219,0.840375,0.060502,0.680751,0.121004
"{'classifier__C': 18250, 'classifier__gamma': 0.0025, 'classifier__kernel': 'rbf'}",0.837361,0.053517,0.818869,0.061338,0.869077,0.071198,0.671456,0.106931,0.842714,0.053825,0.843973,0.053946,0.687946,0.107892
"{'classifier__C': 18250, 'classifier__gamma': 0.001, 'classifier__kernel': 'rbf'}",0.837383,0.054251,0.816543,0.058486,0.873077,0.070572,0.671907,0.108404,0.843666,0.05518,0.84481,0.055286,0.68962,0.110572
"{'classifier__C': 18250, 'classifier__gamma': 'auto', 'classifier__kernel': 'rbf'}",0.805371,0.063254,0.818605,0.061517,0.781846,0.09119,0.592227,0.132536,0.799003,0.067687,0.800225,0.067135,0.600451,0.13427
"{'classifier__C': 18500, 'classifier__gamma': 0.5, 'classifier__kernel': 'rbf'}",0.723977,0.064694,0.766121,0.075176,0.650769,0.075221,0.415945,0.131924,0.704952,0.063936,0.708445,0.063766,0.41689,0.127532
"{'classifier__C': 18500, 'classifier__gamma': 0.25, 'classifier__kernel': 'rbf'}",0.770439,0.038336,0.807082,0.053153,0.706308,0.083979,0.51237,0.080787,0.752828,0.0443,0.756695,0.04244,0.51339,0.08488
"{'classifier__C': 18500, 'classifier__gamma': 0.1, 'classifier__kernel': 'rbf'}",0.782055,0.052807,0.820877,0.058319,0.714462,0.089992,0.535512,0.111566,0.764021,0.058889,0.767669,0.056837,0.535339,0.113673
"{'classifier__C': 18500, 'classifier__gamma': 0.075, 'classifier__kernel': 'rbf'}",0.792263,0.064857,0.807188,0.060041,0.766308,0.101861,0.565234,0.137178,0.785168,0.070625,0.786748,0.070403,0.573496,0.140806
"{'classifier__C': 18500, 'classifier__gamma': 0.05, 'classifier__kernel': 'rbf'}",0.803922,0.063592,0.818605,0.061517,0.777846,0.091183,0.588613,0.133314,0.796983,0.067996,0.798225,0.067477,0.596451,0.134954
"{'classifier__C': 18500, 'classifier__gamma': 0.025, 'classifier__kernel': 'rbf'}",0.825703,0.061603,0.832558,0.067029,0.813231,0.074208,0.636828,0.12547,0.822135,0.062167,0.822894,0.062085,0.645789,0.124169
"{'classifier__C': 18500, 'classifier__gamma': 0.01, 'classifier__kernel': 'rbf'}",0.837383,0.058323,0.832664,0.055658,0.845385,0.076414,0.664094,0.120769,0.83856,0.06083,0.839024,0.060956,0.678048,0.121911
"{'classifier__C': 18500, 'classifier__gamma': 0.0075, 'classifier__kernel': 'rbf'}",0.834463,0.058122,0.825793,0.054851,0.849231,0.077319,0.659842,0.120973,0.836983,0.060794,0.837512,0.060997,0.675024,0.121994
"{'classifier__C': 18500, 'classifier__gamma': 0.005, 'classifier__kernel': 'rbf'}",0.834484,0.05881,0.821247,0.057901,0.857231,0.073801,0.662201,0.12044,0.838635,0.060391,0.839239,0.060648,0.678478,0.121295
"{'classifier__C': 18500, 'classifier__gamma': 0.0025, 'classifier__kernel': 'rbf'}",0.837361,0.053517,0.818869,0.061338,0.869077,0.071198,0.671456,0.106931,0.842714,0.053825,0.843973,0.053946,0.687946,0.107892
"{'classifier__C': 18500, 'classifier__gamma': 0.001, 'classifier__kernel': 'rbf'}",0.837383,0.054251,0.816543,0.058486,0.873077,0.070572,0.671907,0.108404,0.843666,0.05518,0.84481,0.055286,0.68962,0.110572
"{'classifier__C': 18500, 'classifier__gamma': 'auto', 'classifier__kernel': 'rbf'}",0.803922,0.063592,0.818605,0.061517,0.777846,0.091183,0.588613,0.133314,0.796983,0.067996,0.798225,0.067477,0.596451,0.134954
"{'classifier__C': 18750, 'classifier__gamma': 0.5, 'classifier__kernel': 'rbf'}",0.723977,0.064694,0.766121,0.075176,0.650769,0.075221,0.415945,0.131924,0.704952,0.063936,0.708445,0.063766,0.41689,0.127532
"{'classifier__C': 18750, 'classifier__gamma': 0.25, 'classifier__kernel': 'rbf'}",0.766049,0.037721,0.804757,0.055302,0.698462,0.081443,0.502828,0.078322,0.747492,0.042551,0.751609,0.040672,0.503218,0.081344
"{'classifier__C': 18750, 'classifier__gamma': 0.1, 'classifier__kernel': 'rbf'}",0.782055,0.052807,0.820877,0.058319,0.714462,0.089992,0.535512,0.111566,0.764021,0.058889,0.767669,0.056837,0.535339,0.113673
"{'classifier__C': 18750, 'classifier__gamma': 0.075, 'classifier__kernel': 'rbf'}",0.792263,0.064857,0.807188,0.060041,0.766308,0.101861,0.565234,0.137178,0.785168,0.070625,0.786748,0.070403,0.573496,0.140806
"{'classifier__C': 18750, 'classifier__gamma': 0.05, 'classifier__kernel': 'rbf'}",0.803922,0.063592,0.818605,0.061517,0.777846,0.091183,0.588613,0.133314,0.796983,0.067996,0.798225,0.067477,0.596451,0.134954
"{'classifier__C': 18750, 'classifier__gamma': 0.025, 'classifier__kernel': 'rbf'}",0.825703,0.061603,0.832558,0.067029,0.813231,0.074208,0.636828,0.12547,0.822135,0.062167,0.822894,0.062085,0.645789,0.124169
"{'classifier__C': 18750, 'classifier__gamma': 0.01, 'classifier__kernel': 'rbf'}",0.838832,0.057842,0.834937,0.056408,0.845385,0.076414,0.666852,0.119492,0.839634,0.060222,0.840161,0.060329,0.680321,0.120657
"{'classifier__C': 18750, 'classifier__gamma': 0.0075, 'classifier__kernel': 'rbf'}",0.834463,0.058122,0.825793,0.054851,0.849231,0.077319,0.659842,0.120973,0.836983,0.060794,0.837512,0.060997,0.675024,0.121994
"{'classifier__C': 18750, 'classifier__gamma': 0.005, 'classifier__kernel': 'rbf'}",0.834484,0.05881,0.821247,0.057901,0.857231,0.073801,0.662201,0.12044,0.838635,0.060391,0.839239,0.060648,0.678478,0.121295
"{'classifier__C': 18750, 'classifier__gamma': 0.0025, 'classifier__kernel': 'rbf'}",0.837361,0.053517,0.818869,0.061338,0.869077,0.071198,0.671456,0.106931,0.842714,0.053825,0.843973,0.053946,0.687946,0.107892
"{'classifier__C': 18750, 'classifier__gamma': 0.001, 'classifier__kernel': 'rbf'}",0.840281,0.053172,0.818869,0.057871,0.877077,0.067378,0.677971,0.105714,0.846859,0.053762,0.847973,0.05382,0.695946,0.107639
"{'classifier__C': 18750, 'classifier__gamma': 'auto', 'classifier__kernel': 'rbf'}",0.803922,0.063592,0.818605,0.061517,0.777846,0.091183,0.588613,0.133314,0.796983,0.067996,0.798225,0.067477,0.596451,0.134954
"{'classifier__C': 19000, 'classifier__gamma': 0.5, 'classifier__kernel': 'rbf'}",0.722506,0.064587,0.763795,0.076172,0.650769,0.075221,0.413508,0.131449,0.703799,0.063541,0.707282,0.063429,0.414564,0.126859
"{'classifier__C': 19000, 'classifier__gamma': 0.25, 'classifier__kernel': 'rbf'}",0.767498,0.039138,0.80703,0.058955,0.698462,0.081443,0.506016,0.080782,0.748451,0.042776,0.752746,0.041136,0.505491,0.082271
"{'classifier__C': 19000, 'classifier__gamma': 0.1, 'classifier__kernel': 'rbf'}",0.782055,0.052807,0.820877,0.058319,0.714462,0.089992,0.535512,0.111566,0.764021,0.058889,0.767669,0.056837,0.535339,0.113673
"{'classifier__C': 19000, 'classifier__gamma': 0.075, 'classifier__kernel': 'rbf'}",0.792263,0.064857,0.807188,0.060041,0.766308,0.101861,0.565234,0.137178,0.785168,0.070625,0.786748,0.070403,0.573496,0.140806
"{'classifier__C': 19000, 'classifier__gamma': 0.05, 'classifier__kernel': 'rbf'}",0.803922,0.063592,0.818605,0.061517,0.777846,0.091183,0.588613,0.133314,0.796983,0.067996,0.798225,0.067477,0.596451,0.134954
"{'classifier__C': 19000, 'classifier__gamma': 0.025, 'classifier__kernel': 'rbf'}",0.824254,0.062759,0.830285,0.069364,0.813231,0.074208,0.634442,0.127211,0.82097,0.062933,0.821758,0.062842,0.643516,0.125685
"{'classifier__C': 19000, 'classifier__gamma': 0.01, 'classifier__kernel': 'rbf'}",0.838832,0.057842,0.834937,0.056408,0.845385,0.076414,0.666852,0.119492,0.839634,0.060222,0.840161,0.060329,0.680321,0.120657
"{'classifier__C': 19000, 'classifier__gamma': 0.0075, 'classifier__kernel': 'rbf'}",0.834463,0.058122,0.825793,0.054851,0.849231,0.077319,0.659842,0.120973,0.836983,0.060794,0.837512,0.060997,0.675024,0.121994
"{'classifier__C': 19000, 'classifier__gamma': 0.005, 'classifier__kernel': 'rbf'}",0.834484,0.05881,0.821247,0.057901,0.857231,0.073801,0.662201,0.12044,0.838635,0.060391,0.839239,0.060648,0.678478,0.121295
"{'classifier__C': 19000, 'classifier__gamma': 0.0025, 'classifier__kernel': 'rbf'}",0.837361,0.056197,0.818869,0.061338,0.869077,0.071198,0.671164,0.112956,0.842921,0.056436,0.843973,0.056819,0.687946,0.113637
"{'classifier__C': 19000, 'classifier__gamma': 0.001, 'classifier__kernel': 'rbf'}",0.840281,0.053172,0.818869,0.057871,0.877077,0.067378,0.677971,0.105714,0.846859,0.053762,0.847973,0.05382,0.695946,0.107639
"{'classifier__C': 19000, 'classifier__gamma': 'auto', 'classifier__kernel': 'rbf'}",0.803922,0.063592,0.818605,0.061517,0.777846,0.091183,0.588613,0.133314,0.796983,0.067996,0.798225,0.067477,0.596451,0.134954
"{'classifier__C': 19250, 'classifier__gamma': 0.5, 'classifier__kernel': 'rbf'}",0.722506,0.064587,0.763795,0.076172,0.650769,0.075221,0.413508,0.131449,0.703799,0.063541,0.707282,0.063429,0.414564,0.126859
"{'classifier__C': 19250, 'classifier__gamma': 0.25, 'classifier__kernel': 'rbf'}",0.767498,0.039138,0.80703,0.058955,0.698462,0.081443,0.506016,0.080782,0.748451,0.042776,0.752746,0.041136,0.505491,0.082271
"{'classifier__C': 19250, 'classifier__gamma': 0.1, 'classifier__kernel': 'rbf'}",0.783504,0.050981,0.820877,0.058319,0.718308,0.088122,0.539084,0.107435,0.766043,0.056885,0.769593,0.054769,0.539185,0.109538
"{'classifier__C': 19250, 'classifier__gamma': 0.075, 'classifier__kernel': 'rbf'}",0.789365,0.061918,0.804915,0.057372,0.762308,0.104355,0.559199,0.132019,0.781752,0.068587,0.783612,0.068332,0.567223,0.136664
"{'classifier__C': 19250, 'classifier__gamma': 0.05, 'classifier__kernel': 'rbf'}",0.805371,0.063586,0.820877,0.061878,0.777846,0.091183,0.591274,0.133171,0.798071,0.067939,0.799362,0.067409,0.598724,0.134818
"{'classifier__C': 19250, 'classifier__gamma': 0.025, 'classifier__kernel': 'rbf'}",0.824254,0.062759,0.830285,0.069364,0.813231,0.074208,0.634442,0.127211,0.82097,0.062933,0.821758,0.062842,0.643516,0.125685
"{'classifier__C': 19250, 'classifier__gamma': 0.01, 'classifier__kernel': 'rbf'}",0.838832,0.057842,0.834937,0.056408,0.845385,0.076414,0.666852,0.119492,0.839634,0.060222,0.840161,0.060329,0.680321,0.120657
"{'classifier__C': 19250, 'classifier__gamma': 0.0075, 'classifier__kernel': 'rbf'}",0.834463,0.058122,0.825793,0.054851,0.849231,0.077319,0.659842,0.120973,0.836983,0.060794,0.837512,0.060997,0.675024,0.121994
"{'classifier__C': 19250, 'classifier__gamma': 0.005, 'classifier__kernel': 'rbf'}",0.834484,0.05881,0.821247,0.057901,0.857231,0.073801,0.662201,0.12044,0.838635,0.060391,0.839239,0.060648,0.678478,0.121295
"{'classifier__C': 19250, 'classifier__gamma': 0.0025, 'classifier__kernel': 'rbf'}",0.838811,0.058278,0.818869,0.061338,0.873077,0.072804,0.674475,0.117428,0.844956,0.058967,0.845973,0.059263,0.691946,0.118526
"{'classifier__C': 19250, 'classifier__gamma': 0.001, 'classifier__kernel': 'rbf'}",0.838832,0.053734,0.818869,0.057871,0.873077,0.072804,0.674454,0.107776,0.844782,0.055135,0.845973,0.05516,0.691946,0.11032
"{'classifier__C': 19250, 'classifier__gamma': 'auto', 'classifier__kernel': 'rbf'}",0.805371,0.063586,0.820877,0.061878,0.777846,0.091183,0.591274,0.133171,0.798071,0.067939,0.799362,0.067409,0.598724,0.134818
"{'classifier__C': 19500, 'classifier__gamma': 0.5, 'classifier__kernel': 'rbf'}",0.721057,0.063041,0.761522,0.072029,0.650769,0.075221,0.410255,0.128454,0.70287,0.063092,0.706146,0.06267,0.412291,0.12534
"{'classifier__C': 19500, 'classifier__gamma': 0.25, 'classifier__kernel': 'rbf'}",0.770418,0.03949,0.811628,0.058498,0.698615,0.08621,0.511499,0.082474,0.750454,0.044837,0.755122,0.042446,0.510243,0.084893
"{'classifier__C': 19500, 'classifier__gamma': 0.1, 'classifier__kernel': 'rbf'}",0.780605,0.047977,0.818605,0.055196,0.714308,0.090642,0.532738,0.10197,0.762656,0.055232,0.766456,0.05287,0.532912,0.105741
"{'classifier__C': 19500, 'classifier__gamma': 0.075, 'classifier__kernel': 'rbf'}",0.790814,0.064244,0.807188,0.060041,0.762308,0.104355,0.561821,0.136237,0.782918,0.070511,0.784748,0.070191,0.569496,0.140383
"{'classifier__C': 19500, 'classifier__gamma': 0.05, 'classifier__kernel': 'rbf'}",0.80682,0.063876,0.82315,0.06298,0.777846,0.091183,0.594032,0.133526,0.799144,0.068037,0.800498,0.067514,0.600996,0.135027
"{'classifier__C': 19500, 'classifier__gamma': 0.025, 'classifier__kernel': 'rbf'}",0.821355,0.060214,0.82574,0.065429,0.813231,0.074208,0.628909,0.122561,0.818733,0.060987,0.819485,0.060912,0.638971,0.121823
"{'classifier__C': 19500, 'classifier__gamma': 0.01, 'classifier__kernel': 'rbf'}",0.838832,0.057842,0.834937,0.056408,0.845385,0.076414,0.666852,0.119492,0.839634,0.060222,0.840161,0.060329,0.680321,0.120657
"{'classifier__C': 19500, 'classifier__gamma': 0.0075, 'classifier__kernel': 'rbf'}",0.834463,0.058122,0.825793,0.054851,0.849231,0.077319,0.659842,0.120973,0.836983,0.060794,0.837512,0.060997,0.675024,0.121994
"{'classifier__C': 19500, 'classifier__gamma': 0.005, 'classifier__kernel': 'rbf'}",0.834484,0.05881,0.821247,0.057901,0.857231,0.073801,0.662201,0.12044,0.838635,0.060391,0.839239,0.060648,0.678478,0.121295
"{'classifier__C': 19500, 'classifier__gamma': 0.0025, 'classifier__kernel': 'rbf'}",0.838811,0.058278,0.818869,0.061338,0.873077,0.072804,0.674475,0.117428,0.844956,0.058967,0.845973,0.059263,0.691946,0.118526
"{'classifier__C': 19500, 'classifier__gamma': 0.001, 'classifier__kernel': 'rbf'}",0.838832,0.053734,0.818869,0.057871,0.873077,0.072804,0.674454,0.107776,0.844782,0.055135,0.845973,0.05516,0.691946,0.11032
"{'classifier__C': 19500, 'classifier__gamma': 'auto', 'classifier__kernel': 'rbf'}",0.80682,0.063876,0.82315,0.06298,0.777846,0.091183,0.594032,0.133526,0.799144,0.068037,0.800498,0.067514,0.600996,0.135027
"{'classifier__C': 19750, 'classifier__gamma': 0.5, 'classifier__kernel': 'rbf'}",0.721057,0.063041,0.761522,0.072029,0.650769,0.075221,0.410255,0.128454,0.70287,0.063092,0.706146,0.06267,0.412291,0.12534
"{'classifier__C': 19750, 'classifier__gamma': 0.25, 'classifier__kernel': 'rbf'}",0.770418,0.03949,0.811628,0.058498,0.698615,0.08621,0.511499,0.082474,0.750454,0.044837,0.755122,0.042446,0.510243,0.084893
"{'classifier__C': 19750, 'classifier__gamma': 0.1, 'classifier__kernel': 'rbf'}",0.780605,0.047977,0.818605,0.055196,0.714308,0.090642,0.532738,0.10197,0.762656,0.055232,0.766456,0.05287,0.532912,0.105741
"{'classifier__C': 19750, 'classifier__gamma': 0.075, 'classifier__kernel': 'rbf'}",0.792263,0.064532,0.809461,0.062514,0.762308,0.104355,0.564805,0.136367,0.783919,0.070339,0.785884,0.070065,0.571769,0.140129
"{'classifier__C': 19750, 'classifier__gamma': 0.05, 'classifier__kernel': 'rbf'}",0.805371,0.064243,0.82315,0.06298,0.773846,0.094452,0.590512,0.134811,0.796952,0.069026,0.798498,0.068369,0.596996,0.136737
"{'classifier__C': 19750, 'classifier__gamma': 0.025, 'classifier__kernel': 'rbf'}",0.822826,0.062192,0.82574,0.065429,0.817231,0.078645,0.63232,0.127131,0.820741,0.063683,0.821485,0.063579,0.642971,0.127157
"{'classifier__C': 19750, 'classifier__gamma': 0.01, 'classifier__kernel': 'rbf'}",0.837361,0.056896,0.834937,0.056408,0.841385,0.071178,0.663205,0.116759,0.837746,0.058686,0.838161,0.058667,0.676321,0.117333
"{'classifier__C': 19750, 'classifier__gamma': 0.0075, 'classifier__kernel': 'rbf'}",0.834463,0.058122,0.825793,0.054851,0.849231,0.077319,0.659842,0.120973,0.836983,0.060794,0.837512,0.060997,0.675024,0.121994
"{'classifier__C': 19750, 'classifier__gamma': 0.005, 'classifier__kernel': 'rbf'}",0.834484,0.05881,0.821247,0.057901,0.857231,0.073801,0.662201,0.12044,0.838635,0.060391,0.839239,0.060648,0.678478,0.121295
"{'classifier__C': 19750, 'classifier__gamma': 0.0025, 'classifier__kernel': 'rbf'}",0.838811,0.058278,0.818869,0.061338,0.873077,0.072804,0.674475,0.117428,0.844956,0.058967,0.845973,0.059263,0.691946,0.118526
"{'classifier__C': 19750, 'classifier__gamma': 0.001, 'classifier__kernel': 'rbf'}",0.838832,0.053734,0.818869,0.057871,0.873077,0.072804,0.674454,0.107776,0.844782,0.055135,0.845973,0.05516,0.691946,0.11032
"{'classifier__C': 19750, 'classifier__gamma': 'auto', 'classifier__kernel': 'rbf'}",0.805371,0.064243,0.82315,0.06298,0.773846,0.094452,0.590512,0.134811,0.796952,0.069026,0.798498,0.068369,0.596996,0.136737
"{'classifier__C': 20000, 'classifier__gamma': 0.5, 'classifier__kernel': 'rbf'}",0.721057,0.063041,0.761522,0.072029,0.650769,0.075221,0.410255,0.128454,0.70287,0.063092,0.706146,0.06267,0.412291,0.12534
"{'classifier__C': 20000, 'classifier__gamma': 0.25, 'classifier__kernel': 'rbf'}",0.770418,0.03949,0.811628,0.058498,0.698615,0.08621,0.511499,0.082474,0.750454,0.044837,0.755122,0.042446,0.510243,0.084893
"{'classifier__C': 20000, 'classifier__gamma': 0.1, 'classifier__kernel': 'rbf'}",0.782076,0.049908,0.818605,0.055196,0.718308,0.096775,0.536315,0.106995,0.76463,0.058184,0.768456,0.055856,0.536912,0.111712
"{'classifier__C': 20000, 'classifier__gamma': 0.075, 'classifier__kernel': 'rbf'}",0.786466,0.063833,0.804863,0.06603,0.754308,0.102679,0.552982,0.133839,0.77737,0.068872,0.779585,0.068502,0.55917,0.137004
"{'classifier__C': 20000, 'classifier__gamma': 0.05, 'classifier__kernel': 'rbf'}",0.805371,0.064243,0.82315,0.06298,0.773846,0.094452,0.590512,0.134811,0.796952,0.069026,0.798498,0.068369,0.596996,0.136737
"{'classifier__C': 20000, 'classifier__gamma': 0.025, 'classifier__kernel': 'rbf'}",0.822826,0.062192,0.82574,0.065429,0.817231,0.078645,0.63232,0.127131,0.820741,0.063683,0.821485,0.063579,0.642971,0.127157
"{'classifier__C': 20000, 'classifier__gamma': 0.01, 'classifier__kernel': 'rbf'}",0.837361,0.056896,0.834937,0.056408,0.841385,0.071178,0.663205,0.116759,0.837746,0.058686,0.838161,0.058667,0.676321,0.117333
"{'classifier__C': 20000, 'classifier__gamma': 0.0075, 'classifier__kernel': 'rbf'}",0.835912,0.058075,0.828066,0.055891,0.849231,0.077319,0.662547,0.120605,0.838084,0.060579,0.838648,0.060774,0.677296,0.121548
"{'classifier__C': 20000, 'classifier__gamma': 0.005, 'classifier__kernel': 'rbf'}",0.835934,0.061215,0.821247,0.057901,0.861231,0.078056,0.665543,0.125807,0.840626,0.063484,0.841239,0.063725,0.682478,0.127449
"{'classifier__C': 20000, 'classifier__gamma': 0.0025, 'classifier__kernel': 'rbf'}",0.837361,0.058755,0.816596,0.061741,0.873077,0.072804,0.671997,0.118368,0.843797,0.059382,0.844837,0.059683,0.689673,0.119366
"{'classifier__C': 20000, 'classifier__gamma': 0.001, 'classifier__kernel': 'rbf'}",0.838832,0.053734,0.818869,0.057871,0.873077,0.072804,0.674454,0.107776,0.844782,0.055135,0.845973,0.05516,0.691946,0.11032
"{'classifier__C': 20000, 'classifier__gamma': 'auto', 'classifier__kernel': 'rbf'}",0.805371,0.064243,0.82315,0.06298,0.773846,0.094452,0.590512,0.134811,0.796952,0.069026,0.798498,0.068369,0.596996,0.136737
"{'classifier__C': 0.1, 'classifier__gamma': 0.5, 'classifier__kernel': 'rbf'}",0.79367,0.059249,0.729228,0.07737,0.904615,0.059842,0.613485,0.10589,0.810988,0.057558,0.816922,0.055348,0.633844,0.110697
"{'classifier__C': 0.1, 'classifier__gamma': 0.25, 'classifier__kernel': 'rbf'}",0.783461,0.062701,0.706184,0.081134,0.916462,0.057974,0.602981,0.110456,0.803274,0.061374,0.811323,0.058295,0.622645,0.116591
"{'classifier__C': 0.1, 'classifier__gamma': 0.1, 'classifier__kernel': 'rbf'}",0.732651,0.047289,0.603224,0.068359,0.956308,0.045463,0.552389,0.077309,0.75811,0.047886,0.779766,0.041992,0.559532,0.083983
"{'classifier__C': 0.1, 'classifier__gamma': 0.075, 'classifier__kernel': 'rbf'}",0.704945,0.048094,0.554863,0.074819,0.964308,0.041736,0.521586,0.072128,0.729524,0.050425,0.759585,0.040986,0.51917,0.081972
"{'classifier__C': 0.1, 'classifier__gamma': 0.05, 'classifier__kernel': 'rbf'}",0.622038,0.052234,0.412526,0.085566,0.984,0.036661,0.433098,0.070037,0.63321,0.064866,0.698263,0.042247,0.396526,0.084494
"{'classifier__C': 0.1, 'classifier__gamma': 0.025, 'classifier__kernel': 'rbf'}",0.547975,0.044025,0.295825,0.075025,0.984,0.036661,0.343159,0.058407,0.53434,0.066306,0.639912,0.033989,0.279825,0.067978
"{'classifier__C': 0.1, 'classifier__gamma': 0.01, 'classifier__kernel': 'rbf'}",0.53052,0.046315,0.268235,0.080689,0.984,0.036661,0.320989,0.060063,0.507284,0.071906,0.626117,0.035298,0.252235,0.070595
"{'classifier__C': 0.1, 'classifier__gamma': 0.0075, 'classifier__kernel': 'rbf'}",0.53052,0.046315,0.268235,0.080689,0.984,0.036661,0.320989,0.060063,0.507284,0.071906,0.626117,0.035298,0.252235,0.070595
"{'classifier__C': 0.1, 'classifier__gamma': 0.005, 'classifier__kernel': 'rbf'}",0.53052,0.046315,0.268235,0.080689,0.984,0.036661,0.320989,0.060063,0.507284,0.071906,0.626117,0.035298,0.252235,0.070595
"{'classifier__C': 0.1, 'classifier__gamma': 0.0025, 'classifier__kernel': 'rbf'}",0.529071,0.044016,0.265962,0.07759,0.984,0.036661,0.319306,0.057121,0.505428,0.069118,0.624981,0.033243,0.249962,0.066487
"{'classifier__C': 0.1, 'classifier__gamma': 0.001, 'classifier__kernel': 'rbf'}",0.5276,0.043236,0.263636,0.07681,0.984,0.036661,0.317532,0.055756,0.503271,0.068026,0.623818,0.032502,0.247636,0.065005
"{'classifier__C': 0.1, 'classifier__gamma': 'auto', 'classifier__kernel': 'rbf'}",0.622038,0.052234,0.412526,0.085566,0.984,0.036661,0.433098,0.070037,0.63321,0.064866,0.698263,0.042247,0.396526,0.084494
"{'classifier__C': 0.25, 'classifier__gamma': 0.5, 'classifier__kernel': 'rbf'}",0.811104,0.053399,0.761364,0.06966,0.896769,0.062502,0.637506,0.098179,0.825144,0.051973,0.829066,0.050869,0.658133,0.101738
"{'classifier__C': 0.25, 'classifier__gamma': 0.25, 'classifier__kernel': 'rbf'}",0.799488,0.054403,0.740698,0.074111,0.900615,0.065131,0.62125,0.098284,0.81528,0.052937,0.820657,0.05132,0.641313,0.10264
"{'classifier__C': 0.25, 'classifier__gamma': 0.1, 'classifier__kernel': 'rbf'}",0.783483,0.061244,0.703911,0.07954,0.920462,0.059441,0.604873,0.108343,0.803687,0.060122,0.812186,0.057156,0.624373,0.114313
"{'classifier__C': 0.25, 'classifier__gamma': 0.075, 'classifier__kernel': 'rbf'}",0.770396,0.059277,0.681025,0.079403,0.924462,0.052092,0.587634,0.101754,0.792187,0.057919,0.802743,0.054046,0.605487,0.108092
"{'classifier__C': 0.25, 'classifier__gamma': 0.05, 'classifier__kernel': 'rbf'}",0.751535,0.049225,0.642125,0.071818,0.940462,0.044663,0.56921,0.079974,0.775707,0.048377,0.791293,0.043268,0.582586,0.086535
"{'classifier__C': 0.25, 'classifier__gamma': 0.025, 'classifier__kernel': 'rbf'}",0.686019,0.049704,0.522674,0.078443,0.968308,0.039134,0.500208,0.071326,0.70912,0.053719,0.745491,0.041654,0.490982,0.083308
"{'classifier__C': 0.25, 'classifier__gamma': 0.01, 'classifier__kernel': 'rbf'}",0.53052,0.046315,0.268235,0.080689,0.984,0.036661,0.320989,0.060063,0.507284,0.071906,0.626117,0.035298,0.252235,0.070595
"{'classifier__C': 0.25, 'classifier__gamma': 0.0075, 'classifier__kernel': 'rbf'}",0.53052,0.046315,0.268235,0.080689,0.984,0.036661,0.320989,0.060063,0.507284,0.071906,0.626117,0.035298,0.252235,0.070595
"{'classifier__C': 0.25, 'classifier__gamma': 0.005, 'classifier__kernel': 'rbf'}",0.53052,0.046315,0.268235,0.080689,0.984,0.036661,0.320989,0.060063,0.507284,0.071906,0.626117,0.035298,0.252235,0.070595
"{'classifier__C': 0.25, 'classifier__gamma': 0.0025, 'classifier__kernel': 'rbf'}",0.529071,0.044016,0.265962,0.07759,0.984,0.036661,0.319306,0.057121,0.505428,0.069118,0.624981,0.033243,0.249962,0.066487
"{'classifier__C': 0.25, 'classifier__gamma': 0.001, 'classifier__kernel': 'rbf'}",0.5276,0.043236,0.263636,0.07681,0.984,0.036661,0.317532,0.055756,0.503271,0.068026,0.623818,0.032502,0.247636,0.065005
"{'classifier__C': 0.25, 'classifier__gamma': 'auto', 'classifier__kernel': 'rbf'}",0.751535,0.049225,0.642125,0.071818,0.940462,0.044663,0.56921,0.079974,0.775707,0.048377,0.791293,0.043268,0.582586,0.086535
"{'classifier__C': 0.5, 'classifier__gamma': 0.5, 'classifier__kernel': 'rbf'}",0.809676,0.048527,0.763636,0.063334,0.888769,0.068926,0.632291,0.092199,0.822542,0.048397,0.826203,0.047973,0.652406,0.095946
"{'classifier__C': 0.5, 'classifier__gamma': 0.25, 'classifier__kernel': 'rbf'}",0.806756,0.059694,0.756765,0.079455,0.892769,0.062166,0.62975,0.107581,0.820618,0.05723,0.824767,0.055504,0.649535,0.111009
"{'classifier__C': 0.5, 'classifier__gamma': 0.1, 'classifier__kernel': 'rbf'}",0.799488,0.054403,0.736099,0.072949,0.908615,0.062033,0.624159,0.098094,0.81651,0.052997,0.822357,0.051236,0.644715,0.102473
"{'classifier__C': 0.5, 'classifier__gamma': 0.075, 'classifier__kernel': 'rbf'}",0.792221,0.063431,0.720085,0.082501,0.916615,0.060385,0.616462,0.11219,0.811132,0.061783,0.81835,0.058898,0.6367,0.117797
"{'classifier__C': 0.5, 'classifier__gamma': 0.05, 'classifier__kernel': 'rbf'}",0.783483,0.061244,0.703911,0.07954,0.920462,0.059441,0.604873,0.108343,0.803687,0.060122,0.812186,0.057156,0.624373,0.114313
"{'classifier__C': 0.5, 'classifier__gamma': 0.025, 'classifier__kernel': 'rbf'}",0.750085,0.05265,0.642125,0.071818,0.936462,0.05121,0.564935,0.090432,0.774182,0.052,0.789293,0.048096,0.578586,0.096193
"{'classifier__C': 0.5, 'classifier__gamma': 0.01, 'classifier__kernel': 'rbf'}",0.627835,0.049559,0.421617,0.082239,0.984,0.036661,0.440322,0.065767,0.640601,0.060849,0.702809,0.040336,0.405617,0.080673
"{'classifier__C': 0.5, 'classifier__gamma': 0.0075, 'classifier__kernel': 'rbf'}",0.568372,0.041956,0.32796,0.068554,0.984,0.036661,0.36792,0.061401,0.564418,0.059021,0.65598,0.034352,0.31196,0.068703
"{'classifier__C': 0.5, 'classifier__gamma': 0.005, 'classifier__kernel': 'rbf'}",0.53052,0.046315,0.268235,0.080689,0.984,0.036661,0.320989,0.060063,0.507284,0.071906,0.626117,0.035298,0.252235,0.070595
"{'classifier__C': 0.5, 'classifier__gamma': 0.0025, 'classifier__kernel': 'rbf'}",0.529071,0.044016,0.265962,0.07759,0.984,0.036661,0.319306,0.057121,0.505428,0.069118,0.624981,0.033243,0.249962,0.066487
"{'classifier__C': 0.5, 'classifier__gamma': 0.001, 'classifier__kernel': 'rbf'}",0.5276,0.043236,0.263636,0.07681,0.984,0.036661,0.317532,0.055756,0.503271,0.068026,0.623818,0.032502,0.247636,0.065005
"{'classifier__C': 0.5, 'classifier__gamma': 'auto', 'classifier__kernel': 'rbf'}",0.783483,0.061244,0.703911,0.07954,0.920462,0.059441,0.604873,0.108343,0.803687,0.060122,0.812186,0.057156,0.624373,0.114313
"{'classifier__C': 0.75, 'classifier__gamma': 0.5, 'classifier__kernel': 'rbf'}",0.818414,0.049212,0.779704,0.067286,0.884769,0.065764,0.645414,0.091675,0.829215,0.047897,0.832237,0.047218,0.664473,0.094436
"{'classifier__C': 0.75, 'classifier__gamma': 0.25, 'classifier__kernel': 'rbf'}",0.808205,0.056358,0.759038,0.073413,0.892769,0.062166,0.631651,0.103508,0.822029,0.054375,0.825904,0.053241,0.651807,0.106481
"{'classifier__C': 0.75, 'classifier__gamma': 0.1, 'classifier__kernel': 'rbf'}",0.802366,0.059468,0.74519,0.081413,0.900615,0.065131,0.626168,0.106413,0.81763,0.057268,0.822903,0.055246,0.645806,0.110492
"{'classifier__C': 0.75, 'classifier__gamma': 0.075, 'classifier__kernel': 'rbf'}",0.799488,0.054016,0.738372,0.072993,0.904615,0.067387,0.622763,0.098327,0.81578,0.053084,0.821494,0.05151,0.642987,0.103021
"{'classifier__C': 0.75, 'classifier__gamma': 0.05, 'classifier__kernel': 'rbf'}",0.793691,0.062944,0.72241,0.080836,0.916615,0.060385,0.618484,0.111982,0.812532,0.06146,0.819513,0.058749,0.639026,0.117499
"{'classifier__C': 0.75, 'classifier__gamma': 0.025, 'classifier__kernel': 'rbf'}",0.768947,0.060194,0.681025,0.079403,0.920462,0.059441,0.583789,0.105584,0.790363,0.059276,0.800743,0.055895,0.601487,0.111791
"{'classifier__C': 0.75, 'classifier__gamma': 0.01, 'classifier__kernel': 'rbf'}",0.706373,0.05072,0.557082,0.080564,0.964308,0.041736,0.523696,0.073614,0.730657,0.053246,0.760695,0.042501,0.52139,0.085001
"{'classifier__C': 0.75, 'classifier__gamma': 0.0075, 'classifier__kernel': 'rbf'}",0.655456,0.060187,0.474366,0.093644,0.968308,0.039134,0.461737,0.086134,0.674313,0.06739,0.721337,0.050289,0.442673,0.100577
"{'classifier__C': 0.75, 'classifier__gamma': 0.005, 'classifier__kernel': 'rbf'}",0.568372,0.041956,0.32796,0.068554,0.984,0.036661,0.36792,0.061401,0.564418,0.059021,0.65598,0.034352,0.31196,0.068703
"{'classifier__C': 0.75, 'classifier__gamma': 0.0025, 'classifier__kernel': 'rbf'}",0.529071,0.044016,0.265962,0.07759,0.984,0.036661,0.319306,0.057121,0.505428,0.069118,0.624981,0.033243,0.249962,0.066487
"{'classifier__C': 0.75, 'classifier__gamma': 0.001, 'classifier__kernel': 'rbf'}",0.5276,0.043236,0.263636,0.07681,0.984,0.036661,0.317532,0.055756,0.503271,0.068026,0.623818,0.032502,0.247636,0.065005
"{'classifier__C': 0.75, 'classifier__gamma': 'auto', 'classifier__kernel': 'rbf'}",0.793691,0.062944,0.72241,0.080836,0.916615,0.060385,0.618484,0.111982,0.812532,0.06146,0.819513,0.058749,0.639026,0.117499
"{'classifier__C': 1, 'classifier__gamma': 0.5, 'classifier__kernel': 'rbf'}",0.822805,0.054646,0.788953,0.0675,0.880769,0.069477,0.650797,0.104372,0.832488,0.054045,0.834861,0.05368,0.669723,0.10736
"{'classifier__C': 1, 'classifier__gamma': 0.25, 'classifier__kernel': 'rbf'}",0.812575,0.051494,0.765909,0.066399,0.892769,0.062166,0.638222,0.096362,0.825853,0.050212,0.829339,0.049555,0.658678,0.09911
"{'classifier__C': 1, 'classifier__gamma': 0.1, 'classifier__kernel': 'rbf'}",0.803858,0.061474,0.752114,0.084009,0.892769,0.062166,0.625563,0.109333,0.817897,0.058655,0.822442,0.056536,0.644883,0.113073
"{'classifier__C': 1, 'classifier__gamma': 0.075, 'classifier__kernel': 'rbf'}",0.799467,0.058228,0.742918,0.078334,0.896769,0.062502,0.619683,0.104168,0.814826,0.056321,0.819843,0.054353,0.639687,0.108705
"{'classifier__C': 1, 'classifier__gamma': 0.05, 'classifier__kernel': 'rbf'}",0.798039,0.054254,0.736152,0.072111,0.904615,0.067387,0.620418,0.09936,0.814619,0.053465,0.820384,0.051956,0.640768,0.103913
"{'classifier__C': 1, 'classifier__gamma': 0.025, 'classifier__kernel': 'rbf'}",0.783483,0.061244,0.703911,0.07954,0.920462,0.059441,0.604873,0.108343,0.803687,0.060122,0.812186,0.057156,0.624373,0.114313
"{'classifier__C': 1, 'classifier__gamma': 0.01, 'classifier__kernel': 'rbf'}",0.73702,0.041689,0.614693,0.059978,0.948308,0.047579,0.553547,0.071122,0.762303,0.041869,0.781501,0.037888,0.563001,0.075776
"{'classifier__C': 1, 'classifier__gamma': 0.0075, 'classifier__kernel': 'rbf'}",0.706373,0.05072,0.557082,0.080564,0.964308,0.041736,0.523696,0.073614,0.730657,0.053246,0.760695,0.042501,0.52139,0.085001
"{'classifier__C': 1, 'classifier__gamma': 0.005, 'classifier__kernel': 'rbf'}",0.626385,0.051947,0.419345,0.085322,0.984,0.036661,0.438437,0.069247,0.63859,0.063973,0.701672,0.042231,0.403345,0.084462
"{'classifier__C': 1, 'classifier__gamma': 0.0025, 'classifier__kernel': 'rbf'}",0.529071,0.044016,0.265962,0.07759,0.984,0.036661,0.319306,0.057121,0.505428,0.069118,0.624981,0.033243,0.249962,0.066487
"{'classifier__C': 1, 'classifier__gamma': 0.001, 'classifier__kernel': 'rbf'}",0.5276,0.043236,0.263636,0.07681,0.984,0.036661,0.317532,0.055756,0.503271,0.068026,0.623818,0.032502,0.247636,0.065005
"{'classifier__C': 1, 'classifier__gamma': 'auto', 'classifier__kernel': 'rbf'}",0.798039,0.054254,0.736152,0.072111,0.904615,0.067387,0.620418,0.09936,0.814619,0.053465,0.820384,0.051956,0.640768,0.103913
"{'classifier__C': 2.5, 'classifier__gamma': 0.5, 'classifier__kernel': 'rbf'}",0.824297,0.064363,0.798309,0.069435,0.868769,0.076299,0.648729,0.126651,0.832108,0.064788,0.833539,0.064714,0.667078,0.129428
"{'classifier__C': 2.5, 'classifier__gamma': 0.25, 'classifier__kernel': 'rbf'}",0.819885,0.050865,0.784355,0.060689,0.880769,0.069477,0.645484,0.099235,0.830175,0.051266,0.832562,0.051179,0.665124,0.102358
"{'classifier__C': 2.5, 'classifier__gamma': 0.1, 'classifier__kernel': 'rbf'}",0.814024,0.052055,0.770507,0.06425,0.888769,0.066564,0.638965,0.100036,0.826525,0.051499,0.829638,0.051339,0.659277,0.102678
"{'classifier__C': 2.5, 'classifier__gamma': 0.075, 'classifier__kernel': 'rbf'}",0.808227,0.057012,0.761311,0.071411,0.888769,0.066564,0.630011,0.107455,0.821491,0.055742,0.82504,0.055184,0.65008,0.110367
"{'classifier__C': 2.5, 'classifier__gamma': 0.05, 'classifier__kernel': 'rbf'}",0.802387,0.062212,0.749789,0.085787,0.892769,0.062166,0.623442,0.110077,0.81655,0.059176,0.821279,0.056922,0.642558,0.113845
"{'classifier__C': 2.5, 'classifier__gamma': 0.025, 'classifier__kernel': 'rbf'}",0.799488,0.057042,0.738319,0.078754,0.904615,0.067387,0.623169,0.102256,0.815577,0.055636,0.821467,0.053559,0.642935,0.107118
"{'classifier__C': 2.5, 'classifier__gamma': 0.01, 'classifier__kernel': 'rbf'}",0.783483,0.060206,0.703964,0.078042,0.920462,0.059441,0.604842,0.106723,0.803737,0.059148,0.812213,0.056267,0.624426,0.112533
"{'classifier__C': 2.5, 'classifier__gamma': 0.0075, 'classifier__kernel': 'rbf'}",0.768947,0.060194,0.681025,0.079403,0.920462,0.059441,0.583789,0.105584,0.790363,0.059276,0.800743,0.055895,0.601487,0.111791
"{'classifier__C': 2.5, 'classifier__gamma': 0.005, 'classifier__kernel': 'rbf'}",0.750085,0.05265,0.642125,0.071818,0.936462,0.05121,0.564935,0.090432,0.774182,0.052,0.789293,0.048096,0.578586,0.096193
"{'classifier__C': 2.5, 'classifier__gamma': 0.0025, 'classifier__kernel': 'rbf'}",0.687447,0.052728,0.524894,0.084702,0.968308,0.039134,0.502369,0.073658,0.710284,0.056406,0.746601,0.043464,0.493202,0.086928
"{'classifier__C': 2.5, 'classifier__gamma': 0.001, 'classifier__kernel': 'rbf'}",0.5276,0.043236,0.263636,0.07681,0.984,0.036661,0.317532,0.055756,0.503271,0.068026,0.623818,0.032502,0.247636,0.065005
"{'classifier__C': 2.5, 'classifier__gamma': 'auto', 'classifier__kernel': 'rbf'}",0.802387,0.062212,0.749789,0.085787,0.892769,0.062166,0.623442,0.110077,0.81655,0.059176,0.821279,0.056922,0.642558,0.113845
"{'classifier__C': 5, 'classifier__gamma': 0.5, 'classifier__kernel': 'rbf'}",0.837319,0.06324,0.816543,0.067397,0.872615,0.08374,0.672272,0.127066,0.843199,0.064596,0.844579,0.064831,0.689159,0.129662
"{'classifier__C': 5, 'classifier__gamma': 0.25, 'classifier__kernel': 'rbf'}",0.834442,0.055577,0.809778,0.064799,0.876769,0.07055,0.668665,0.108261,0.841687,0.055556,0.843274,0.055334,0.686547,0.110668
"{'classifier__C': 5, 'classifier__gamma': 0.1, 'classifier__kernel': 'rbf'}",0.821313,0.058209,0.784302,0.063337,0.884769,0.072698,0.648774,0.11518,0.832332,0.058711,0.834536,0.05893,0.669072,0.11786
"{'classifier__C': 5, 'classifier__gamma': 0.075, 'classifier__kernel': 'rbf'}",0.818393,0.053382,0.777431,0.063984,0.888769,0.066564,0.645892,0.103397,0.830345,0.05283,0.8331,0.052767,0.666201,0.105533
"{'classifier__C': 5, 'classifier__gamma': 0.05, 'classifier__kernel': 'rbf'}",0.809676,0.054249,0.763584,0.067661,0.888769,0.066564,0.632161,0.103368,0.822754,0.053374,0.826176,0.053047,0.652353,0.106094
"{'classifier__C': 5, 'classifier__gamma': 0.025, 'classifier__kernel': 'rbf'}",0.803836,0.05948,0.752061,0.081754,0.892769,0.062166,0.625496,0.106349,0.817893,0.056722,0.822415,0.054875,0.644831,0.10975
"{'classifier__C': 5, 'classifier__gamma': 0.01, 'classifier__kernel': 'rbf'}",0.79659,0.057821,0.731607,0.077351,0.908615,0.062033,0.61988,0.103015,0.813933,0.056198,0.820111,0.053904,0.640222,0.107809
"{'classifier__C': 5, 'classifier__gamma': 0.0075, 'classifier__kernel': 'rbf'}",0.789344,0.061371,0.715539,0.076,0.916615,0.060385,0.611448,0.110685,0.808863,0.060566,0.816077,0.058158,0.632154,0.116315
"{'classifier__C': 5, 'classifier__gamma': 0.005, 'classifier__kernel': 'rbf'}",0.783483,0.060206,0.703964,0.078042,0.920462,0.059441,0.604842,0.106723,0.803737,0.059148,0.812213,0.056267,0.624426,0.112533
"{'classifier__C': 5, 'classifier__gamma': 0.0025, 'classifier__kernel': 'rbf'}",0.750085,0.05265,0.642125,0.071818,0.936462,0.05121,0.564935,0.090432,0.774182,0.052,0.789293,0.048096,0.578586,0.096193
"{'classifier__C': 5, 'classifier__gamma': 0.001, 'classifier__kernel': 'rbf'}",0.627835,0.049559,0.421617,0.082239,0.984,0.036661,0.440322,0.065767,0.640601,0.060849,0.702809,0.040336,0.405617,0.080673
"{'classifier__C': 5, 'classifier__gamma': 'auto', 'classifier__kernel': 'rbf'}",0.809676,0.054249,0.763584,0.067661,0.888769,0.066564,0.632161,0.103368,0.822754,0.053374,0.826176,0.053047,0.652353,0.106094
"{'classifier__C': 7.5, 'classifier__gamma': 0.5, 'classifier__kernel': 'rbf'}",0.837319,0.061537,0.823414,0.065921,0.860923,0.076051,0.668832,0.122761,0.841271,0.062105,0.842169,0.062296,0.684337,0.124592
"{'classifier__C': 7.5, 'classifier__gamma': 0.25, 'classifier__kernel': 'rbf'}",0.837361,0.062899,0.816702,0.072378,0.872769,0.064307,0.672584,0.122073,0.843681,0.061231,0.844736,0.061,0.689471,0.122
"{'classifier__C': 7.5, 'classifier__gamma': 0.1, 'classifier__kernel': 'rbf'}",0.819885,0.057887,0.788953,0.065313,0.872769,0.075732,0.642963,0.114478,0.828863,0.058405,0.830861,0.058528,0.661723,0.117056
"{'classifier__C': 7.5, 'classifier__gamma': 0.075, 'classifier__kernel': 'rbf'}",0.818414,0.057898,0.784302,0.063337,0.876769,0.079103,0.641655,0.11565,0.828304,0.059161,0.830536,0.059455,0.661072,0.118909
"{'classifier__C': 7.5, 'classifier__gamma': 0.05, 'classifier__kernel': 'rbf'}",0.816922,0.053826,0.775106,0.065553,0.888769,0.066564,0.643676,0.103726,0.829042,0.053046,0.831937,0.052904,0.663875,0.105808
"{'classifier__C': 7.5, 'classifier__gamma': 0.025, 'classifier__kernel': 'rbf'}",0.806777,0.059963,0.759038,0.07559,0.888769,0.066564,0.627891,0.111705,0.820205,0.058307,0.823904,0.057443,0.647807,0.114887
"{'classifier__C': 7.5, 'classifier__gamma': 0.01, 'classifier__kernel': 'rbf'}",0.799488,0.062657,0.740592,0.088607,0.900769,0.065087,0.622373,0.109212,0.814856,0.05986,0.820681,0.057071,0.641361,0.114141
"{'classifier__C': 7.5, 'classifier__gamma': 0.0075, 'classifier__kernel': 'rbf'}",0.79659,0.059961,0.731501,0.081022,0.908615,0.062033,0.620053,0.106073,0.813779,0.058211,0.820058,0.055576,0.640116,0.111152
"{'classifier__C': 7.5, 'classifier__gamma': 0.005, 'classifier__kernel': 'rbf'}",0.789344,0.061371,0.715539,0.076,0.916615,0.060385,0.611448,0.110685,0.808863,0.060566,0.816077,0.058158,0.632154,0.116315
"{'classifier__C': 7.5, 'classifier__gamma': 0.0025, 'classifier__kernel': 'rbf'}",0.770396,0.060331,0.681025,0.079403,0.924462,0.06061,0.587801,0.106127,0.792066,0.059543,0.802743,0.056222,0.605487,0.112445
"{'classifier__C': 7.5, 'classifier__gamma': 0.001, 'classifier__kernel': 'rbf'}",0.706373,0.05072,0.557082,0.080564,0.964308,0.041736,0.523696,0.073614,0.730657,0.053246,0.760695,0.042501,0.52139,0.085001
"{'classifier__C': 7.5, 'classifier__gamma': 'auto', 'classifier__kernel': 'rbf'}",0.816922,0.053826,0.775106,0.065553,0.888769,0.066564,0.643676,0.103726,0.829042,0.053046,0.831937,0.052904,0.663875,0.105808
"{'classifier__C': 10, 'classifier__gamma': 0.5, 'classifier__kernel': 'rbf'}",0.843159,0.060831,0.830338,0.062825,0.864923,0.077977,0.67983,0.123095,0.846816,0.062184,0.847631,0.062443,0.695261,0.124887
"{'classifier__C': 10, 'classifier__gamma': 0.25, 'classifier__kernel': 'rbf'}",0.843159,0.060199,0.825846,0.068897,0.872769,0.064307,0.682356,0.117173,0.848385,0.059015,0.849307,0.05877,0.698615,0.11754
"{'classifier__C': 10, 'classifier__gamma': 0.1, 'classifier__kernel': 'rbf'}",0.824275,0.0549,0.793605,0.063593,0.876769,0.07055,0.651413,0.107353,0.833248,0.055117,0.835187,0.054967,0.670374,0.109934
"{'classifier__C': 10, 'classifier__gamma': 0.075, 'classifier__kernel': 'rbf'}",0.821334,0.059982,0.788953,0.065313,0.876769,0.079103,0.646449,0.11931,0.830805,0.061099,0.832861,0.061244,0.665723,0.122488
"{'classifier__C': 10, 'classifier__gamma': 0.05, 'classifier__kernel': 'rbf'}",0.816965,0.058231,0.779757,0.065669,0.880769,0.07394,0.640739,0.114799,0.827862,0.058437,0.830263,0.058629,0.660526,0.117257
"{'classifier__C': 10, 'classifier__gamma': 0.025, 'classifier__kernel': 'rbf'}",0.809676,0.055777,0.763584,0.071546,0.888769,0.066564,0.632453,0.10485,0.822621,0.054576,0.826176,0.053893,0.652353,0.107787
"{'classifier__C': 10, 'classifier__gamma': 0.01, 'classifier__kernel': 'rbf'}",0.800938,0.063487,0.747463,0.088695,0.892769,0.062166,0.6214,0.111391,0.815153,0.060289,0.820116,0.057721,0.640232,0.115443
"{'classifier__C': 10, 'classifier__gamma': 0.0075, 'classifier__kernel': 'rbf'}",0.799488,0.062657,0.740592,0.088607,0.900769,0.065087,0.622373,0.109212,0.814856,0.05986,0.820681,0.057071,0.641361,0.114141
"{'classifier__C': 10, 'classifier__gamma': 0.005, 'classifier__kernel': 'rbf'}",0.79659,0.057821,0.731607,0.077351,0.908615,0.062033,0.61988,0.103015,0.813933,0.056198,0.820111,0.053904,0.640222,0.107809
"{'classifier__C': 10, 'classifier__gamma': 0.0025, 'classifier__kernel': 'rbf'}",0.783483,0.060206,0.703964,0.078042,0.920462,0.059441,0.604842,0.106723,0.803737,0.059148,0.812213,0.056267,0.624426,0.112533
"{'classifier__C': 10, 'classifier__gamma': 0.001, 'classifier__kernel': 'rbf'}",0.73702,0.041689,0.614693,0.059978,0.948308,0.047579,0.553547,0.071122,0.762303,0.041869,0.781501,0.037888,0.563001,0.075776
"{'classifier__C': 10, 'classifier__gamma': 'auto', 'classifier__kernel': 'rbf'}",0.816965,0.058231,0.779757,0.065669,0.880769,0.07394,0.640739,0.114799,0.827862,0.058437,0.830263,0.058629,0.660526,0.117257
"{'classifier__C': 25, 'classifier__gamma': 0.5, 'classifier__kernel': 'rbf'}",0.830072,0.06492,0.82574,0.064446,0.837231,0.098302,0.650466,0.136005,0.830186,0.069441,0.831485,0.069296,0.662971,0.138593
"{'classifier__C': 25, 'classifier__gamma': 0.25, 'classifier__kernel': 'rbf'}",0.84026,0.056222,0.830338,0.055862,0.857077,0.071714,0.672111,0.114621,0.843163,0.057981,0.843708,0.058111,0.687415,0.116223
"{'classifier__C': 25, 'classifier__gamma': 0.1, 'classifier__kernel': 'rbf'}",0.838811,0.056074,0.814376,0.063569,0.880769,0.064708,0.676718,0.108881,0.846286,0.055707,0.847573,0.05541,0.695146,0.11082
"{'classifier__C': 25, 'classifier__gamma': 0.075, 'classifier__kernel': 'rbf'}",0.830115,0.057724,0.80518,0.065119,0.872769,0.077817,0.66003,0.113861,0.837243,0.059057,0.838974,0.058633,0.677949,0.117266
"{'classifier__C': 25, 'classifier__gamma': 0.05, 'classifier__kernel': 'rbf'}",0.822847,0.060485,0.793658,0.064362,0.872769,0.075732,0.647322,0.12032,0.831582,0.061436,0.833213,0.061487,0.666427,0.122973
"{'classifier__C': 25, 'classifier__gamma': 0.025, 'classifier__kernel': 'rbf'}",0.815537,0.06401,0.78203,0.067548,0.872769,0.085647,0.635519,0.128484,0.825212,0.06586,0.827399,0.066072,0.654799,0.132143
"{'classifier__C': 25, 'classifier__gamma': 0.01, 'classifier__kernel': 'rbf'}",0.812575,0.053495,0.768235,0.065328,0.888769,0.066564,0.63664,0.102741,0.825342,0.052798,0.828502,0.052645,0.657004,0.10529
"{'classifier__C': 25, 'classifier__gamma': 0.0075, 'classifier__kernel': 'rbf'}",0.805328,0.061046,0.756712,0.078461,0.888769,0.066564,0.625817,0.112724,0.818833,0.05918,0.822741,0.058055,0.645482,0.11611
"{'classifier__C': 25, 'classifier__gamma': 0.005, 'classifier__kernel': 'rbf'}",0.802387,0.062212,0.752061,0.081754,0.888769,0.066564,0.621529,0.113738,0.816162,0.059918,0.820415,0.058563,0.640831,0.117127
"{'classifier__C': 25, 'classifier__gamma': 0.0025, 'classifier__kernel': 'rbf'}",0.795141,0.061145,0.733774,0.083077,0.900769,0.065087,0.614872,0.108279,0.81137,0.059361,0.817272,0.056805,0.634543,0.113611
"{'classifier__C': 25, 'classifier__gamma': 0.001, 'classifier__kernel': 'rbf'}",0.783483,0.0609,0.703964,0.078042,0.920462,0.059441,0.604734,0.108252,0.803791,0.059941,0.812213,0.057069,0.624426,0.114138
"{'classifier__C': 25, 'classifier__gamma': 'auto', 'classifier__kernel': 'rbf'}",0.822847,0.060485,0.793658,0.064362,0.872769,0.075732,0.647322,0.12032,0.831582,0.061436,0.833213,0.061487,0.666427,0.122973
"{'classifier__C': 50, 'classifier__gamma': 0.5, 'classifier__kernel': 'rbf'}",0.821334,0.059505,0.828013,0.0577,0.809231,0.094256,0.627768,0.126651,0.817344,0.064709,0.818622,0.064388,0.637243,0.128775
"{'classifier__C': 50, 'classifier__gamma': 0.25, 'classifier__kernel': 'rbf'}",0.838789,0.059318,0.828013,0.062919,0.857077,0.071714,0.670239,0.119829,0.841864,0.05994,0.842545,0.060035,0.68509,0.120071
"{'classifier__C': 50, 'classifier__gamma': 0.1, 'classifier__kernel': 'rbf'}",0.84026,0.058124,0.821195,0.055318,0.872923,0.079105,0.676261,0.119433,0.846142,0.060577,0.847059,0.061016,0.694118,0.122031
"{'classifier__C': 50, 'classifier__gamma': 0.075, 'classifier__kernel': 'rbf'}",0.838811,0.054939,0.816702,0.060577,0.876923,0.065503,0.675524,0.108529,0.845702,0.054946,0.846812,0.054891,0.693625,0.109783
"{'classifier__C': 50, 'classifier__gamma': 0.05, 'classifier__kernel': 'rbf'}",0.838811,0.054939,0.814323,0.061299,0.880769,0.064708,0.67661,0.10824,0.846312,0.054819,0.847546,0.054725,0.695093,0.10945
"{'classifier__C': 50, 'classifier__gamma': 0.025, 'classifier__kernel': 'rbf'}",0.822847,0.060485,0.793658,0.064362,0.872769,0.075732,0.647322,0.12032,0.831582,0.061436,0.833213,0.061487,0.666427,0.122973
"{'classifier__C': 50, 'classifier__gamma': 0.01, 'classifier__kernel': 'rbf'}",0.811168,0.061283,0.775159,0.065494,0.872769,0.085647,0.628548,0.12359,0.82147,0.063186,0.823964,0.063575,0.647928,0.127151
"{'classifier__C': 50, 'classifier__gamma': 0.0075, 'classifier__kernel': 'rbf'}",0.811125,0.056741,0.77278,0.067808,0.876769,0.079103,0.630557,0.111826,0.821848,0.057184,0.824775,0.057368,0.649549,0.114735
"{'classifier__C': 50, 'classifier__gamma': 0.005, 'classifier__kernel': 'rbf'}",0.811125,0.056369,0.768235,0.065328,0.884769,0.072698,0.632794,0.110411,0.823503,0.056416,0.826502,0.056598,0.653004,0.113196
"{'classifier__C': 50, 'classifier__gamma': 0.0025, 'classifier__kernel': 'rbf'}",0.802387,0.062212,0.752061,0.081754,0.888769,0.066564,0.621529,0.113738,0.816162,0.059918,0.820415,0.058563,0.640831,0.117127
"{'classifier__C': 50, 'classifier__gamma': 0.001, 'classifier__kernel': 'rbf'}",0.79659,0.057821,0.731607,0.077351,0.908615,0.062033,0.61988,0.103015,0.813933,0.056198,0.820111,0.053904,0.640222,0.107809
"{'classifier__C': 50, 'classifier__gamma': 'auto', 'classifier__kernel': 'rbf'}",0.838811,0.054939,0.814323,0.061299,0.880769,0.064708,0.67661,0.10824,0.846312,0.054819,0.847546,0.054725,0.695093,0.10945
"{'classifier__C': 75, 'classifier__gamma': 0.5, 'classifier__kernel': 'rbf'}",0.817008,0.057348,0.825687,0.061383,0.801231,0.089891,0.618651,0.119896,0.811978,0.061355,0.813459,0.060957,0.626918,0.121914
"{'classifier__C': 75, 'classifier__gamma': 0.25, 'classifier__kernel': 'rbf'}",0.83442,0.066589,0.830285,0.065349,0.841231,0.088935,0.658607,0.13801,0.834981,0.069556,0.835758,0.069494,0.671516,0.138989
"{'classifier__C': 75, 'classifier__gamma': 0.1, 'classifier__kernel': 'rbf'}",0.834442,0.057436,0.821195,0.052442,0.857077,0.078121,0.661559,0.118942,0.838525,0.060452,0.839136,0.060741,0.678271,0.121483
"{'classifier__C': 75, 'classifier__gamma': 0.075, 'classifier__kernel': 'rbf'}",0.835912,0.059192,0.818922,0.060306,0.864923,0.077977,0.667053,0.119928,0.84096,0.060708,0.841922,0.061048,0.683845,0.122095
"{'classifier__C': 75, 'classifier__gamma': 0.05, 'classifier__kernel': 'rbf'}",0.835912,0.054769,0.811998,0.060826,0.876923,0.065503,0.670577,0.108137,0.843243,0.054793,0.84446,0.054754,0.688921,0.109509
"{'classifier__C': 75, 'classifier__gamma': 0.025, 'classifier__kernel': 'rbf'}",0.824297,0.060719,0.798256,0.064897,0.868769,0.078368,0.648705,0.121139,0.83197,0.061812,0.833513,0.061931,0.667025,0.123862
"{'classifier__C': 75, 'classifier__gamma': 0.01, 'classifier__kernel': 'rbf'}",0.817029,0.065578,0.784408,0.067961,0.872769,0.085647,0.637798,0.131524,0.826576,0.067421,0.828589,0.067616,0.657177,0.135233
"{'classifier__C': 75, 'classifier__gamma': 0.0075, 'classifier__kernel': 'rbf'}",0.811189,0.064619,0.775211,0.069268,0.872769,0.085647,0.62865,0.129282,0.82155,0.066101,0.82399,0.06633,0.647981,0.13266
"{'classifier__C': 75, 'classifier__gamma': 0.005, 'classifier__kernel': 'rbf'}",0.811125,0.056741,0.77278,0.067808,0.876769,0.079103,0.630557,0.111826,0.821848,0.057184,0.824775,0.057368,0.649549,0.114735
"{'classifier__C': 75, 'classifier__gamma': 0.0025, 'classifier__kernel': 'rbf'}",0.803879,0.064073,0.756712,0.078461,0.884769,0.072698,0.6219,0.120928,0.817059,0.062849,0.820741,0.06221,0.641482,0.12442
"{'classifier__C': 75, 'classifier__gamma': 0.001, 'classifier__kernel': 'rbf'}",0.798039,0.062528,0.738319,0.088628,0.900769,0.065087,0.620188,0.108973,0.813587,0.059646,0.819544,0.056887,0.639088,0.113774
"{'classifier__C': 75, 'classifier__gamma': 'auto', 'classifier__kernel': 'rbf'}",0.835912,0.054769,0.811998,0.060826,0.876923,0.065503,0.670577,0.108137,0.843243,0.054793,0.84446,0.054754,0.688921,0.109509
"{'classifier__C': 100, 'classifier__gamma': 0.5, 'classifier__kernel': 'rbf'}",0.811189,0.058348,0.821089,0.060991,0.793231,0.102937,0.606257,0.122394,0.805031,0.065697,0.80716,0.06417,0.61432,0.12834
"{'classifier__C': 100, 'classifier__gamma': 0.25, 'classifier__kernel': 'rbf'}",0.830072,0.065564,0.82574,0.064446,0.837231,0.091561,0.650062,0.136445,0.830549,0.069019,0.831485,0.068954,0.662971,0.137909
"{'classifier__C': 100, 'classifier__gamma': 0.1, 'classifier__kernel': 'rbf'}",0.835912,0.058415,0.823573,0.053437,0.856923,0.078071,0.664078,0.120957,0.839696,0.061214,0.840248,0.061533,0.680496,0.123066
"{'classifier__C': 100, 'classifier__gamma': 0.075, 'classifier__kernel': 'rbf'}",0.833014,0.060995,0.818922,0.053979,0.857077,0.087766,0.659148,0.127327,0.8372,0.065026,0.837999,0.065428,0.675999,0.130857
"{'classifier__C': 100, 'classifier__gamma': 0.05, 'classifier__kernel': 'rbf'}",0.834463,0.055579,0.812104,0.059572,0.872923,0.068775,0.666823,0.110814,0.841383,0.056173,0.842513,0.056199,0.685027,0.112397
"{'classifier__C': 100, 'classifier__gamma': 0.025, 'classifier__kernel': 'rbf'}",0.828645,0.058038,0.807347,0.061386,0.864923,0.07844,0.654834,0.117379,0.834831,0.059631,0.836135,0.059859,0.67227,0.119719
"{'classifier__C': 100, 'classifier__gamma': 0.01, 'classifier__kernel': 'rbf'}",0.8185,0.065288,0.786734,0.07086,0.872769,0.081825,0.640497,0.129179,0.827739,0.066348,0.829751,0.06624,0.659503,0.132481
"{'classifier__C': 100, 'classifier__gamma': 0.0075, 'classifier__kernel': 'rbf'}",0.81558,0.065842,0.784408,0.067961,0.868769,0.087986,0.634168,0.132569,0.824606,0.067946,0.826589,0.068201,0.653177,0.136403
"{'classifier__C': 100, 'classifier__gamma': 0.005, 'classifier__kernel': 'rbf'}",0.812639,0.061385,0.777484,0.064761,0.872769,0.085647,0.630819,0.123997,0.822753,0.063424,0.825127,0.063819,0.650253,0.127639
"{'classifier__C': 100, 'classifier__gamma': 0.0025, 'classifier__kernel': 'rbf'}",0.812553,0.055134,0.770507,0.06425,0.884769,0.072698,0.635108,0.108113,0.824688,0.055274,0.827638,0.055459,0.655277,0.110917
"{'classifier__C': 100, 'classifier__gamma': 0.001, 'classifier__kernel': 'rbf'}",0.800959,0.06568,0.747463,0.088695,0.892769,0.06946,0.621453,0.118288,0.81515,0.063046,0.820116,0.061146,0.640232,0.122291
"{'classifier__C': 100, 'classifier__gamma': 'auto', 'classifier__kernel': 'rbf'}",0.834463,0.055579,0.812104,0.059572,0.872923,0.068775,0.666823,0.110814,0.841383,0.056173,0.842513,0.056199,0.685027,0.112397
"{'classifier__C': 250, 'classifier__gamma': 0.5, 'classifier__kernel': 'rbf'}",0.80243,0.054385,0.830127,0.063335,0.753692,0.106001,0.583147,0.115694,0.788275,0.062933,0.79191,0.06042,0.583819,0.12084
"{'classifier__C': 250, 'classifier__gamma': 0.25, 'classifier__kernel': 'rbf'}",0.819885,0.057026,0.827907,0.05347,0.805231,0.090634,0.623495,0.121902,0.815406,0.06291,0.816569,0.062151,0.633138,0.124303
"{'classifier__C': 250, 'classifier__gamma': 0.1, 'classifier__kernel': 'rbf'}",0.83734,0.057274,0.828013,0.056883,0.853077,0.071439,0.666023,0.117443,0.84005,0.058846,0.840545,0.058981,0.68109,0.117962
"{'classifier__C': 250, 'classifier__gamma': 0.075, 'classifier__kernel': 'rbf'}",0.837361,0.062187,0.828118,0.061876,0.852923,0.08182,0.666433,0.127852,0.839789,0.064314,0.840521,0.064505,0.681041,0.129009
"{'classifier__C': 250, 'classifier__gamma': 0.05, 'classifier__kernel': 'rbf'}",0.835955,0.061898,0.823573,0.055425,0.857077,0.085924,0.664235,0.128896,0.839652,0.065599,0.840325,0.065881,0.68065,0.131761
"{'classifier__C': 250, 'classifier__gamma': 0.025, 'classifier__kernel': 'rbf'}",0.837361,0.05657,0.816596,0.059219,0.872923,0.073281,0.671771,0.114104,0.843672,0.057658,0.84476,0.057966,0.689519,0.115932
"{'classifier__C': 250, 'classifier__gamma': 0.01, 'classifier__kernel': 'rbf'}",0.830094,0.057774,0.809619,0.062986,0.864923,0.07844,0.657593,0.116284,0.835904,0.059078,0.837271,0.059276,0.674543,0.118553
"{'classifier__C': 250, 'classifier__gamma': 0.0075, 'classifier__kernel': 'rbf'}",0.821398,0.060216,0.79593,0.06317,0.864769,0.084591,0.642563,0.121657,0.828644,0.062639,0.83035,0.062658,0.660699,0.125316
"{'classifier__C': 250, 'classifier__gamma': 0.005, 'classifier__kernel': 'rbf'}",0.822847,0.062869,0.793605,0.066981,0.872769,0.081825,0.647504,0.12538,0.83138,0.064378,0.833187,0.064399,0.666374,0.128798
"{'classifier__C': 250, 'classifier__gamma': 0.0025, 'classifier__kernel': 'rbf'}",0.818478,0.064309,0.786681,0.066374,0.872769,0.085647,0.640124,0.129401,0.827759,0.066387,0.829725,0.066603,0.65945,0.133206
"{'classifier__C': 250, 'classifier__gamma': 0.001, 'classifier__kernel': 'rbf'}",0.812575,0.054274,0.770507,0.061673,0.884769,0.072698,0.634907,0.107354,0.824774,0.054744,0.827638,0.055097,0.655277,0.110194
"{'classifier__C': 250, 'classifier__gamma': 'auto', 'classifier__kernel': 'rbf'}",0.835955,0.061898,0.823573,0.055425,0.857077,0.085924,0.664235,0.128896,0.839652,0.065599,0.840325,0.065881,0.68065,0.131761
"{'classifier__C': 500, 'classifier__gamma': 0.5, 'classifier__kernel': 'rbf'}",0.785017,0.045699,0.818763,0.050425,0.726154,0.095422,0.543636,0.10144,0.768951,0.054303,0.772459,0.052493,0.544917,0.104987
"{'classifier__C': 500, 'classifier__gamma': 0.25, 'classifier__kernel': 'rbf'}",0.812639,0.060981,0.832452,0.057153,0.777538,0.101918,0.604453,0.130756,0.802966,0.068792,0.804995,0.067269,0.609991,0.134538
"{'classifier__C': 500, 'classifier__gamma': 0.1, 'classifier__kernel': 'rbf'}",0.827195,0.067873,0.830338,0.066882,0.821385,0.089629,0.641,0.140595,0.825075,0.070831,0.825861,0.070681,0.651723,0.141361
"{'classifier__C': 500, 'classifier__gamma': 0.075, 'classifier__kernel': 'rbf'}",0.832971,0.059607,0.830285,0.058686,0.837077,0.080907,0.654578,0.123674,0.833011,0.06237,0.833681,0.062369,0.667362,0.124738
"{'classifier__C': 500, 'classifier__gamma': 0.05, 'classifier__kernel': 'rbf'}",0.833014,0.061639,0.825846,0.06094,0.845231,0.074539,0.656499,0.125867,0.835103,0.063211,0.835538,0.063236,0.671076,0.126472
"{'classifier__C': 500, 'classifier__gamma': 0.025, 'classifier__kernel': 'rbf'}",0.837404,0.058682,0.818975,0.05842,0.869077,0.077647,0.67052,0.119048,0.843065,0.06066,0.844026,0.06086,0.688052,0.121721
"{'classifier__C': 500, 'classifier__gamma': 0.01, 'classifier__kernel': 'rbf'}",0.834463,0.056702,0.811945,0.06015,0.872923,0.077524,0.667059,0.114816,0.841084,0.05821,0.842434,0.058564,0.684868,0.117128
"{'classifier__C': 500, 'classifier__gamma': 0.0075, 'classifier__kernel': 'rbf'}",0.830115,0.060565,0.809619,0.060476,0.864923,0.08805,0.657272,0.124926,0.835893,0.063519,0.837271,0.064027,0.674543,0.128053
"{'classifier__C': 500, 'classifier__gamma': 0.005, 'classifier__kernel': 'rbf'}",0.830094,0.057042,0.809619,0.060476,0.864923,0.07844,0.657286,0.115516,0.835979,0.058789,0.837271,0.059006,0.674543,0.118011
"{'classifier__C': 500, 'classifier__gamma': 0.0025, 'classifier__kernel': 'rbf'}",0.821398,0.063277,0.791332,0.066492,0.872769,0.081825,0.644977,0.126459,0.830248,0.064859,0.832051,0.064912,0.664101,0.129825
"{'classifier__C': 500, 'classifier__gamma': 0.001, 'classifier__kernel': 'rbf'}",0.812639,0.061385,0.777484,0.064761,0.872769,0.085647,0.630819,0.123997,0.822753,0.063424,0.825127,0.063819,0.650253,0.127639
"{'classifier__C': 500, 'classifier__gamma': 'auto', 'classifier__kernel': 'rbf'}",0.833014,0.061639,0.825846,0.06094,0.845231,0.074539,0.656499,0.125867,0.835103,0.063211,0.835538,0.063236,0.671076,0.126472
"{'classifier__C': 750, 'classifier__gamma': 0.5, 'classifier__kernel': 'rbf'}",0.787958,0.046268,0.823309,0.043665,0.726154,0.090118,0.547531,0.101032,0.771662,0.054889,0.774731,0.053107,0.549463,0.106214
"{'classifier__C': 750, 'classifier__gamma': 0.25, 'classifier__kernel': 'rbf'}",0.814066,0.0594,0.834725,0.055017,0.777692,0.103165,0.607215,0.128035,0.804053,0.067781,0.806209,0.066225,0.612417,0.13245
"{'classifier__C': 750, 'classifier__gamma': 0.1, 'classifier__kernel': 'rbf'}",0.827174,0.05749,0.832611,0.058578,0.817385,0.078156,0.639855,0.119576,0.824222,0.060111,0.824998,0.059842,0.649996,0.119684
"{'classifier__C': 750, 'classifier__gamma': 0.075, 'classifier__kernel': 'rbf'}",0.827195,0.067873,0.830338,0.066882,0.821385,0.089629,0.641,0.140595,0.825075,0.070831,0.825861,0.070681,0.651723,0.141361
"{'classifier__C': 750, 'classifier__gamma': 0.05, 'classifier__kernel': 'rbf'}",0.838811,0.058953,0.832664,0.058376,0.849077,0.073158,0.667678,0.121034,0.840423,0.060557,0.84087,0.060673,0.681741,0.121345
"{'classifier__C': 750, 'classifier__gamma': 0.025, 'classifier__kernel': 'rbf'}",0.835955,0.066795,0.8213,0.065416,0.861077,0.084085,0.665977,0.136253,0.84042,0.068844,0.841189,0.068985,0.682377,0.13797
"{'classifier__C': 750, 'classifier__gamma': 0.01, 'classifier__kernel': 'rbf'}",0.834463,0.057802,0.814323,0.060411,0.869077,0.075559,0.665873,0.116708,0.840589,0.058981,0.8417,0.059324,0.6834,0.118648
"{'classifier__C': 750, 'classifier__gamma': 0.0075, 'classifier__kernel': 'rbf'}",0.833014,0.057081,0.811945,0.06015,0.868923,0.082082,0.663541,0.116388,0.839007,0.059279,0.840434,0.059613,0.680868,0.119225
"{'classifier__C': 750, 'classifier__gamma': 0.005, 'classifier__kernel': 'rbf'}",0.833014,0.060302,0.811892,0.062016,0.868923,0.084008,0.663494,0.123261,0.839071,0.062401,0.840408,0.062905,0.680815,0.125809
"{'classifier__C': 750, 'classifier__gamma': 0.0025, 'classifier__kernel': 'rbf'}",0.821398,0.060216,0.793605,0.06542,0.868769,0.078368,0.643876,0.11991,0.829471,0.061397,0.831187,0.061413,0.662374,0.122827
"{'classifier__C': 750, 'classifier__gamma': 0.001, 'classifier__kernel': 'rbf'}",0.81558,0.064878,0.784408,0.064849,0.868769,0.087986,0.633833,0.131591,0.824701,0.067461,0.826589,0.067776,0.653177,0.135552
"{'classifier__C': 750, 'classifier__gamma': 'auto', 'classifier__kernel': 'rbf'}",0.838811,0.058953,0.832664,0.058376,0.849077,0.073158,0.667678,0.121034,0.840423,0.060557,0.84087,0.060673,0.681741,0.121345
"{'classifier__C': 1000, 'classifier__gamma': 0.5, 'classifier__kernel': 'rbf'}",0.790835,0.042561,0.825476,0.051808,0.730154,0.09239,0.555487,0.092622,0.774175,0.04973,0.777815,0.048503,0.55563,0.097006
"{'classifier__C': 1000, 'classifier__gamma': 0.25, 'classifier__kernel': 'rbf'}",0.809697,0.059991,0.8324,0.056365,0.77,0.106328,0.59775,0.128781,0.798722,0.068802,0.8012,0.067021,0.6024,0.134043
"{'classifier__C': 1000, 'classifier__gamma': 0.1, 'classifier__kernel': 'rbf'}",0.828602,0.053878,0.834831,0.052885,0.817231,0.080654,0.642056,0.113363,0.825142,0.057981,0.826031,0.057545,0.652062,0.115091
"{'classifier__C': 1000, 'classifier__gamma': 0.075, 'classifier__kernel': 'rbf'}",0.831543,0.067195,0.834884,0.066673,0.825385,0.087671,0.649749,0.138828,0.829384,0.06991,0.830134,0.069753,0.660268,0.139506
"{'classifier__C': 1000, 'classifier__gamma': 0.05, 'classifier__kernel': 'rbf'}",0.83587,0.056662,0.830338,0.055774,0.845077,0.070205,0.661318,0.116259,0.837315,0.058249,0.837708,0.058351,0.675415,0.116703
"{'classifier__C': 1000, 'classifier__gamma': 0.025, 'classifier__kernel': 'rbf'}",0.835955,0.063902,0.825846,0.059221,0.853231,0.083716,0.663433,0.132199,0.838987,0.066858,0.839538,0.067046,0.679076,0.134093
"{'classifier__C': 1000, 'classifier__gamma': 0.01, 'classifier__kernel': 'rbf'}",0.834463,0.057071,0.814271,0.058819,0.869077,0.075559,0.665712,0.115589,0.840587,0.058502,0.841674,0.058862,0.683348,0.117724
"{'classifier__C': 1000, 'classifier__gamma': 0.0075, 'classifier__kernel': 'rbf'}",0.834463,0.056702,0.816596,0.059219,0.865077,0.078011,0.664796,0.115141,0.839712,0.058378,0.840837,0.058743,0.681673,0.117486
"{'classifier__C': 1000, 'classifier__gamma': 0.005, 'classifier__kernel': 'rbf'}",0.833014,0.059601,0.814165,0.061788,0.864923,0.08805,0.662558,0.122432,0.838098,0.062366,0.839544,0.062821,0.679088,0.125643
"{'classifier__C': 1000, 'classifier__gamma': 0.0025, 'classifier__kernel': 'rbf'}",0.825746,0.057365,0.802748,0.062336,0.864923,0.07844,0.650118,0.115748,0.832347,0.058819,0.833836,0.059011,0.667671,0.118023
"{'classifier__C': 1000, 'classifier__gamma': 0.001, 'classifier__kernel': 'rbf'}",0.8185,0.066877,0.789006,0.069263,0.868769,0.087986,0.639007,0.13447,0.827034,0.068924,0.828888,0.069069,0.657776,0.138138
"{'classifier__C': 1000, 'classifier__gamma': 'auto', 'classifier__kernel': 'rbf'}",0.83587,0.056662,0.830338,0.055774,0.845077,0.070205,0.661318,0.116259,0.837315,0.058249,0.837708,0.058351,0.675415,0.116703
"{'classifier__C': 1250, 'classifier__gamma': 0.5, 'classifier__kernel': 'rbf'}",0.780669,0.045027,0.82093,0.057019,0.710462,0.085078,0.532778,0.095121,0.761748,0.049005,0.765696,0.048302,0.531392,0.096605
"{'classifier__C': 1250, 'classifier__gamma': 0.25, 'classifier__kernel': 'rbf'}",0.79951,0.048956,0.825529,0.055579,0.754,0.090653,0.576336,0.104036,0.787094,0.055274,0.789764,0.053744,0.579529,0.107487
"{'classifier__C': 1250, 'classifier__gamma': 0.1, 'classifier__kernel': 'rbf'}",0.822805,0.058331,0.828013,0.058671,0.813231,0.080417,0.630937,0.121049,0.819822,0.061231,0.820622,0.061021,0.641243,0.122041
"{'classifier__C': 1250, 'classifier__gamma': 0.075, 'classifier__kernel': 'rbf'}",0.830072,0.056995,0.837156,0.057267,0.817385,0.078156,0.644966,0.118856,0.826499,0.059846,0.827271,0.059574,0.654541,0.119147
"{'classifier__C': 1250, 'classifier__gamma': 0.05, 'classifier__kernel': 'rbf'}",0.831543,0.063993,0.830338,0.065319,0.833077,0.083586,0.651553,0.131429,0.83095,0.066092,0.831708,0.066095,0.663415,0.13219
"{'classifier__C': 1250, 'classifier__gamma': 0.025, 'classifier__kernel': 'rbf'}",0.835955,0.063902,0.825846,0.059221,0.853231,0.083716,0.663433,0.132199,0.838987,0.066858,0.839538,0.067046,0.679076,0.134093
"{'classifier__C': 1250, 'classifier__gamma': 0.01, 'classifier__kernel': 'rbf'}",0.833014,0.057812,0.814323,0.057747,0.865077,0.080036,0.662012,0.118145,0.838614,0.06008,0.8397,0.060418,0.6794,0.120836
"{'classifier__C': 1250, 'classifier__gamma': 0.0075, 'classifier__kernel': 'rbf'}",0.834463,0.057071,0.814271,0.058819,0.869077,0.075559,0.665712,0.115589,0.840587,0.058502,0.841674,0.058862,0.683348,0.117724
"{'classifier__C': 1250, 'classifier__gamma': 0.005, 'classifier__kernel': 'rbf'}",0.835912,0.056282,0.816543,0.058486,0.868923,0.082082,0.66838,0.115081,0.841405,0.058739,0.842733,0.059067,0.685466,0.118135
"{'classifier__C': 1250, 'classifier__gamma': 0.0025, 'classifier__kernel': 'rbf'}",0.832992,0.056019,0.814165,0.061788,0.864923,0.07844,0.662572,0.112813,0.838184,0.057538,0.839544,0.057696,0.679088,0.115391
"{'classifier__C': 1250, 'classifier__gamma': 0.001, 'classifier__kernel': 'rbf'}",0.822847,0.062197,0.793605,0.06542,0.872769,0.081825,0.647362,0.124506,0.831413,0.063947,0.833187,0.063997,0.666374,0.127994
"{'classifier__C': 1250, 'classifier__gamma': 'auto', 'classifier__kernel': 'rbf'}",0.831543,0.063993,0.830338,0.065319,0.833077,0.083586,0.651553,0.131429,0.83095,0.066092,0.831708,0.066095,0.663415,0.13219
"{'classifier__C': 1500, 'classifier__gamma': 0.5, 'classifier__kernel': 'rbf'}",0.777771,0.042921,0.814059,0.052951,0.714615,0.08739,0.527762,0.090437,0.760675,0.048871,0.764337,0.047416,0.528675,0.094833
"{'classifier__C': 1500, 'classifier__gamma': 0.25, 'classifier__kernel': 'rbf'}",0.787873,0.046069,0.818658,0.053958,0.734154,0.092729,0.550549,0.098862,0.773101,0.053947,0.776406,0.05162,0.552811,0.10324
"{'classifier__C': 1500, 'classifier__gamma': 0.1, 'classifier__kernel': 'rbf'}",0.819885,0.057393,0.823362,0.05775,0.813231,0.080417,0.625686,0.119193,0.817488,0.060392,0.818296,0.060212,0.636592,0.120425
"{'classifier__C': 1500, 'classifier__gamma': 0.075, 'classifier__kernel': 'rbf'}",0.830072,0.056625,0.834884,0.056619,0.821385,0.080208,0.645917,0.118533,0.827322,0.059873,0.828134,0.059604,0.656268,0.119209
"{'classifier__C': 1500, 'classifier__gamma': 0.05, 'classifier__kernel': 'rbf'}",0.828623,0.062897,0.830338,0.062902,0.825231,0.078519,0.64405,0.129064,0.827253,0.064809,0.827785,0.064759,0.655569,0.129517
"{'classifier__C': 1500, 'classifier__gamma': 0.025, 'classifier__kernel': 'rbf'}",0.834463,0.060251,0.825793,0.058497,0.849231,0.079361,0.660101,0.124417,0.8369,0.062652,0.837512,0.062844,0.675024,0.125688
"{'classifier__C': 1500, 'classifier__gamma': 0.01, 'classifier__kernel': 'rbf'}",0.833014,0.057448,0.814323,0.057747,0.865077,0.080036,0.662061,0.117358,0.838586,0.059712,0.8397,0.060041,0.6794,0.120081
"{'classifier__C': 1500, 'classifier__gamma': 0.0075, 'classifier__kernel': 'rbf'}",0.834463,0.057071,0.814271,0.058819,0.869077,0.075559,0.665712,0.115589,0.840587,0.058502,0.841674,0.058862,0.683348,0.117724
"{'classifier__C': 1500, 'classifier__gamma': 0.005, 'classifier__kernel': 'rbf'}",0.835912,0.056282,0.816543,0.058486,0.868923,0.082082,0.66838,0.115081,0.841405,0.058739,0.842733,0.059067,0.685466,0.118135
"{'classifier__C': 1500, 'classifier__gamma': 0.0025, 'classifier__kernel': 'rbf'}",0.831543,0.059272,0.814165,0.061788,0.860923,0.084476,0.658788,0.121047,0.836264,0.061629,0.837544,0.061962,0.675088,0.123924
"{'classifier__C': 1500, 'classifier__gamma': 0.001, 'classifier__kernel': 'rbf'}",0.819928,0.059966,0.791279,0.065894,0.868769,0.078368,0.641543,0.119282,0.828207,0.06103,0.830024,0.061054,0.660048,0.122108
"{'classifier__C': 1500, 'classifier__gamma': 'auto', 'classifier__kernel': 'rbf'}",0.828623,0.062897,0.830338,0.062902,0.825231,0.078519,0.64405,0.129064,0.827253,0.064809,0.827785,0.064759,0.655569,0.129517
"{'classifier__C': 1750, 'classifier__gamma': 0.5, 'classifier__kernel': 'rbf'}",0.771952,0.044796,0.814059,0.051919,0.698769,0.089487,0.5133,0.095506,0.752179,0.051671,0.756414,0.049779,0.512828,0.099558
"{'classifier__C': 1750, 'classifier__gamma': 0.25, 'classifier__kernel': 'rbf'}",0.786402,0.041226,0.820825,0.06021,0.726308,0.094913,0.547886,0.086816,0.769159,0.049783,0.773566,0.045987,0.547132,0.091974
"{'classifier__C': 1750, 'classifier__gamma': 0.1, 'classifier__kernel': 'rbf'}",0.821334,0.056981,0.825687,0.056849,0.813231,0.080417,0.628221,0.118567,0.818654,0.060138,0.819459,0.059944,0.638918,0.119888
"{'classifier__C': 1750, 'classifier__gamma': 0.075, 'classifier__kernel': 'rbf'}",0.827153,0.058593,0.832558,0.057726,0.817385,0.078156,0.639517,0.121479,0.824331,0.061251,0.824971,0.061126,0.649943,0.122253
"{'classifier__C': 1750, 'classifier__gamma': 0.05, 'classifier__kernel': 'rbf'}",0.828623,0.066469,0.832611,0.065252,0.821231,0.086436,0.643307,0.1377,0.826232,0.069265,0.826921,0.069119,0.653842,0.138238
"{'classifier__C': 1750, 'classifier__gamma': 0.025, 'classifier__kernel': 'rbf'}",0.833014,0.061297,0.82352,0.059186,0.849231,0.079361,0.657524,0.12652,0.835797,0.063588,0.836375,0.063805,0.672751,0.127609
"{'classifier__C': 1750, 'classifier__gamma': 0.01, 'classifier__kernel': 'rbf'}",0.834463,0.057071,0.816596,0.061741,0.865077,0.075932,0.665168,0.115495,0.839685,0.057946,0.840837,0.058304,0.681673,0.116607
"{'classifier__C': 1750, 'classifier__gamma': 0.0075, 'classifier__kernel': 'rbf'}",0.835912,0.056282,0.816543,0.058486,0.869077,0.075559,0.668239,0.113949,0.841719,0.057766,0.84281,0.058108,0.68562,0.116215
"{'classifier__C': 1750, 'classifier__gamma': 0.005, 'classifier__kernel': 'rbf'}",0.837361,0.053908,0.816543,0.05389,0.873077,0.077074,0.671664,0.111033,0.843657,0.056218,0.84481,0.056724,0.68962,0.113448
"{'classifier__C': 1750, 'classifier__gamma': 0.0025, 'classifier__kernel': 'rbf'}",0.831564,0.059927,0.811892,0.060328,0.864923,0.08805,0.659799,0.123583,0.837025,0.062927,0.838408,0.063413,0.676815,0.126825
"{'classifier__C': 1750, 'classifier__gamma': 0.001, 'classifier__kernel': 'rbf'}",0.822847,0.059434,0.795877,0.065049,0.868769,0.078368,0.646328,0.118314,0.830619,0.060681,0.832323,0.060674,0.664647,0.121348
"{'classifier__C': 1750, 'classifier__gamma': 'auto', 'classifier__kernel': 'rbf'}",0.828623,0.066469,0.832611,0.065252,0.821231,0.086436,0.643307,0.1377,0.826232,0.069265,0.826921,0.069119,0.653842,0.138238
"{'classifier__C': 2000, 'classifier__gamma': 0.5, 'classifier__kernel': 'rbf'}",0.769032,0.040598,0.802643,0.04617,0.710462,0.090143,0.510112,0.088598,0.753109,0.048997,0.756552,0.047201,0.513104,0.094402
"{'classifier__C': 2000, 'classifier__gamma': 0.25, 'classifier__kernel': 'rbf'}",0.783483,0.047182,0.813953,0.06649,0.730154,0.079347,0.543435,0.096373,0.76886,0.047913,0.772054,0.047374,0.544107,0.094748
"{'classifier__C': 2000, 'classifier__gamma': 0.1, 'classifier__kernel': 'rbf'}",0.821334,0.056981,0.82796,0.056958,0.809385,0.077787,0.627251,0.118036,0.817932,0.059798,0.818672,0.059573,0.637344,0.119147
"{'classifier__C': 2000, 'classifier__gamma': 0.075, 'classifier__kernel': 'rbf'}",0.827153,0.058233,0.832558,0.057726,0.817231,0.076583,0.639413,0.120628,0.824287,0.060678,0.824894,0.060569,0.649789,0.121137
"{'classifier__C': 2000, 'classifier__gamma': 0.05, 'classifier__kernel': 'rbf'}",0.831543,0.06625,0.834884,0.064307,0.825231,0.088121,0.64941,0.13762,0.829337,0.069455,0.830057,0.069289,0.660114,0.138577
"{'classifier__C': 2000, 'classifier__gamma': 0.025, 'classifier__kernel': 'rbf'}",0.834484,0.062615,0.828118,0.060184,0.845231,0.078715,0.658987,0.128835,0.836228,0.06474,0.836675,0.064911,0.673349,0.129822
"{'classifier__C': 2000, 'classifier__gamma': 0.01, 'classifier__kernel': 'rbf'}",0.838832,0.059308,0.818922,0.061157,0.873077,0.072804,0.674338,0.119602,0.845069,0.060088,0.845999,0.060376,0.691999,0.120751
"{'classifier__C': 2000, 'classifier__gamma': 0.0075, 'classifier__kernel': 'rbf'}",0.834463,0.057071,0.816596,0.057406,0.865077,0.080036,0.664539,0.116621,0.839746,0.059402,0.840837,0.059721,0.681673,0.119441
"{'classifier__C': 2000, 'classifier__gamma': 0.005, 'classifier__kernel': 'rbf'}",0.834463,0.057071,0.814271,0.058819,0.869077,0.075559,0.665712,0.115589,0.840587,0.058502,0.841674,0.058862,0.683348,0.117724
"{'classifier__C': 2000, 'classifier__gamma': 0.0025, 'classifier__kernel': 'rbf'}",0.833014,0.059601,0.811892,0.060328,0.868923,0.084008,0.663317,0.122212,0.839102,0.061988,0.840408,0.062493,0.680815,0.124986
"{'classifier__C': 2000, 'classifier__gamma': 0.001, 'classifier__kernel': 'rbf'}",0.822847,0.057275,0.795877,0.06095,0.868769,0.078368,0.646097,0.115553,0.830681,0.059061,0.832323,0.059218,0.664647,0.118436
"{'classifier__C': 2000, 'classifier__gamma': 'auto', 'classifier__kernel': 'rbf'}",0.831543,0.06625,0.834884,0.064307,0.825231,0.088121,0.64941,0.13762,0.829337,0.069455,0.830057,0.069289,0.660114,0.138577
"{'classifier__C': 2250, 'classifier__gamma': 0.5, 'classifier__kernel': 'rbf'}",0.773359,0.045028,0.811734,0.053413,0.706308,0.09755,0.517839,0.09831,0.754733,0.053259,0.759021,0.05152,0.518041,0.103039
"{'classifier__C': 2250, 'classifier__gamma': 0.25, 'classifier__kernel': 'rbf'}",0.784974,0.047206,0.818658,0.063775,0.726154,0.086494,0.544992,0.09759,0.768744,0.051233,0.772406,0.049471,0.544811,0.098942
"{'classifier__C': 2250, 'classifier__gamma': 0.1, 'classifier__kernel': 'rbf'}",0.819864,0.05923,0.827907,0.055236,0.805385,0.08689,0.623417,0.124974,0.815747,0.064019,0.816646,0.063478,0.633292,0.126955
"{'classifier__C': 2250, 'classifier__gamma': 0.075, 'classifier__kernel': 'rbf'}",0.824254,0.058932,0.828013,0.058671,0.817231,0.076583,0.634276,0.121954,0.822039,0.061202,0.822622,0.061116,0.645243,0.122233
"{'classifier__C': 2250, 'classifier__gamma': 0.05, 'classifier__kernel': 'rbf'}",0.831543,0.06625,0.837156,0.064879,0.821385,0.091397,0.648817,0.137649,0.828343,0.069895,0.829271,0.069613,0.658541,0.139226
"{'classifier__C': 2250, 'classifier__gamma': 0.025, 'classifier__kernel': 'rbf'}",0.833014,0.060954,0.830391,0.060195,0.837385,0.072259,0.654472,0.124318,0.833563,0.062363,0.833888,0.06238,0.667776,0.12476
"{'classifier__C': 2250, 'classifier__gamma': 0.01, 'classifier__kernel': 'rbf'}",0.838853,0.060678,0.818975,0.062685,0.873077,0.072804,0.674396,0.121961,0.845119,0.061307,0.846026,0.061528,0.692052,0.123057
"{'classifier__C': 2250, 'classifier__gamma': 0.0075, 'classifier__kernel': 'rbf'}",0.837361,0.05657,0.816596,0.057406,0.873077,0.077074,0.671725,0.114941,0.843694,0.058535,0.844837,0.058793,0.689673,0.117586
"{'classifier__C': 2250, 'classifier__gamma': 0.005, 'classifier__kernel': 'rbf'}",0.838832,0.053734,0.818869,0.057871,0.873077,0.070572,0.67439,0.1075,0.844861,0.05475,0.845973,0.054846,0.691946,0.109692
"{'classifier__C': 2250, 'classifier__gamma': 0.0025, 'classifier__kernel': 'rbf'}",0.834463,0.056702,0.814218,0.059003,0.868923,0.082082,0.665895,0.115819,0.840211,0.059082,0.84157,0.059419,0.683141,0.118838
"{'classifier__C': 2250, 'classifier__gamma': 0.001, 'classifier__kernel': 'rbf'}",0.825746,0.058811,0.800423,0.064861,0.868769,0.078368,0.651348,0.117934,0.832963,0.060007,0.834596,0.060082,0.669192,0.120164
"{'classifier__C': 2250, 'classifier__gamma': 'auto', 'classifier__kernel': 'rbf'}",0.831543,0.06625,0.837156,0.064879,0.821385,0.091397,0.648817,0.137649,0.828343,0.069895,0.829271,0.069613,0.658541,0.139226
"{'classifier__C': 2500, 'classifier__gamma': 0.5, 'classifier__kernel': 'rbf'}",0.771931,0.046723,0.811786,0.055339,0.702308,0.092684,0.514117,0.100363,0.75287,0.053547,0.757047,0.051882,0.514094,0.103764
"{'classifier__C': 2500, 'classifier__gamma': 0.25, 'classifier__kernel': 'rbf'}",0.782055,0.042195,0.816385,0.055524,0.722154,0.081942,0.537772,0.088553,0.765852,0.047602,0.769269,0.045486,0.538539,0.090973
"{'classifier__C': 2500, 'classifier__gamma': 0.1, 'classifier__kernel': 'rbf'}",0.815516,0.060549,0.830127,0.057342,0.789538,0.089791,0.612102,0.128476,0.808615,0.065653,0.809833,0.064908,0.619665,0.129815
"{'classifier__C': 2500, 'classifier__gamma': 0.075, 'classifier__kernel': 'rbf'}",0.824233,0.057149,0.82796,0.056044,0.817231,0.076583,0.634086,0.118711,0.822003,0.059811,0.822595,0.059727,0.645191,0.119454
"{'classifier__C': 2500, 'classifier__gamma': 0.05, 'classifier__kernel': 'rbf'}",0.832992,0.063025,0.839429,0.06044,0.821385,0.091397,0.651216,0.13227,0.829418,0.067518,0.830407,0.067088,0.660814,0.134176
"{'classifier__C': 2500, 'classifier__gamma': 0.025, 'classifier__kernel': 'rbf'}",0.835912,0.057713,0.834937,0.056408,0.837385,0.072259,0.659575,0.118713,0.835776,0.059657,0.836161,0.059662,0.672321,0.119323
"{'classifier__C': 2500, 'classifier__gamma': 0.01, 'classifier__kernel': 'rbf'}",0.838853,0.060678,0.818975,0.062685,0.873077,0.072804,0.674396,0.121961,0.845119,0.061307,0.846026,0.061528,0.692052,0.123057
"{'classifier__C': 2500, 'classifier__gamma': 0.0075, 'classifier__kernel': 'rbf'}",0.835934,0.057714,0.816649,0.057214,0.869077,0.077647,0.667983,0.11749,0.841856,0.059799,0.842863,0.060074,0.685726,0.120148
"{'classifier__C': 2500, 'classifier__gamma': 0.005, 'classifier__kernel': 'rbf'}",0.838832,0.053734,0.818869,0.057871,0.873077,0.070572,0.67439,0.1075,0.844861,0.05475,0.845973,0.054846,0.691946,0.109692
"{'classifier__C': 2500, 'classifier__gamma': 0.0025, 'classifier__kernel': 'rbf'}",0.833014,0.057448,0.811945,0.059244,0.868923,0.082082,0.663368,0.117383,0.839079,0.059772,0.840434,0.060134,0.680868,0.120267
"{'classifier__C': 2500, 'classifier__gamma': 0.001, 'classifier__kernel': 'rbf'}",0.825746,0.057365,0.802696,0.065045,0.864923,0.07844,0.650444,0.114759,0.832173,0.058484,0.833809,0.058542,0.667619,0.117085
"{'classifier__C': 2500, 'classifier__gamma': 'auto', 'classifier__kernel': 'rbf'}",0.832992,0.063025,0.839429,0.06044,0.821385,0.091397,0.651216,0.13227,0.829418,0.067518,0.830407,0.067088,0.660814,0.134176
"{'classifier__C': 2750, 'classifier__gamma': 0.5, 'classifier__kernel': 'rbf'}",0.77046,0.048449,0.811786,0.059824,0.698308,0.087366,0.510994,0.102274,0.750868,0.052993,0.755047,0.051674,0.510094,0.103347
"{'classifier__C': 2750, 'classifier__gamma': 0.25, 'classifier__kernel': 'rbf'}",0.777707,0.044584,0.816385,0.055524,0.710154,0.087989,0.526981,0.095437,0.759291,0.051342,0.763269,0.049051,0.526539,0.098103
"{'classifier__C': 2750, 'classifier__gamma': 0.1, 'classifier__kernel': 'rbf'}",0.815516,0.060549,0.830127,0.057342,0.789538,0.089791,0.612102,0.128476,0.808615,0.065653,0.809833,0.064908,0.619665,0.129815
"{'classifier__C': 2750, 'classifier__gamma': 0.075, 'classifier__kernel': 'rbf'}",0.819885,0.057393,0.823362,0.05775,0.813231,0.080417,0.625686,0.119193,0.817488,0.060392,0.818296,0.060212,0.636592,0.120425
"{'classifier__C': 2750, 'classifier__gamma': 0.05, 'classifier__kernel': 'rbf'}",0.832992,0.063025,0.839429,0.06044,0.821385,0.091397,0.651216,0.13227,0.829418,0.067518,0.830407,0.067088,0.660814,0.134176
"{'classifier__C': 2750, 'classifier__gamma': 0.025, 'classifier__kernel': 'rbf'}",0.835912,0.057713,0.834937,0.056408,0.837385,0.072259,0.659575,0.118713,0.835776,0.059657,0.836161,0.059662,0.672321,0.119323
"{'classifier__C': 2750, 'classifier__gamma': 0.01, 'classifier__kernel': 'rbf'}",0.835934,0.061897,0.818975,0.062685,0.865077,0.073795,0.667053,0.125174,0.8413,0.062748,0.842026,0.062983,0.684052,0.125966
"{'classifier__C': 2750, 'classifier__gamma': 0.0075, 'classifier__kernel': 'rbf'}",0.837361,0.058755,0.816596,0.061741,0.873077,0.072804,0.671997,0.118368,0.843797,0.059382,0.844837,0.059683,0.689673,0.119366
"{'classifier__C': 2750, 'classifier__gamma': 0.005, 'classifier__kernel': 'rbf'}",0.838832,0.053734,0.818869,0.057871,0.873077,0.070572,0.67439,0.1075,0.844861,0.05475,0.845973,0.054846,0.691946,0.109692
"{'classifier__C': 2750, 'classifier__gamma': 0.0025, 'classifier__kernel': 'rbf'}",0.835912,0.059192,0.816543,0.058486,0.868923,0.084008,0.668114,0.121829,0.841562,0.061828,0.842733,0.062347,0.685466,0.124694
"{'classifier__C': 2750, 'classifier__gamma': 0.001, 'classifier__kernel': 'rbf'}",0.828645,0.056941,0.807294,0.061635,0.864923,0.07844,0.654948,0.114943,0.834709,0.058569,0.836108,0.058732,0.672217,0.117464
"{'classifier__C': 2750, 'classifier__gamma': 'auto', 'classifier__kernel': 'rbf'}",0.832992,0.063025,0.839429,0.06044,0.821385,0.091397,0.651216,0.13227,0.829418,0.067518,0.830407,0.067088,0.660814,0.134176
"{'classifier__C': 3000, 'classifier__gamma': 0.5, 'classifier__kernel': 'rbf'}",0.767583,0.051821,0.807188,0.058462,0.698308,0.094408,0.505255,0.110935,0.748687,0.057982,0.752748,0.056543,0.505496,0.113086
"{'classifier__C': 3000, 'classifier__gamma': 0.25, 'classifier__kernel': 'rbf'}",0.773359,0.047784,0.816385,0.055524,0.698462,0.092873,0.516328,0.103551,0.752934,0.055474,0.757423,0.053044,0.514846,0.106089
"{'classifier__C': 3000, 'classifier__gamma': 0.1, 'classifier__kernel': 'rbf'}",0.815558,0.06321,0.83018,0.060847,0.789538,0.089791,0.612293,0.133277,0.808684,0.067784,0.809859,0.067037,0.619718,0.134074
"{'classifier__C': 3000, 'classifier__gamma': 0.075, 'classifier__kernel': 'rbf'}",0.816986,0.055132,0.821089,0.054698,0.809385,0.077787,0.619382,0.114503,0.814499,0.058247,0.815237,0.058076,0.630473,0.116152
"{'classifier__C': 3000, 'classifier__gamma': 0.05, 'classifier__kernel': 'rbf'}",0.831522,0.055188,0.839429,0.058706,0.817385,0.073949,0.647946,0.113905,0.827577,0.057045,0.828407,0.056826,0.656814,0.113652
"{'classifier__C': 3000, 'classifier__gamma': 0.025, 'classifier__kernel': 'rbf'}",0.835912,0.057713,0.834937,0.056408,0.837385,0.072259,0.659575,0.118713,0.835776,0.059657,0.836161,0.059662,0.672321,0.119323
"{'classifier__C': 3000, 'classifier__gamma': 0.01, 'classifier__kernel': 'rbf'}",0.834484,0.062279,0.818975,0.062685,0.861077,0.076094,0.663471,0.126377,0.839302,0.063422,0.840026,0.063676,0.680052,0.127352
"{'classifier__C': 3000, 'classifier__gamma': 0.0075, 'classifier__kernel': 'rbf'}",0.835912,0.056654,0.816596,0.061741,0.869077,0.071198,0.668685,0.11386,0.841762,0.056827,0.842837,0.057217,0.685673,0.114434
"{'classifier__C': 3000, 'classifier__gamma': 0.005, 'classifier__kernel': 'rbf'}",0.838832,0.053734,0.818869,0.057871,0.873077,0.070572,0.67439,0.1075,0.844861,0.05475,0.845973,0.054846,0.691946,0.109692
"{'classifier__C': 3000, 'classifier__gamma': 0.0025, 'classifier__kernel': 'rbf'}",0.837361,0.055822,0.816543,0.058486,0.872923,0.077524,0.671898,0.113341,0.843482,0.057574,0.844733,0.05793,0.689466,0.115859
"{'classifier__C': 3000, 'classifier__gamma': 0.001, 'classifier__kernel': 'rbf'}",0.831543,0.056366,0.811892,0.060328,0.864923,0.07844,0.659813,0.114062,0.83711,0.058147,0.838408,0.058339,0.676815,0.116677
"{'classifier__C': 3000, 'classifier__gamma': 'auto', 'classifier__kernel': 'rbf'}",0.831522,0.055188,0.839429,0.058706,0.817385,0.073949,0.647946,0.113905,0.827577,0.057045,0.828407,0.056826,0.656814,0.113652
"{'classifier__C': 3250, 'classifier__gamma': 0.5, 'classifier__kernel': 'rbf'}",0.760337,0.053443,0.80259,0.062865,0.686615,0.090636,0.489676,0.11243,0.740294,0.057875,0.744603,0.056556,0.489205,0.113111
"{'classifier__C': 3250, 'classifier__gamma': 0.25, 'classifier__kernel': 'rbf'}",0.776257,0.045105,0.81871,0.054794,0.702462,0.087531,0.522684,0.096918,0.756317,0.051701,0.760586,0.04954,0.521172,0.099081
"{'classifier__C': 3250, 'classifier__gamma': 0.1, 'classifier__kernel': 'rbf'}",0.811189,0.063187,0.827854,0.059177,0.781692,0.09341,0.602489,0.134023,0.803426,0.068622,0.804773,0.067783,0.609546,0.135565
"{'classifier__C': 3250, 'classifier__gamma': 0.075, 'classifier__kernel': 'rbf'}",0.818436,0.055541,0.823414,0.05573,0.809385,0.077787,0.622075,0.11507,0.815634,0.05849,0.816399,0.058304,0.632799,0.116608
"{'classifier__C': 3250, 'classifier__gamma': 0.05, 'classifier__kernel': 'rbf'}",0.830072,0.056625,0.834884,0.060157,0.821385,0.069522,0.646075,0.11533,0.82755,0.05743,0.828134,0.057458,0.656268,0.114916
"{'classifier__C': 3250, 'classifier__gamma': 0.025, 'classifier__kernel': 'rbf'}",0.835912,0.057713,0.834937,0.056408,0.837385,0.072259,0.659575,0.118713,0.835776,0.059657,0.836161,0.059662,0.672321,0.119323
"{'classifier__C': 3250, 'classifier__gamma': 0.01, 'classifier__kernel': 'rbf'}",0.835934,0.058405,0.818975,0.062685,0.865231,0.064396,0.667272,0.116066,0.841394,0.058089,0.842103,0.058116,0.684205,0.116233
"{'classifier__C': 3250, 'classifier__gamma': 0.0075, 'classifier__kernel': 'rbf'}",0.837361,0.058755,0.816596,0.061741,0.873077,0.072804,0.671997,0.118368,0.843797,0.059382,0.844837,0.059683,0.689673,0.119366
"{'classifier__C': 3250, 'classifier__gamma': 0.005, 'classifier__kernel': 'rbf'}",0.835934,0.056981,0.816596,0.057406,0.869077,0.075559,0.668021,0.115653,0.841847,0.058687,0.842837,0.059025,0.685673,0.11805
"{'classifier__C': 3250, 'classifier__gamma': 0.0025, 'classifier__kernel': 'rbf'}",0.835912,0.055908,0.816543,0.058486,0.868923,0.076009,0.668208,0.113305,0.841601,0.057459,0.842733,0.057792,0.685466,0.115583
"{'classifier__C': 3250, 'classifier__gamma': 0.001, 'classifier__kernel': 'rbf'}",0.831543,0.056366,0.811892,0.060328,0.864923,0.07844,0.659813,0.114062,0.83711,0.058147,0.838408,0.058339,0.676815,0.116677
"{'classifier__C': 3250, 'classifier__gamma': 'auto', 'classifier__kernel': 'rbf'}",0.830072,0.056625,0.834884,0.060157,0.821385,0.069522,0.646075,0.11533,0.82755,0.05743,0.828134,0.057458,0.656268,0.114916
"{'classifier__C': 3500, 'classifier__gamma': 0.5, 'classifier__kernel': 'rbf'}",0.757417,0.052568,0.800264,0.061086,0.682615,0.093444,0.483302,0.111861,0.736937,0.05792,0.74144,0.056523,0.48288,0.113045
"{'classifier__C': 3500, 'classifier__gamma': 0.25, 'classifier__kernel': 'rbf'}",0.774787,0.043262,0.818658,0.054003,0.698462,0.087552,0.519144,0.093572,0.754056,0.049995,0.75856,0.047902,0.517119,0.095805
"{'classifier__C': 3500, 'classifier__gamma': 0.1, 'classifier__kernel': 'rbf'}",0.806841,0.064492,0.827854,0.059177,0.769846,0.102254,0.592056,0.137847,0.796943,0.071637,0.79885,0.07039,0.5977,0.140779
"{'classifier__C': 3500, 'classifier__gamma': 0.075, 'classifier__kernel': 'rbf'}",0.815537,0.056197,0.821089,0.056556,0.805538,0.076819,0.615993,0.116041,0.812586,0.05885,0.813314,0.058699,0.626627,0.117397
"{'classifier__C': 3500, 'classifier__gamma': 0.05, 'classifier__kernel': 'rbf'}",0.827174,0.06069,0.832611,0.061166,0.817385,0.078156,0.639813,0.125351,0.824352,0.062809,0.824998,0.0627,0.649996,0.125399
"{'classifier__C': 3500, 'classifier__gamma': 0.025, 'classifier__kernel': 'rbf'}",0.835891,0.056281,0.837209,0.055216,0.833385,0.068589,0.658494,0.115483,0.834978,0.057972,0.835297,0.057919,0.670594,0.115837
"{'classifier__C': 3500, 'classifier__gamma': 0.01, 'classifier__kernel': 'rbf'}",0.835934,0.058405,0.818975,0.062685,0.865231,0.064396,0.667272,0.116066,0.841394,0.058089,0.842103,0.058116,0.684205,0.116233
"{'classifier__C': 3500, 'classifier__gamma': 0.0075, 'classifier__kernel': 'rbf'}",0.838832,0.059308,0.818922,0.061157,0.873077,0.072804,0.674338,0.119602,0.845069,0.060088,0.845999,0.060376,0.691999,0.120751
"{'classifier__C': 3500, 'classifier__gamma': 0.005, 'classifier__kernel': 'rbf'}",0.837383,0.054251,0.816596,0.057406,0.873077,0.07497,0.671918,0.109417,0.843591,0.056044,0.844837,0.056096,0.689673,0.112193
"{'classifier__C': 3500, 'classifier__gamma': 0.0025, 'classifier__kernel': 'rbf'}",0.835912,0.053213,0.818816,0.05343,0.865077,0.078011,0.666972,0.109867,0.840883,0.055736,0.841946,0.056223,0.683893,0.112446
"{'classifier__C': 3500, 'classifier__gamma': 0.001, 'classifier__kernel': 'rbf'}",0.832992,0.056019,0.814165,0.061788,0.864923,0.07844,0.662572,0.112813,0.838184,0.057538,0.839544,0.057696,0.679088,0.115391
"{'classifier__C': 3500, 'classifier__gamma': 'auto', 'classifier__kernel': 'rbf'}",0.827174,0.06069,0.832611,0.061166,0.817385,0.078156,0.639813,0.125351,0.824352,0.062809,0.824998,0.0627,0.649996,0.125399
"{'classifier__C': 3750, 'classifier__gamma': 0.5, 'classifier__kernel': 'rbf'}",0.758887,0.053363,0.80259,0.060229,0.682615,0.093444,0.485789,0.113601,0.738115,0.058967,0.742603,0.057492,0.485205,0.114984
"{'classifier__C': 3750, 'classifier__gamma': 0.25, 'classifier__kernel': 'rbf'}",0.773316,0.039261,0.814006,0.055196,0.702462,0.080036,0.517601,0.083946,0.754167,0.043207,0.758234,0.042146,0.516468,0.084293
"{'classifier__C': 3750, 'classifier__gamma': 0.1, 'classifier__kernel': 'rbf'}",0.806841,0.061149,0.825581,0.055461,0.773846,0.097781,0.592755,0.130588,0.798065,0.067938,0.799714,0.066967,0.599428,0.133933
"{'classifier__C': 3750, 'classifier__gamma': 0.075, 'classifier__kernel': 'rbf'}",0.818436,0.057766,0.825634,0.057949,0.805538,0.076819,0.621169,0.119248,0.814885,0.060267,0.815586,0.060076,0.631173,0.120153
"{'classifier__C': 3750, 'classifier__gamma': 0.05, 'classifier__kernel': 'rbf'}",0.828602,0.059439,0.834831,0.05933,0.817385,0.078156,0.642254,0.122835,0.825444,0.061844,0.826108,0.061718,0.652215,0.123435
"{'classifier__C': 3750, 'classifier__gamma': 0.025, 'classifier__kernel': 'rbf'}",0.83734,0.059111,0.837209,0.061416,0.837231,0.070255,0.662546,0.119758,0.836763,0.059991,0.83722,0.059949,0.67444,0.119899
"{'classifier__C': 3750, 'classifier__gamma': 0.01, 'classifier__kernel': 'rbf'}",0.833035,0.061951,0.818975,0.062685,0.857231,0.073801,0.659907,0.125338,0.837477,0.062864,0.838103,0.063074,0.676205,0.126148
"{'classifier__C': 3750, 'classifier__gamma': 0.0075, 'classifier__kernel': 'rbf'}",0.835934,0.060207,0.816649,0.062396,0.869077,0.075559,0.6684,0.121632,0.841867,0.061148,0.842863,0.061439,0.685726,0.122878
"{'classifier__C': 3750, 'classifier__gamma': 0.005, 'classifier__kernel': 'rbf'}",0.838832,0.05451,0.818922,0.056777,0.873077,0.07497,0.674294,0.110092,0.844838,0.056406,0.845999,0.056453,0.691999,0.112907
"{'classifier__C': 3750, 'classifier__gamma': 0.0025, 'classifier__kernel': 'rbf'}",0.834463,0.05633,0.816543,0.058486,0.865077,0.078011,0.66471,0.114493,0.839693,0.058129,0.84081,0.058497,0.68162,0.116994
"{'classifier__C': 3750, 'classifier__gamma': 0.001, 'classifier__kernel': 'rbf'}",0.831543,0.056366,0.811892,0.060328,0.864923,0.07844,0.659813,0.114062,0.83711,0.058147,0.838408,0.058339,0.676815,0.116677
"{'classifier__C': 3750, 'classifier__gamma': 'auto', 'classifier__kernel': 'rbf'}",0.828602,0.059439,0.834831,0.05933,0.817385,0.078156,0.642254,0.122835,0.825444,0.061844,0.826108,0.061718,0.652215,0.123435
"{'classifier__C': 4000, 'classifier__gamma': 0.5, 'classifier__kernel': 'rbf'}",0.758887,0.053755,0.800317,0.061723,0.686615,0.090636,0.486809,0.113062,0.739326,0.058443,0.743466,0.057099,0.486933,0.114199
"{'classifier__C': 4000, 'classifier__gamma': 0.25, 'classifier__kernel': 'rbf'}",0.776215,0.038767,0.818605,0.05524,0.702462,0.080036,0.523031,0.083001,0.756275,0.042868,0.760533,0.041716,0.521066,0.083431
"{'classifier__C': 4000, 'classifier__gamma': 0.1, 'classifier__kernel': 'rbf'}",0.805392,0.062549,0.823256,0.058266,0.773846,0.097781,0.590272,0.132753,0.796922,0.068846,0.798551,0.067929,0.597102,0.135859
"{'classifier__C': 4000, 'classifier__gamma': 0.075, 'classifier__kernel': 'rbf'}",0.815537,0.064872,0.823362,0.062888,0.801538,0.085846,0.61506,0.134334,0.811695,0.068105,0.81245,0.067799,0.6249,0.135598
"{'classifier__C': 4000, 'classifier__gamma': 0.05, 'classifier__kernel': 'rbf'}",0.827153,0.059306,0.832558,0.059488,0.817385,0.078156,0.639695,0.122569,0.8243,0.061661,0.824971,0.061547,0.649943,0.123095
"{'classifier__C': 4000, 'classifier__gamma': 0.025, 'classifier__kernel': 'rbf'}",0.835891,0.058117,0.834937,0.059959,0.837231,0.070255,0.659911,0.118436,0.835623,0.059204,0.836084,0.05917,0.672167,0.11834
"{'classifier__C': 4000, 'classifier__gamma': 0.01, 'classifier__kernel': 'rbf'}",0.833035,0.061951,0.818975,0.062685,0.857231,0.073801,0.659907,0.125338,0.837477,0.062864,0.838103,0.063074,0.676205,0.126148
"{'classifier__C': 4000, 'classifier__gamma': 0.0075, 'classifier__kernel': 'rbf'}",0.838853,0.060678,0.821247,0.062201,0.869077,0.075559,0.673292,0.122531,0.84428,0.061736,0.845162,0.061979,0.690324,0.123957
"{'classifier__C': 4000, 'classifier__gamma': 0.005, 'classifier__kernel': 'rbf'}",0.837383,0.05763,0.818922,0.056777,0.869077,0.079681,0.670484,0.117725,0.842968,0.060089,0.843999,0.06036,0.687999,0.12072
"{'classifier__C': 4000, 'classifier__gamma': 0.0025, 'classifier__kernel': 'rbf'}",0.834484,0.057761,0.816543,0.058486,0.865077,0.078011,0.664516,0.117398,0.839798,0.059636,0.84081,0.059992,0.68162,0.119984
"{'classifier__C': 4000, 'classifier__gamma': 0.001, 'classifier__kernel': 'rbf'}",0.830094,0.059564,0.811892,0.060328,0.860923,0.084476,0.65603,0.122127,0.83519,0.062166,0.836408,0.062525,0.672815,0.12505
"{'classifier__C': 4000, 'classifier__gamma': 'auto', 'classifier__kernel': 'rbf'}",0.827153,0.059306,0.832558,0.059488,0.817385,0.078156,0.639695,0.122569,0.8243,0.061661,0.824971,0.061547,0.649943,0.123095
"{'classifier__C': 4250, 'classifier__gamma': 0.5, 'classifier__kernel': 'rbf'}",0.75454,0.051004,0.795772,0.056688,0.682615,0.089955,0.477546,0.109344,0.735153,0.056615,0.739194,0.055233,0.478387,0.110467
"{'classifier__C': 4250, 'classifier__gamma': 0.25, 'classifier__kernel': 'rbf'}",0.780584,0.031025,0.818605,0.051175,0.714308,0.073047,0.533508,0.065555,0.762751,0.034682,0.766456,0.033421,0.532912,0.066842
"{'classifier__C': 4250, 'classifier__gamma': 0.1, 'classifier__kernel': 'rbf'}",0.806841,0.061149,0.823256,0.058266,0.777692,0.096762,0.593861,0.129749,0.798837,0.067416,0.800474,0.066429,0.600948,0.132857
"{'classifier__C': 4250, 'classifier__gamma': 0.075, 'classifier__kernel': 'rbf'}",0.819885,0.066859,0.830233,0.065417,0.801538,0.085846,0.623042,0.138323,0.815114,0.069743,0.815886,0.06941,0.631771,0.138821
"{'classifier__C': 4250, 'classifier__gamma': 0.05, 'classifier__kernel': 'rbf'}",0.825703,0.05878,0.830285,0.058686,0.817231,0.076583,0.636886,0.121581,0.823155,0.061056,0.823758,0.06096,0.647516,0.121919
"{'classifier__C': 4250, 'classifier__gamma': 0.025, 'classifier__kernel': 'rbf'}",0.834442,0.060983,0.834937,0.059959,0.833231,0.077573,0.656202,0.125813,0.833584,0.063239,0.834084,0.063142,0.668167,0.126283
"{'classifier__C': 4250, 'classifier__gamma': 0.01, 'classifier__kernel': 'rbf'}",0.834484,0.061601,0.821247,0.062201,0.857231,0.073801,0.662385,0.124691,0.838636,0.06259,0.839239,0.062798,0.678478,0.125597
"{'classifier__C': 4250, 'classifier__gamma': 0.0075, 'classifier__kernel': 'rbf'}",0.835955,0.06423,0.818975,0.062685,0.865077,0.08201,0.66703,0.131215,0.841201,0.066071,0.842026,0.066468,0.684052,0.132935
"{'classifier__C': 4250, 'classifier__gamma': 0.005, 'classifier__kernel': 'rbf'}",0.837383,0.057265,0.818922,0.056777,0.869077,0.077647,0.670462,0.116629,0.843015,0.059426,0.843999,0.059694,0.687999,0.119388
"{'classifier__C': 4250, 'classifier__gamma': 0.0025, 'classifier__kernel': 'rbf'}",0.835934,0.057714,0.816543,0.058486,0.869077,0.075559,0.668045,0.116873,0.841824,0.059279,0.84281,0.059612,0.68562,0.119224
"{'classifier__C': 4250, 'classifier__gamma': 0.001, 'classifier__kernel': 'rbf'}",0.831543,0.059272,0.811892,0.060328,0.864923,0.080454,0.659547,0.120848,0.837267,0.061277,0.838408,0.061657,0.676815,0.123314
"{'classifier__C': 4250, 'classifier__gamma': 'auto', 'classifier__kernel': 'rbf'}",0.825703,0.05878,0.830285,0.058686,0.817231,0.076583,0.636886,0.121581,0.823155,0.061056,0.823758,0.06096,0.647516,0.121919
"{'classifier__C': 4500, 'classifier__gamma': 0.5, 'classifier__kernel': 'rbf'}",0.75454,0.051414,0.793499,0.058006,0.686615,0.087034,0.478649,0.109255,0.736377,0.05596,0.740057,0.054878,0.480114,0.109757
"{'classifier__C': 4500, 'classifier__gamma': 0.25, 'classifier__kernel': 'rbf'}",0.780584,0.03235,0.816332,0.051645,0.718308,0.069896,0.534337,0.067666,0.763996,0.034805,0.76732,0.033913,0.53464,0.067825
"{'classifier__C': 4500, 'classifier__gamma': 0.1, 'classifier__kernel': 'rbf'}",0.805371,0.060192,0.82093,0.058127,0.777692,0.096762,0.591326,0.1279,0.797637,0.066446,0.799311,0.065496,0.598623,0.130992
"{'classifier__C': 4500, 'classifier__gamma': 0.075, 'classifier__kernel': 'rbf'}",0.814066,0.066728,0.825581,0.066401,0.793538,0.089275,0.610925,0.13837,0.808537,0.069933,0.80956,0.069575,0.61912,0.13915
"{'classifier__C': 4500, 'classifier__gamma': 0.05, 'classifier__kernel': 'rbf'}",0.825725,0.061215,0.830338,0.062902,0.817231,0.076583,0.637257,0.125914,0.82316,0.062834,0.823785,0.062744,0.647569,0.125488
"{'classifier__C': 4500, 'classifier__gamma': 0.025, 'classifier__kernel': 'rbf'}",0.831543,0.06233,0.830338,0.063718,0.833231,0.077573,0.651385,0.127611,0.831199,0.063998,0.831785,0.063884,0.663569,0.127767
"{'classifier__C': 4500, 'classifier__gamma': 0.01, 'classifier__kernel': 'rbf'}",0.835934,0.063901,0.821247,0.062201,0.861231,0.078056,0.665726,0.129878,0.840627,0.06558,0.841239,0.065775,0.682478,0.131549
"{'classifier__C': 4500, 'classifier__gamma': 0.0075, 'classifier__kernel': 'rbf'}",0.835955,0.06423,0.818975,0.062685,0.865077,0.08201,0.66703,0.131215,0.841201,0.066071,0.842026,0.066468,0.684052,0.132935
"{'classifier__C': 4500, 'classifier__gamma': 0.005, 'classifier__kernel': 'rbf'}",0.838832,0.056775,0.818922,0.056777,0.873077,0.072804,0.673979,0.114849,0.845092,0.058217,0.845999,0.058525,0.691999,0.11705
"{'classifier__C': 4500, 'classifier__gamma': 0.0025, 'classifier__kernel': 'rbf'}",0.837383,0.054637,0.816543,0.058486,0.873077,0.070572,0.671855,0.109266,0.843694,0.055581,0.84481,0.055696,0.68962,0.111391
"{'classifier__C': 4500, 'classifier__gamma': 0.001, 'classifier__kernel': 'rbf'}",0.830094,0.062657,0.811892,0.060328,0.860923,0.088183,0.65578,0.129549,0.835293,0.065797,0.836408,0.066239,0.672815,0.132478
"{'classifier__C': 4500, 'classifier__gamma': 'auto', 'classifier__kernel': 'rbf'}",0.825725,0.061215,0.830338,0.062902,0.817231,0.076583,0.637257,0.125914,0.82316,0.062834,0.823785,0.062744,0.647569,0.125488
"{'classifier__C': 4750, 'classifier__gamma': 0.5, 'classifier__kernel': 'rbf'}",0.748743,0.05552,0.791226,0.060074,0.674615,0.098335,0.465228,0.1198,0.728408,0.062408,0.732921,0.060576,0.465842,0.121152
"{'classifier__C': 4750, 'classifier__gamma': 0.25, 'classifier__kernel': 'rbf'}",0.779135,0.031234,0.814059,0.046785,0.718308,0.069896,0.530902,0.066003,0.763078,0.035339,0.766183,0.03413,0.532367,0.068261
"{'classifier__C': 4750, 'classifier__gamma': 0.1, 'classifier__kernel': 'rbf'}",0.80682,0.060498,0.823203,0.058419,0.777692,0.096762,0.593937,0.128421,0.798753,0.066721,0.800448,0.065754,0.600895,0.131508
"{'classifier__C': 4750, 'classifier__gamma': 0.075, 'classifier__kernel': 'rbf'}",0.812617,0.061356,0.823309,0.059662,0.793538,0.089275,0.608004,0.128708,0.80731,0.065782,0.808424,0.065248,0.616847,0.130496
"{'classifier__C': 4750, 'classifier__gamma': 0.05, 'classifier__kernel': 'rbf'}",0.825725,0.061215,0.830338,0.062902,0.817231,0.076583,0.637257,0.125914,0.82316,0.062834,0.823785,0.062744,0.647569,0.125488
"{'classifier__C': 4750, 'classifier__gamma': 0.025, 'classifier__kernel': 'rbf'}",0.830094,0.065236,0.828066,0.067638,0.833231,0.077573,0.649011,0.132456,0.830091,0.066258,0.830648,0.066212,0.661296,0.132423
"{'classifier__C': 4750, 'classifier__gamma': 0.01, 'classifier__kernel': 'rbf'}",0.835934,0.063901,0.821247,0.062201,0.861231,0.078056,0.665726,0.129878,0.840627,0.06558,0.841239,0.065775,0.682478,0.131549
"{'classifier__C': 4750, 'classifier__gamma': 0.0075, 'classifier__kernel': 'rbf'}",0.834484,0.062279,0.818975,0.062685,0.861077,0.076094,0.663471,0.126377,0.839302,0.063422,0.840026,0.063676,0.680052,0.127352
"{'classifier__C': 4750, 'classifier__gamma': 0.005, 'classifier__kernel': 'rbf'}",0.838832,0.056775,0.818922,0.056777,0.873077,0.072804,0.673979,0.114849,0.845092,0.058217,0.845999,0.058525,0.691999,0.11705
"{'classifier__C': 4750, 'classifier__gamma': 0.0025, 'classifier__kernel': 'rbf'}",0.837383,0.054637,0.816543,0.058486,0.873077,0.070572,0.671855,0.109266,0.843694,0.055581,0.84481,0.055696,0.68962,0.111391
"{'classifier__C': 4750, 'classifier__gamma': 0.001, 'classifier__kernel': 'rbf'}",0.828645,0.0629,0.811892,0.060328,0.856923,0.091693,0.652263,0.130641,0.833216,0.066564,0.834408,0.066988,0.668815,0.133976
"{'classifier__C': 4750, 'classifier__gamma': 'auto', 'classifier__kernel': 'rbf'}",0.825725,0.061215,0.830338,0.062902,0.817231,0.076583,0.637257,0.125914,0.82316,0.062834,0.823785,0.062744,0.647569,0.125488
"{'classifier__C': 5000, 'classifier__gamma': 0.5, 'classifier__kernel': 'rbf'}",0.747293,0.052452,0.793499,0.057109,0.666769,0.093942,0.460522,0.113544,0.725335,0.059145,0.730134,0.057323,0.460268,0.114646
"{'classifier__C': 5000, 'classifier__gamma': 0.25, 'classifier__kernel': 'rbf'}",0.777685,0.031375,0.811734,0.04615,0.718308,0.069896,0.528145,0.066397,0.762014,0.035536,0.765021,0.034357,0.530041,0.068713
"{'classifier__C': 5000, 'classifier__gamma': 0.1, 'classifier__kernel': 'rbf'}",0.8039,0.058816,0.82093,0.056235,0.773692,0.096584,0.587673,0.125585,0.795571,0.06531,0.797311,0.064409,0.594623,0.128817
"{'classifier__C': 5000, 'classifier__gamma': 0.075, 'classifier__kernel': 'rbf'}",0.814066,0.060798,0.825581,0.058104,0.793538,0.089275,0.610456,0.127913,0.808458,0.065504,0.80956,0.064952,0.61912,0.129905
"{'classifier__C': 5000, 'classifier__gamma': 0.05, 'classifier__kernel': 'rbf'}",0.824254,0.05964,0.828013,0.060406,0.817231,0.076583,0.634434,0.122946,0.822007,0.061629,0.822622,0.061538,0.645243,0.123075
"{'classifier__C': 5000, 'classifier__gamma': 0.025, 'classifier__kernel': 'rbf'}",0.830094,0.065236,0.828066,0.067638,0.833231,0.077573,0.649011,0.132456,0.830091,0.066258,0.830648,0.066212,0.661296,0.132423
"{'classifier__C': 5000, 'classifier__gamma': 0.01, 'classifier__kernel': 'rbf'}",0.837383,0.060791,0.82352,0.057286,0.861231,0.078056,0.668021,0.125052,0.841786,0.063155,0.842375,0.063396,0.684751,0.126791
"{'classifier__C': 5000, 'classifier__gamma': 0.0075, 'classifier__kernel': 'rbf'}",0.834484,0.062279,0.818975,0.062685,0.861077,0.076094,0.663471,0.126377,0.839302,0.063422,0.840026,0.063676,0.680052,0.127352
"{'classifier__C': 5000, 'classifier__gamma': 0.005, 'classifier__kernel': 'rbf'}",0.838832,0.056775,0.818922,0.056777,0.873077,0.072804,0.673979,0.114849,0.845092,0.058217,0.845999,0.058525,0.691999,0.11705
"{'classifier__C': 5000, 'classifier__gamma': 0.0025, 'classifier__kernel': 'rbf'}",0.838832,0.053734,0.818869,0.057871,0.873077,0.070572,0.67439,0.1075,0.844861,0.05475,0.845973,0.054846,0.691946,0.109692
"{'classifier__C': 5000, 'classifier__gamma': 0.001, 'classifier__kernel': 'rbf'}",0.827195,0.063441,0.809619,0.060476,0.856923,0.091693,0.649736,0.131768,0.832085,0.06706,0.833271,0.067502,0.666543,0.135005
"{'classifier__C': 5000, 'classifier__gamma': 'auto', 'classifier__kernel': 'rbf'}",0.824254,0.05964,0.828013,0.060406,0.817231,0.076583,0.634434,0.122946,0.822007,0.061629,0.822622,0.061538,0.645243,0.123075
"{'classifier__C': 5250, 'classifier__gamma': 0.5, 'classifier__kernel': 'rbf'}",0.742945,0.052747,0.791226,0.059208,0.658769,0.095862,0.45097,0.113775,0.71972,0.059347,0.724998,0.057578,0.449995,0.115155
"{'classifier__C': 5250, 'classifier__gamma': 0.25, 'classifier__kernel': 'rbf'}",0.779156,0.033745,0.816385,0.047297,0.714462,0.07224,0.530072,0.071221,0.762106,0.038274,0.765423,0.036901,0.530846,0.073802
"{'classifier__C': 5250, 'classifier__gamma': 0.1, 'classifier__kernel': 'rbf'}",0.802451,0.062929,0.820877,0.060838,0.769846,0.097447,0.584386,0.13359,0.793625,0.068621,0.795362,0.067818,0.590724,0.135636
"{'classifier__C': 5250, 'classifier__gamma': 0.075, 'classifier__kernel': 'rbf'}",0.814066,0.060798,0.825581,0.058104,0.793538,0.089275,0.610456,0.127913,0.808458,0.065504,0.80956,0.064952,0.61912,0.129905
"{'classifier__C': 5250, 'classifier__gamma': 0.05, 'classifier__kernel': 'rbf'}",0.822805,0.057606,0.82574,0.057679,0.817231,0.076583,0.63171,0.119122,0.820857,0.059976,0.821485,0.059913,0.642971,0.119826
"{'classifier__C': 5250, 'classifier__gamma': 0.025, 'classifier__kernel': 'rbf'}",0.828645,0.06547,0.82574,0.069264,0.833231,0.077573,0.646644,0.132518,0.828852,0.066246,0.829485,0.06618,0.658971,0.132361
"{'classifier__C': 5250, 'classifier__gamma': 0.01, 'classifier__kernel': 'rbf'}",0.837383,0.060791,0.82352,0.057286,0.861231,0.078056,0.668021,0.125052,0.841786,0.063155,0.842375,0.063396,0.684751,0.126791
"{'classifier__C': 5250, 'classifier__gamma': 0.0075, 'classifier__kernel': 'rbf'}",0.833035,0.061951,0.818975,0.062685,0.857231,0.073801,0.659907,0.125338,0.837477,0.062864,0.838103,0.063074,0.676205,0.126148
"{'classifier__C': 5250, 'classifier__gamma': 0.005, 'classifier__kernel': 'rbf'}",0.834484,0.058123,0.816649,0.057214,0.865077,0.080036,0.664402,0.118799,0.839858,0.060524,0.840863,0.060827,0.681726,0.121654
"{'classifier__C': 5250, 'classifier__gamma': 0.0025, 'classifier__kernel': 'rbf'}",0.838832,0.053734,0.818869,0.057871,0.873077,0.070572,0.67439,0.1075,0.844861,0.05475,0.845973,0.054846,0.691946,0.109692
"{'classifier__C': 5250, 'classifier__gamma': 0.001, 'classifier__kernel': 'rbf'}",0.828645,0.06017,0.809619,0.060476,0.860923,0.084476,0.653503,0.123408,0.834059,0.062732,0.835271,0.063112,0.670543,0.126224
"{'classifier__C': 5250, 'classifier__gamma': 'auto', 'classifier__kernel': 'rbf'}",0.822805,0.057606,0.82574,0.057679,0.817231,0.076583,0.63171,0.119122,0.820857,0.059976,0.821485,0.059913,0.642971,0.119826
"{'classifier__C': 5500, 'classifier__gamma': 0.5, 'classifier__kernel': 'rbf'}",0.738598,0.057268,0.788953,0.062818,0.650769,0.101911,0.441183,0.123353,0.714068,0.064583,0.719861,0.062462,0.439723,0.124924
"{'classifier__C': 5500, 'classifier__gamma': 0.25, 'classifier__kernel': 'rbf'}",0.776257,0.035753,0.814059,0.046785,0.710462,0.075088,0.523655,0.076379,0.758876,0.040944,0.76226,0.039525,0.524521,0.07905
"{'classifier__C': 5500, 'classifier__gamma': 0.1, 'classifier__kernel': 'rbf'}",0.8039,0.062956,0.82315,0.061119,0.769846,0.097447,0.587046,0.133531,0.794713,0.068619,0.796498,0.067799,0.592996,0.135597
"{'classifier__C': 5500, 'classifier__gamma': 0.075, 'classifier__kernel': 'rbf'}",0.814066,0.060798,0.825581,0.058104,0.793538,0.089275,0.610456,0.127913,0.808458,0.065504,0.80956,0.064952,0.61912,0.129905
"{'classifier__C': 5500, 'classifier__gamma': 0.05, 'classifier__kernel': 'rbf'}",0.821355,0.059126,0.82352,0.059062,0.817231,0.076583,0.629147,0.121876,0.819797,0.061293,0.820375,0.061216,0.640751,0.122433
"{'classifier__C': 5500, 'classifier__gamma': 0.025, 'classifier__kernel': 'rbf'}",0.828623,0.063891,0.828013,0.067079,0.829231,0.076075,0.645453,0.129687,0.828043,0.064789,0.828622,0.064743,0.657243,0.129487
"{'classifier__C': 5500, 'classifier__gamma': 0.01, 'classifier__kernel': 'rbf'}",0.838853,0.06272,0.828118,0.058442,0.857231,0.078016,0.669403,0.129053,0.84227,0.064989,0.842675,0.06521,0.685349,0.130421
"{'classifier__C': 5500, 'classifier__gamma': 0.0075, 'classifier__kernel': 'rbf'}",0.833035,0.061951,0.818975,0.062685,0.857231,0.073801,0.659907,0.125338,0.837477,0.062864,0.838103,0.063074,0.676205,0.126148
"{'classifier__C': 5500, 'classifier__gamma': 0.005, 'classifier__kernel': 'rbf'}",0.835934,0.060207,0.818922,0.061157,0.865077,0.080036,0.667239,0.122674,0.840994,0.062004,0.841999,0.062282,0.683999,0.124564
"{'classifier__C': 5500, 'classifier__gamma': 0.0025, 'classifier__kernel': 'rbf'}",0.838832,0.053734,0.818869,0.057871,0.873077,0.070572,0.67439,0.1075,0.844861,0.05475,0.845973,0.054846,0.691946,0.109692
"{'classifier__C': 5500, 'classifier__gamma': 0.001, 'classifier__kernel': 'rbf'}",0.828645,0.058398,0.811945,0.059244,0.856923,0.082508,0.652429,0.119856,0.833314,0.06072,0.834434,0.061172,0.668868,0.122345
"{'classifier__C': 5500, 'classifier__gamma': 'auto', 'classifier__kernel': 'rbf'}",0.821355,0.059126,0.82352,0.059062,0.817231,0.076583,0.629147,0.121876,0.819797,0.061293,0.820375,0.061216,0.640751,0.122433
"{'classifier__C': 5750, 'classifier__gamma': 0.5, 'classifier__kernel': 'rbf'}",0.740047,0.060993,0.788953,0.064442,0.654769,0.103748,0.444723,0.131313,0.716392,0.068294,0.721861,0.066173,0.443723,0.132345
"{'classifier__C': 5750, 'classifier__gamma': 0.25, 'classifier__kernel': 'rbf'}",0.779177,0.036029,0.816385,0.044952,0.714615,0.083648,0.530036,0.079118,0.761891,0.043719,0.7655,0.041814,0.531,0.083629
"{'classifier__C': 5750, 'classifier__gamma': 0.1, 'classifier__kernel': 'rbf'}",0.803922,0.063583,0.820877,0.058236,0.773846,0.102573,0.58759,0.136095,0.795626,0.070475,0.797362,0.069679,0.594724,0.139358
"{'classifier__C': 5750, 'classifier__gamma': 0.075, 'classifier__kernel': 'rbf'}",0.812617,0.058193,0.825581,0.053475,0.789692,0.089411,0.606699,0.123848,0.806485,0.063804,0.807637,0.063089,0.615274,0.126179
"{'classifier__C': 5750, 'classifier__gamma': 0.05, 'classifier__kernel': 'rbf'}",0.821355,0.057688,0.823467,0.057484,0.817231,0.076583,0.629099,0.11939,0.819741,0.060082,0.820349,0.060029,0.640698,0.120059
"{'classifier__C': 5750, 'classifier__gamma': 0.025, 'classifier__kernel': 'rbf'}",0.828623,0.063891,0.828013,0.067079,0.829231,0.076075,0.645453,0.129687,0.828043,0.064789,0.828622,0.064743,0.657243,0.129487
"{'classifier__C': 5750, 'classifier__gamma': 0.01, 'classifier__kernel': 'rbf'}",0.838853,0.06272,0.828118,0.058442,0.857231,0.078016,0.669403,0.129053,0.84227,0.064989,0.842675,0.06521,0.685349,0.130421
"{'classifier__C': 5750, 'classifier__gamma': 0.0075, 'classifier__kernel': 'rbf'}",0.835934,0.058405,0.818975,0.062685,0.865231,0.064396,0.667272,0.116066,0.841394,0.058089,0.842103,0.058116,0.684205,0.116233
"{'classifier__C': 5750, 'classifier__gamma': 0.005, 'classifier__kernel': 'rbf'}",0.835934,0.060207,0.818922,0.061157,0.865077,0.080036,0.667239,0.122674,0.840994,0.062004,0.841999,0.062282,0.683999,0.124564
"{'classifier__C': 5750, 'classifier__gamma': 0.0025, 'classifier__kernel': 'rbf'}",0.838832,0.053734,0.818869,0.057871,0.873077,0.070572,0.67439,0.1075,0.844861,0.05475,0.845973,0.054846,0.691946,0.109692
"{'classifier__C': 5750, 'classifier__gamma': 0.001, 'classifier__kernel': 'rbf'}",0.830115,0.058805,0.811945,0.059244,0.860923,0.086349,0.656199,0.121452,0.835149,0.061555,0.836434,0.062143,0.672868,0.124285
"{'classifier__C': 5750, 'classifier__gamma': 'auto', 'classifier__kernel': 'rbf'}",0.821355,0.057688,0.823467,0.057484,0.817231,0.076583,0.629099,0.11939,0.819741,0.060082,0.820349,0.060029,0.640698,0.120059
"{'classifier__C': 6000, 'classifier__gamma': 0.5, 'classifier__kernel': 'rbf'}",0.738576,0.061538,0.788901,0.067748,0.650769,0.097087,0.44141,0.131095,0.714401,0.066771,0.719835,0.064974,0.43967,0.129949
"{'classifier__C': 6000, 'classifier__gamma': 0.25, 'classifier__kernel': 'rbf'}",0.777749,0.039922,0.814112,0.0465,0.714615,0.09272,0.527557,0.089124,0.760559,0.048707,0.764364,0.047038,0.528727,0.094077
"{'classifier__C': 6000, 'classifier__gamma': 0.1, 'classifier__kernel': 'rbf'}",0.8039,0.062285,0.820825,0.06017,0.773846,0.102573,0.58805,0.133104,0.795395,0.068839,0.797335,0.068087,0.594671,0.136174
"{'classifier__C': 6000, 'classifier__gamma': 0.075, 'classifier__kernel': 'rbf'}",0.809719,0.058532,0.823256,0.054427,0.785692,0.089755,0.600597,0.124441,0.80327,0.063997,0.804474,0.063329,0.608948,0.126658
"{'classifier__C': 6000, 'classifier__gamma': 0.05, 'classifier__kernel': 'rbf'}",0.819906,0.057733,0.823467,0.057484,0.813385,0.074026,0.625519,0.119059,0.817903,0.059827,0.818426,0.059752,0.636852,0.119503
"{'classifier__C': 6000, 'classifier__gamma': 0.025, 'classifier__kernel': 'rbf'}",0.830072,0.063652,0.830338,0.065319,0.829231,0.076075,0.64782,0.129646,0.829283,0.064817,0.829785,0.064791,0.659569,0.129582
"{'classifier__C': 6000, 'classifier__gamma': 0.01, 'classifier__kernel': 'rbf'}",0.838853,0.06272,0.828118,0.058442,0.857231,0.078016,0.669403,0.129053,0.84227,0.064989,0.842675,0.06521,0.685349,0.130421
"{'classifier__C': 6000, 'classifier__gamma': 0.0075, 'classifier__kernel': 'rbf'}",0.835934,0.058405,0.818975,0.062685,0.865231,0.064396,0.667272,0.116066,0.841394,0.058089,0.842103,0.058116,0.684205,0.116233
"{'classifier__C': 6000, 'classifier__gamma': 0.005, 'classifier__kernel': 'rbf'}",0.834484,0.058123,0.818922,0.061157,0.861077,0.078169,0.663927,0.118198,0.838959,0.059466,0.839999,0.059828,0.679999,0.119656
"{'classifier__C': 6000, 'classifier__gamma': 0.0025, 'classifier__kernel': 'rbf'}",0.838832,0.053734,0.818869,0.057871,0.873077,0.070572,0.67439,0.1075,0.844861,0.05475,0.845973,0.054846,0.691946,0.109692
"{'classifier__C': 6000, 'classifier__gamma': 0.001, 'classifier__kernel': 'rbf'}",0.831564,0.055562,0.811945,0.059244,0.864923,0.080454,0.659983,0.113334,0.837069,0.057496,0.838434,0.057928,0.676868,0.115855
"{'classifier__C': 6000, 'classifier__gamma': 'auto', 'classifier__kernel': 'rbf'}",0.819906,0.057733,0.823467,0.057484,0.813385,0.074026,0.625519,0.119059,0.817903,0.059827,0.818426,0.059752,0.636852,0.119503
"{'classifier__C': 6250, 'classifier__gamma': 0.5, 'classifier__kernel': 'rbf'}",0.738576,0.061538,0.788901,0.067748,0.650769,0.097087,0.44141,0.131095,0.714401,0.066771,0.719835,0.064974,0.43967,0.129949
"{'classifier__C': 6250, 'classifier__gamma': 0.25, 'classifier__kernel': 'rbf'}",0.7763,0.042528,0.811839,0.050002,0.714615,0.09272,0.525097,0.093291,0.759501,0.050256,0.763227,0.048805,0.526455,0.097609
"{'classifier__C': 6250, 'classifier__gamma': 0.1, 'classifier__kernel': 'rbf'}",0.8039,0.062285,0.820825,0.06017,0.773846,0.102573,0.58805,0.133104,0.795395,0.068839,0.797335,0.068087,0.594671,0.136174
"{'classifier__C': 6250, 'classifier__gamma': 0.075, 'classifier__kernel': 'rbf'}",0.809719,0.058532,0.823256,0.054427,0.785692,0.089755,0.600597,0.124441,0.80327,0.063997,0.804474,0.063329,0.608948,0.126658
"{'classifier__C': 6250, 'classifier__gamma': 0.05, 'classifier__kernel': 'rbf'}",0.819906,0.057733,0.823467,0.057484,0.813385,0.074026,0.625519,0.119059,0.817903,0.059827,0.818426,0.059752,0.636852,0.119503
"{'classifier__C': 6250, 'classifier__gamma': 0.025, 'classifier__kernel': 'rbf'}",0.831522,0.064039,0.832611,0.067585,0.829231,0.076075,0.650812,0.13006,0.830328,0.064755,0.830921,0.064765,0.661842,0.129529
"{'classifier__C': 6250, 'classifier__gamma': 0.01, 'classifier__kernel': 'rbf'}",0.838853,0.06272,0.828118,0.058442,0.857231,0.078016,0.669403,0.129053,0.84227,0.064989,0.842675,0.06521,0.685349,0.130421
"{'classifier__C': 6250, 'classifier__gamma': 0.0075, 'classifier__kernel': 'rbf'}",0.837383,0.057961,0.821247,0.062201,0.865231,0.064396,0.66975,0.11521,0.842554,0.057713,0.843239,0.057738,0.686478,0.115477
"{'classifier__C': 6250, 'classifier__gamma': 0.005, 'classifier__kernel': 'rbf'}",0.834484,0.058123,0.818922,0.061157,0.861077,0.078169,0.663927,0.118198,0.838959,0.059466,0.839999,0.059828,0.679999,0.119656
"{'classifier__C': 6250, 'classifier__gamma': 0.0025, 'classifier__kernel': 'rbf'}",0.837383,0.053862,0.816596,0.057406,0.873077,0.070572,0.671831,0.10796,0.843717,0.054949,0.844837,0.055066,0.689673,0.110132
"{'classifier__C': 6250, 'classifier__gamma': 0.001, 'classifier__kernel': 'rbf'}",0.833014,0.055211,0.811945,0.059244,0.868923,0.076009,0.663501,0.111831,0.839146,0.056464,0.840434,0.056918,0.680868,0.113837
"{'classifier__C': 6250, 'classifier__gamma': 'auto', 'classifier__kernel': 'rbf'}",0.819906,0.057733,0.823467,0.057484,0.813385,0.074026,0.625519,0.119059,0.817903,0.059827,0.818426,0.059752,0.636852,0.119503
"{'classifier__C': 6500, 'classifier__gamma': 0.5, 'classifier__kernel': 'rbf'}",0.738576,0.060157,0.788901,0.067748,0.650923,0.093339,0.441561,0.127324,0.714563,0.064667,0.719912,0.062927,0.439824,0.125854
"{'classifier__C': 6500, 'classifier__gamma': 0.25, 'classifier__kernel': 'rbf'}",0.777749,0.04147,0.816385,0.051386,0.710615,0.089766,0.527099,0.090482,0.759515,0.048194,0.7635,0.046903,0.527,0.093807
"{'classifier__C': 6500, 'classifier__gamma': 0.1, 'classifier__kernel': 'rbf'}",0.803879,0.061304,0.820772,0.062004,0.773846,0.102573,0.588499,0.130786,0.795197,0.067482,0.797309,0.066796,0.594618,0.133593
"{'classifier__C': 6500, 'classifier__gamma': 0.075, 'classifier__kernel': 'rbf'}",0.806841,0.061832,0.825581,0.055461,0.773846,0.094452,0.592535,0.131741,0.798296,0.067901,0.799714,0.067129,0.599428,0.134259
"{'classifier__C': 6500, 'classifier__gamma': 0.05, 'classifier__kernel': 'rbf'}",0.818457,0.058104,0.821142,0.058286,0.813385,0.074026,0.622985,0.119625,0.816736,0.060067,0.817263,0.060001,0.634526,0.120002
"{'classifier__C': 6500, 'classifier__gamma': 0.025, 'classifier__kernel': 'rbf'}",0.831522,0.064039,0.832611,0.067585,0.829231,0.076075,0.650812,0.13006,0.830328,0.064755,0.830921,0.064765,0.661842,0.129529
"{'classifier__C': 6500, 'classifier__gamma': 0.01, 'classifier__kernel': 'rbf'}",0.838853,0.06272,0.828118,0.058442,0.857231,0.078016,0.669403,0.129053,0.84227,0.064989,0.842675,0.06521,0.685349,0.130421
"{'classifier__C': 6500, 'classifier__gamma': 0.0075, 'classifier__kernel': 'rbf'}",0.835934,0.061215,0.821247,0.062201,0.861231,0.071643,0.665966,0.123504,0.840634,0.061929,0.841239,0.062121,0.682478,0.124242
"{'classifier__C': 6500, 'classifier__gamma': 0.005, 'classifier__kernel': 'rbf'}",0.837383,0.059777,0.821195,0.060663,0.865077,0.080036,0.669717,0.121864,0.842154,0.061659,0.843136,0.061931,0.686271,0.123863
"{'classifier__C': 6500, 'classifier__gamma': 0.0025, 'classifier__kernel': 'rbf'}",0.837383,0.053862,0.816596,0.057406,0.873077,0.070572,0.671831,0.10796,0.843717,0.054949,0.844837,0.055066,0.689673,0.110132
"{'classifier__C': 6500, 'classifier__gamma': 0.001, 'classifier__kernel': 'rbf'}",0.834463,0.054818,0.814271,0.058819,0.868923,0.076009,0.665986,0.11112,0.84034,0.056129,0.841597,0.056575,0.683194,0.113149
"{'classifier__C': 6500, 'classifier__gamma': 'auto', 'classifier__kernel': 'rbf'}",0.818457,0.058104,0.821142,0.058286,0.813385,0.074026,0.622985,0.119625,0.816736,0.060067,0.817263,0.060001,0.634526,0.120002
"{'classifier__C': 6570, 'classifier__gamma': 0.5, 'classifier__kernel': 'rbf'}",0.738576,0.060157,0.788901,0.067748,0.650923,0.093339,0.441561,0.127324,0.714563,0.064667,0.719912,0.062927,0.439824,0.125854
"{'classifier__C': 6570, 'classifier__gamma': 0.25, 'classifier__kernel': 'rbf'}",0.776279,0.040594,0.816385,0.051386,0.706615,0.082746,0.523362,0.087051,0.757626,0.046038,0.7615,0.044666,0.523,0.089332
"{'classifier__C': 6570, 'classifier__gamma': 0.1, 'classifier__kernel': 'rbf'}",0.803879,0.061304,0.820772,0.062004,0.773846,0.102573,0.588499,0.130786,0.795197,0.067482,0.797309,0.066796,0.594618,0.133593
"{'classifier__C': 6570, 'classifier__gamma': 0.075, 'classifier__kernel': 'rbf'}",0.806841,0.061832,0.825581,0.055461,0.773846,0.094452,0.592535,0.131741,0.798296,0.067901,0.799714,0.067129,0.599428,0.134259
"{'classifier__C': 6570, 'classifier__gamma': 0.05, 'classifier__kernel': 'rbf'}",0.819906,0.058095,0.823414,0.058569,0.813385,0.074026,0.625595,0.119492,0.817852,0.060017,0.818399,0.059943,0.636799,0.119886
"{'classifier__C': 6570, 'classifier__gamma': 0.025, 'classifier__kernel': 'rbf'}",0.828623,0.064219,0.830338,0.066882,0.825231,0.078519,0.64459,0.131039,0.82715,0.06541,0.827785,0.065402,0.655569,0.130803
"{'classifier__C': 6570, 'classifier__gamma': 0.01, 'classifier__kernel': 'rbf'}",0.838853,0.06272,0.828118,0.058442,0.857231,0.078016,0.669403,0.129053,0.84227,0.064989,0.842675,0.06521,0.685349,0.130421
"{'classifier__C': 6570, 'classifier__gamma': 0.0075, 'classifier__kernel': 'rbf'}",0.835934,0.061215,0.821247,0.062201,0.861231,0.071643,0.665966,0.123504,0.840634,0.061929,0.841239,0.062121,0.682478,0.124242
"{'classifier__C': 6570, 'classifier__gamma': 0.005, 'classifier__kernel': 'rbf'}",0.837383,0.059777,0.821195,0.060663,0.865077,0.080036,0.669717,0.121864,0.842154,0.061659,0.843136,0.061931,0.686271,0.123863
"{'classifier__C': 6570, 'classifier__gamma': 0.0025, 'classifier__kernel': 'rbf'}",0.837383,0.053862,0.816596,0.057406,0.873077,0.070572,0.671831,0.10796,0.843717,0.054949,0.844837,0.055066,0.689673,0.110132
"{'classifier__C': 6570, 'classifier__gamma': 0.001, 'classifier__kernel': 'rbf'}",0.834463,0.054818,0.814271,0.058819,0.868923,0.076009,0.665986,0.11112,0.84034,0.056129,0.841597,0.056575,0.683194,0.113149
"{'classifier__C': 6570, 'classifier__gamma': 'auto', 'classifier__kernel': 'rbf'}",0.819906,0.058095,0.823414,0.058569,0.813385,0.074026,0.625595,0.119492,0.817852,0.060017,0.818399,0.059943,0.636799,0.119886
"{'classifier__C': 7000, 'classifier__gamma': 0.5, 'classifier__kernel': 'rbf'}",0.735656,0.060096,0.784302,0.067219,0.650923,0.093339,0.436284,0.127414,0.712509,0.064481,0.717613,0.062934,0.435225,0.125867
"{'classifier__C': 7000, 'classifier__gamma': 0.25, 'classifier__kernel': 'rbf'}",0.779177,0.038835,0.818658,0.055753,0.710615,0.080361,0.530506,0.082067,0.760643,0.042559,0.764636,0.041363,0.529273,0.082725
"{'classifier__C': 7000, 'classifier__gamma': 0.1, 'classifier__kernel': 'rbf'}",0.80243,0.061275,0.818499,0.06164,0.773846,0.102573,0.585838,0.130875,0.794109,0.067493,0.796173,0.06683,0.592345,0.13366
"{'classifier__C': 7000, 'classifier__gamma': 0.075, 'classifier__kernel': 'rbf'}",0.803943,0.062556,0.823256,0.058266,0.769846,0.097447,0.586705,0.132785,0.794873,0.06876,0.796551,0.067884,0.593102,0.135768
"{'classifier__C': 7000, 'classifier__gamma': 0.05, 'classifier__kernel': 'rbf'}",0.816986,0.056658,0.821089,0.058437,0.809385,0.077787,0.619722,0.11691,0.814434,0.05914,0.815237,0.05898,0.630473,0.117959
"{'classifier__C': 7000, 'classifier__gamma': 0.025, 'classifier__kernel': 'rbf'}",0.827174,0.063767,0.832611,0.062832,0.817231,0.090028,0.639916,0.13324,0.823941,0.067654,0.824921,0.067258,0.649842,0.134516
"{'classifier__C': 7000, 'classifier__gamma': 0.01, 'classifier__kernel': 'rbf'}",0.838853,0.06272,0.828118,0.058442,0.857231,0.078016,0.669403,0.129053,0.84227,0.064989,0.842675,0.06521,0.685349,0.130421
"{'classifier__C': 7000, 'classifier__gamma': 0.0075, 'classifier__kernel': 'rbf'}",0.834484,0.061601,0.821247,0.062201,0.857231,0.073801,0.662385,0.124691,0.838636,0.06259,0.839239,0.062798,0.678478,0.125597
"{'classifier__C': 7000, 'classifier__gamma': 0.005, 'classifier__kernel': 'rbf'}",0.837383,0.059777,0.821195,0.060663,0.865077,0.080036,0.669717,0.121864,0.842154,0.061659,0.843136,0.061931,0.686271,0.123863
"{'classifier__C': 7000, 'classifier__gamma': 0.0025, 'classifier__kernel': 'rbf'}",0.838832,0.053342,0.816596,0.057406,0.877077,0.067378,0.675413,0.106269,0.845715,0.054007,0.846837,0.054086,0.693673,0.108172
"{'classifier__C': 7000, 'classifier__gamma': 0.001, 'classifier__kernel': 'rbf'}",0.834463,0.054818,0.814271,0.058819,0.868923,0.076009,0.665986,0.11112,0.84034,0.056129,0.841597,0.056575,0.683194,0.113149
"{'classifier__C': 7000, 'classifier__gamma': 'auto', 'classifier__kernel': 'rbf'}",0.816986,0.056658,0.821089,0.058437,0.809385,0.077787,0.619722,0.11691,0.814434,0.05914,0.815237,0.05898,0.630473,0.117959
"{'classifier__C': 7250, 'classifier__gamma': 0.5, 'classifier__kernel': 'rbf'}",0.735656,0.063495,0.784302,0.075198,0.650923,0.093339,0.437416,0.133199,0.712316,0.065891,0.717613,0.064802,0.435225,0.129604
"{'classifier__C': 7250, 'classifier__gamma': 0.25, 'classifier__kernel': 'rbf'}",0.776279,0.038469,0.814112,0.052746,0.710615,0.080361,0.524536,0.081502,0.758637,0.043124,0.762364,0.041765,0.524727,0.08353
"{'classifier__C': 7250, 'classifier__gamma': 0.1, 'classifier__kernel': 'rbf'}",0.799531,0.060076,0.816226,0.057714,0.77,0.104813,0.579426,0.12921,0.791006,0.067236,0.793113,0.066616,0.586226,0.133232
"{'classifier__C': 7250, 'classifier__gamma': 0.075, 'classifier__kernel': 'rbf'}",0.803943,0.062556,0.823256,0.058266,0.769846,0.097447,0.586705,0.132785,0.794873,0.06876,0.796551,0.067884,0.593102,0.135768
"{'classifier__C': 7250, 'classifier__gamma': 0.05, 'classifier__kernel': 'rbf'}",0.816986,0.056658,0.821089,0.058437,0.809385,0.077787,0.619722,0.11691,0.814434,0.05914,0.815237,0.05898,0.630473,0.117959
"{'classifier__C': 7250, 'classifier__gamma': 0.025, 'classifier__kernel': 'rbf'}",0.827174,0.063767,0.832611,0.062832,0.817231,0.090028,0.639916,0.13324,0.823941,0.067654,0.824921,0.067258,0.649842,0.134516
"{'classifier__C': 7250, 'classifier__gamma': 0.01, 'classifier__kernel': 'rbf'}",0.840303,0.062239,0.828118,0.058442,0.861231,0.078056,0.673059,0.128006,0.844194,0.064508,0.844675,0.064719,0.689349,0.129439
"{'classifier__C': 7250, 'classifier__gamma': 0.0075, 'classifier__kernel': 'rbf'}",0.834484,0.061601,0.821247,0.062201,0.857231,0.073801,0.662385,0.124691,0.838636,0.06259,0.839239,0.062798,0.678478,0.125597
"{'classifier__C': 7250, 'classifier__gamma': 0.005, 'classifier__kernel': 'rbf'}",0.838832,0.059308,0.821195,0.060663,0.869077,0.077647,0.673298,0.120431,0.844152,0.060873,0.845136,0.061117,0.690271,0.122234
"{'classifier__C': 7250, 'classifier__gamma': 0.0025, 'classifier__kernel': 'rbf'}",0.838832,0.053342,0.816596,0.057406,0.877077,0.067378,0.675413,0.106269,0.845715,0.054007,0.846837,0.054086,0.693673,0.108172
"{'classifier__C': 7250, 'classifier__gamma': 0.001, 'classifier__kernel': 'rbf'}",0.834463,0.054818,0.814271,0.058819,0.868923,0.076009,0.665986,0.11112,0.84034,0.056129,0.841597,0.056575,0.683194,0.113149
"{'classifier__C': 7250, 'classifier__gamma': 'auto', 'classifier__kernel': 'rbf'}",0.816986,0.056658,0.821089,0.058437,0.809385,0.077787,0.619722,0.11691,0.814434,0.05914,0.815237,0.05898,0.630473,0.117959
"{'classifier__C': 7500, 'classifier__gamma': 0.5, 'classifier__kernel': 'rbf'}",0.729838,0.065567,0.777484,0.078279,0.646923,0.087542,0.426211,0.136233,0.707317,0.066058,0.712204,0.065516,0.424407,0.131032
"{'classifier__C': 7500, 'classifier__gamma': 0.25, 'classifier__kernel': 'rbf'}",0.7763,0.042076,0.814112,0.052746,0.710615,0.087966,0.524469,0.090579,0.758509,0.048082,0.762364,0.046833,0.524727,0.093665
"{'classifier__C': 7500, 'classifier__gamma': 0.1, 'classifier__kernel': 'rbf'}",0.799531,0.060425,0.813953,0.055304,0.774,0.102028,0.579854,0.130017,0.792255,0.067404,0.793977,0.066878,0.587953,0.133756
"{'classifier__C': 7500, 'classifier__gamma': 0.075, 'classifier__kernel': 'rbf'}",0.803943,0.062556,0.823256,0.058266,0.769846,0.097447,0.586705,0.132785,0.794873,0.06876,0.796551,0.067884,0.593102,0.135768
"{'classifier__C': 7500, 'classifier__gamma': 0.05, 'classifier__kernel': 'rbf'}",0.815537,0.057329,0.818763,0.060041,0.809385,0.077787,0.617258,0.117873,0.81325,0.059551,0.814074,0.059397,0.628148,0.118795
"{'classifier__C': 7500, 'classifier__gamma': 0.025, 'classifier__kernel': 'rbf'}",0.828623,0.062897,0.834884,0.06101,0.817231,0.090028,0.642368,0.13188,0.825089,0.0671,0.826057,0.066691,0.652114,0.133381
"{'classifier__C': 7500, 'classifier__gamma': 0.01, 'classifier__kernel': 'rbf'}",0.841752,0.05929,0.830391,0.053854,0.861231,0.078056,0.675402,0.123301,0.845333,0.062227,0.845811,0.062445,0.691622,0.124889
"{'classifier__C': 7500, 'classifier__gamma': 0.0075, 'classifier__kernel': 'rbf'}",0.834484,0.061601,0.821247,0.062201,0.857231,0.073801,0.662385,0.124691,0.838636,0.06259,0.839239,0.062798,0.678478,0.125597
"{'classifier__C': 7500, 'classifier__gamma': 0.005, 'classifier__kernel': 'rbf'}",0.838832,0.059308,0.821195,0.060663,0.869077,0.077647,0.673298,0.120431,0.844152,0.060873,0.845136,0.061117,0.690271,0.122234
"{'classifier__C': 7500, 'classifier__gamma': 0.0025, 'classifier__kernel': 'rbf'}",0.840281,0.053172,0.818869,0.056972,0.877077,0.067378,0.677839,0.105999,0.846902,0.053925,0.847973,0.054002,0.695946,0.108004
"{'classifier__C': 7500, 'classifier__gamma': 0.001, 'classifier__kernel': 'rbf'}",0.834463,0.054818,0.814271,0.058819,0.868923,0.076009,0.665986,0.11112,0.84034,0.056129,0.841597,0.056575,0.683194,0.113149
"{'classifier__C': 7500, 'classifier__gamma': 'auto', 'classifier__kernel': 'rbf'}",0.815537,0.057329,0.818763,0.060041,0.809385,0.077787,0.617258,0.117873,0.81325,0.059551,0.814074,0.059397,0.628148,0.118795
"{'classifier__C': 7750, 'classifier__gamma': 0.5, 'classifier__kernel': 'rbf'}",0.729838,0.065567,0.777484,0.078279,0.646923,0.087542,0.426211,0.136233,0.707317,0.066058,0.712204,0.065516,0.424407,0.131032
"{'classifier__C': 7750, 'classifier__gamma': 0.25, 'classifier__kernel': 'rbf'}",0.777771,0.042921,0.816438,0.051124,0.710615,0.087966,0.526908,0.092564,0.759716,0.049318,0.763527,0.047975,0.527053,0.095951
"{'classifier__C': 7750, 'classifier__gamma': 0.1, 'classifier__kernel': 'rbf'}",0.799531,0.060425,0.813953,0.055304,0.774,0.102028,0.579854,0.130017,0.792255,0.067404,0.793977,0.066878,0.587953,0.133756
"{'classifier__C': 7750, 'classifier__gamma': 0.075, 'classifier__kernel': 'rbf'}",0.803943,0.062556,0.823256,0.058266,0.769846,0.097447,0.586705,0.132785,0.794873,0.06876,0.796551,0.067884,0.593102,0.135768
"{'classifier__C': 7750, 'classifier__gamma': 0.05, 'classifier__kernel': 'rbf'}",0.815516,0.055112,0.818763,0.056322,0.809385,0.077787,0.617006,0.114072,0.813266,0.057899,0.814074,0.057756,0.628148,0.115513
"{'classifier__C': 7750, 'classifier__gamma': 0.025, 'classifier__kernel': 'rbf'}",0.828623,0.062897,0.834884,0.06101,0.817231,0.090028,0.642368,0.13188,0.825089,0.0671,0.826057,0.066691,0.652114,0.133381
"{'classifier__C': 7750, 'classifier__gamma': 0.01, 'classifier__kernel': 'rbf'}",0.840303,0.05983,0.830391,0.053854,0.857231,0.078016,0.671747,0.124456,0.84341,0.062761,0.843811,0.062989,0.687622,0.125979
"{'classifier__C': 7750, 'classifier__gamma': 0.0075, 'classifier__kernel': 'rbf'}",0.834484,0.061601,0.821247,0.062201,0.857231,0.073801,0.662385,0.124691,0.838636,0.06259,0.839239,0.062798,0.678478,0.125597
"{'classifier__C': 7750, 'classifier__gamma': 0.005, 'classifier__kernel': 'rbf'}",0.837383,0.059777,0.821195,0.060663,0.865077,0.080036,0.669717,0.121864,0.842154,0.061659,0.843136,0.061931,0.686271,0.123863
"{'classifier__C': 7750, 'classifier__gamma': 0.0025, 'classifier__kernel': 'rbf'}",0.841731,0.052963,0.818869,0.056972,0.881077,0.066236,0.681443,0.105294,0.848853,0.053595,0.849973,0.053635,0.699946,0.107269
"{'classifier__C': 7750, 'classifier__gamma': 0.001, 'classifier__kernel': 'rbf'}",0.833014,0.054829,0.814271,0.058819,0.864923,0.074248,0.662296,0.110887,0.838459,0.055905,0.839597,0.056322,0.679194,0.112644
"{'classifier__C': 7750, 'classifier__gamma': 'auto', 'classifier__kernel': 'rbf'}",0.815516,0.055112,0.818763,0.056322,0.809385,0.077787,0.617006,0.114072,0.813266,0.057899,0.814074,0.057756,0.628148,0.115513
"{'classifier__C': 8000, 'classifier__gamma': 0.5, 'classifier__kernel': 'rbf'}",0.729838,0.065567,0.777484,0.078279,0.646923,0.087542,0.426211,0.136233,0.707317,0.066058,0.712204,0.065516,0.424407,0.131032
"{'classifier__C': 8000, 'classifier__gamma': 0.25, 'classifier__kernel': 'rbf'}",0.777771,0.042921,0.816438,0.051124,0.710615,0.087966,0.526908,0.092564,0.759716,0.049318,0.763527,0.047975,0.527053,0.095951
"{'classifier__C': 8000, 'classifier__gamma': 0.1, 'classifier__kernel': 'rbf'}",0.799531,0.060425,0.813953,0.055304,0.774,0.102028,0.579854,0.130017,0.792255,0.067404,0.793977,0.066878,0.587953,0.133756
"{'classifier__C': 8000, 'classifier__gamma': 0.075, 'classifier__kernel': 'rbf'}",0.803943,0.062556,0.823256,0.058266,0.769846,0.097447,0.586705,0.132785,0.794873,0.06876,0.796551,0.067884,0.593102,0.135768
"{'classifier__C': 8000, 'classifier__gamma': 0.05, 'classifier__kernel': 'rbf'}",0.815516,0.055112,0.818763,0.056322,0.809385,0.077787,0.617006,0.114072,0.813266,0.057899,0.814074,0.057756,0.628148,0.115513
"{'classifier__C': 8000, 'classifier__gamma': 0.025, 'classifier__kernel': 'rbf'}",0.830072,0.062654,0.834884,0.06101,0.821231,0.088267,0.645886,0.131064,0.827166,0.066593,0.828057,0.066191,0.656114,0.132382
"{'classifier__C': 8000, 'classifier__gamma': 0.01, 'classifier__kernel': 'rbf'}",0.840303,0.05983,0.830391,0.053854,0.857231,0.078016,0.671747,0.124456,0.84341,0.062761,0.843811,0.062989,0.687622,0.125979
"{'classifier__C': 8000, 'classifier__gamma': 0.0075, 'classifier__kernel': 'rbf'}",0.834484,0.061601,0.821247,0.062201,0.857231,0.073801,0.662385,0.124691,0.838636,0.06259,0.839239,0.062798,0.678478,0.125597
"{'classifier__C': 8000, 'classifier__gamma': 0.005, 'classifier__kernel': 'rbf'}",0.837383,0.059777,0.821195,0.060663,0.865077,0.080036,0.669717,0.121864,0.842154,0.061659,0.843136,0.061931,0.686271,0.123863
"{'classifier__C': 8000, 'classifier__gamma': 0.0025, 'classifier__kernel': 'rbf'}",0.840281,0.053566,0.818869,0.056972,0.877077,0.071971,0.677925,0.107477,0.846776,0.055048,0.847973,0.055052,0.695946,0.110104
"{'classifier__C': 8000, 'classifier__gamma': 0.001, 'classifier__kernel': 'rbf'}",0.834463,0.051662,0.814271,0.058819,0.868923,0.069408,0.666106,0.10305,0.840329,0.052089,0.841597,0.052282,0.683194,0.104564
"{'classifier__C': 8000, 'classifier__gamma': 'auto', 'classifier__kernel': 'rbf'}",0.815516,0.055112,0.818763,0.056322,0.809385,0.077787,0.617006,0.114072,0.813266,0.057899,0.814074,0.057756,0.628148,0.115513
"{'classifier__C': 8250, 'classifier__gamma': 0.5, 'classifier__kernel': 'rbf'}",0.729838,0.065567,0.777484,0.078279,0.646923,0.087542,0.426211,0.136233,0.707317,0.066058,0.712204,0.065516,0.424407,0.131032
"{'classifier__C': 8250, 'classifier__gamma': 0.25, 'classifier__kernel': 'rbf'}",0.774872,0.041494,0.811839,0.050002,0.710462,0.091901,0.521438,0.090562,0.757245,0.049318,0.76115,0.047672,0.522301,0.095344
"{'classifier__C': 8250, 'classifier__gamma': 0.1, 'classifier__kernel': 'rbf'}",0.801002,0.064517,0.814006,0.059651,0.778,0.102185,0.583534,0.13708,0.794464,0.07067,0.796003,0.070249,0.592006,0.140498
"{'classifier__C': 8250, 'classifier__gamma': 0.075, 'classifier__kernel': 'rbf'}",0.801023,0.061831,0.818658,0.058632,0.769846,0.097447,0.581597,0.131357,0.79257,0.067903,0.794252,0.067097,0.588504,0.134194
"{'classifier__C': 8250, 'classifier__gamma': 0.05, 'classifier__kernel': 'rbf'}",0.815516,0.055112,0.818763,0.056322,0.809385,0.077787,0.617006,0.114072,0.813266,0.057899,0.814074,0.057756,0.628148,0.115513
"{'classifier__C': 8250, 'classifier__gamma': 0.025, 'classifier__kernel': 'rbf'}",0.830072,0.062654,0.834884,0.06101,0.821231,0.088267,0.645886,0.131064,0.827166,0.066593,0.828057,0.066191,0.656114,0.132382
"{'classifier__C': 8250, 'classifier__gamma': 0.01, 'classifier__kernel': 'rbf'}",0.840303,0.05983,0.830391,0.053854,0.857231,0.078016,0.671747,0.124456,0.84341,0.062761,0.843811,0.062989,0.687622,0.125979
"{'classifier__C': 8250, 'classifier__gamma': 0.0075, 'classifier__kernel': 'rbf'}",0.834484,0.061601,0.821247,0.062201,0.857231,0.073801,0.662385,0.124691,0.838636,0.06259,0.839239,0.062798,0.678478,0.125597
"{'classifier__C': 8250, 'classifier__gamma': 0.005, 'classifier__kernel': 'rbf'}",0.837383,0.059777,0.821195,0.060663,0.865077,0.080036,0.669717,0.121864,0.842154,0.061659,0.843136,0.061931,0.686271,0.123863
"{'classifier__C': 8250, 'classifier__gamma': 0.0025, 'classifier__kernel': 'rbf'}",0.840281,0.053566,0.818869,0.056972,0.877077,0.071971,0.677925,0.107477,0.846776,0.055048,0.847973,0.055052,0.695946,0.110104
"{'classifier__C': 8250, 'classifier__gamma': 0.001, 'classifier__kernel': 'rbf'}",0.834463,0.051662,0.814271,0.058819,0.868923,0.069408,0.666106,0.10305,0.840329,0.052089,0.841597,0.052282,0.683194,0.104564
"{'classifier__C': 8250, 'classifier__gamma': 'auto', 'classifier__kernel': 'rbf'}",0.815516,0.055112,0.818763,0.056322,0.809385,0.077787,0.617006,0.114072,0.813266,0.057899,0.814074,0.057756,0.628148,0.115513
"{'classifier__C': 8500, 'classifier__gamma': 0.5, 'classifier__kernel': 'rbf'}",0.726918,0.065782,0.772886,0.079869,0.646923,0.087542,0.421285,0.136388,0.705134,0.065684,0.709904,0.065391,0.419809,0.130782
"{'classifier__C': 8500, 'classifier__gamma': 0.25, 'classifier__kernel': 'rbf'}",0.774872,0.042986,0.814112,0.049721,0.706462,0.093987,0.520425,0.094197,0.756158,0.051222,0.760287,0.049559,0.520574,0.099119
"{'classifier__C': 8500, 'classifier__gamma': 0.1, 'classifier__kernel': 'rbf'}",0.801002,0.064517,0.814059,0.05947,0.778,0.102185,0.583542,0.137175,0.794499,0.070701,0.79603,0.070278,0.592059,0.140557
"{'classifier__C': 8500, 'classifier__gamma': 0.075, 'classifier__kernel': 'rbf'}",0.802472,0.061552,0.82093,0.058127,0.769846,0.097447,0.58417,0.130841,0.793673,0.067739,0.795388,0.066904,0.590776,0.133807
"{'classifier__C': 8500, 'classifier__gamma': 0.05, 'classifier__kernel': 'rbf'}",0.814066,0.055005,0.818763,0.056322,0.805385,0.079183,0.613488,0.114122,0.81119,0.057985,0.812074,0.057847,0.624148,0.115694
"{'classifier__C': 8500, 'classifier__gamma': 0.025, 'classifier__kernel': 'rbf'}",0.830072,0.062654,0.834884,0.06101,0.821231,0.088267,0.645886,0.131064,0.827166,0.066593,0.828057,0.066191,0.656114,0.132382
"{'classifier__C': 8500, 'classifier__gamma': 0.01, 'classifier__kernel': 'rbf'}",0.840303,0.05983,0.830391,0.053854,0.857231,0.078016,0.671747,0.124456,0.84341,0.062761,0.843811,0.062989,0.687622,0.125979
"{'classifier__C': 8500, 'classifier__gamma': 0.0075, 'classifier__kernel': 'rbf'}",0.835934,0.058405,0.82352,0.057286,0.857231,0.073801,0.66468,0.11972,0.839794,0.060083,0.840375,0.06034,0.680751,0.120679
"{'classifier__C': 8500, 'classifier__gamma': 0.005, 'classifier__kernel': 'rbf'}",0.835934,0.062937,0.821195,0.060663,0.861077,0.085967,0.665933,0.129733,0.840234,0.06561,0.841136,0.066033,0.682271,0.132067
"{'classifier__C': 8500, 'classifier__gamma': 0.0025, 'classifier__kernel': 'rbf'}",0.840281,0.053566,0.818869,0.056972,0.877077,0.071971,0.677925,0.107477,0.846776,0.055048,0.847973,0.055052,0.695946,0.110104
"{'classifier__C': 8500, 'classifier__gamma': 0.001, 'classifier__kernel': 'rbf'}",0.834463,0.056702,0.814271,0.058819,0.868923,0.076009,0.665681,0.114954,0.84047,0.058196,0.841597,0.058549,0.683194,0.117098
"{'classifier__C': 8500, 'classifier__gamma': 'auto', 'classifier__kernel': 'rbf'}",0.814066,0.055005,0.818763,0.056322,0.805385,0.079183,0.613488,0.114122,0.81119,0.057985,0.812074,0.057847,0.624148,0.115694
"{'classifier__C': 8750, 'classifier__gamma': 0.5, 'classifier__kernel': 'rbf'}",0.728367,0.06807,0.772886,0.079869,0.650923,0.091609,0.424689,0.141587,0.707323,0.06905,0.711904,0.068448,0.423809,0.136896
"{'classifier__C': 8750, 'classifier__gamma': 0.25, 'classifier__kernel': 'rbf'}",0.774872,0.042986,0.814112,0.049721,0.706462,0.093987,0.520425,0.094197,0.756158,0.051222,0.760287,0.049559,0.520574,0.099119
"{'classifier__C': 8750, 'classifier__gamma': 0.1, 'classifier__kernel': 'rbf'}",0.795183,0.06719,0.807241,0.061608,0.774,0.098842,0.571984,0.141545,0.789424,0.07234,0.790621,0.072117,0.581241,0.144234
"{'classifier__C': 8750, 'classifier__gamma': 0.075, 'classifier__kernel': 'rbf'}",0.802472,0.061552,0.82093,0.058127,0.769846,0.097447,0.58417,0.130841,0.793673,0.067739,0.795388,0.066904,0.590776,0.133807
"{'classifier__C': 8750, 'classifier__gamma': 0.05, 'classifier__kernel': 'rbf'}",0.812617,0.055242,0.818763,0.056322,0.801538,0.078035,0.60994,0.114402,0.809309,0.05804,0.810151,0.057924,0.620302,0.115847
"{'classifier__C': 8750, 'classifier__gamma': 0.025, 'classifier__kernel': 'rbf'}",0.831543,0.063,0.834884,0.06101,0.825231,0.089918,0.649462,0.13198,0.829139,0.067193,0.830057,0.066779,0.660114,0.133558
"{'classifier__C': 8750, 'classifier__gamma': 0.01, 'classifier__kernel': 'rbf'}",0.840303,0.05983,0.830391,0.053854,0.857231,0.078016,0.671747,0.124456,0.84341,0.062761,0.843811,0.062989,0.687622,0.125979
"{'classifier__C': 8750, 'classifier__gamma': 0.0075, 'classifier__kernel': 'rbf'}",0.835934,0.058405,0.82352,0.057286,0.857231,0.073801,0.66468,0.11972,0.839794,0.060083,0.840375,0.06034,0.680751,0.120679
"{'classifier__C': 8750, 'classifier__gamma': 0.005, 'classifier__kernel': 'rbf'}",0.834484,0.063312,0.818922,0.061157,0.861077,0.085967,0.663455,0.130422,0.839074,0.0659,0.839999,0.066328,0.679999,0.132656
"{'classifier__C': 8750, 'classifier__gamma': 0.0025, 'classifier__kernel': 'rbf'}",0.840281,0.053566,0.818869,0.056972,0.877077,0.071971,0.677925,0.107477,0.846776,0.055048,0.847973,0.055052,0.695946,0.110104
"{'classifier__C': 8750, 'classifier__gamma': 0.001, 'classifier__kernel': 'rbf'}",0.831564,0.055183,0.814271,0.058819,0.861077,0.076094,0.658797,0.111916,0.836551,0.056488,0.837674,0.05694,0.675348,0.11388
"{'classifier__C': 8750, 'classifier__gamma': 'auto', 'classifier__kernel': 'rbf'}",0.812617,0.055242,0.818763,0.056322,0.801538,0.078035,0.60994,0.114402,0.809309,0.05804,0.810151,0.057924,0.620302,0.115847
"{'classifier__C': 9000, 'classifier__gamma': 0.5, 'classifier__kernel': 'rbf'}",0.726918,0.069205,0.770613,0.080164,0.650923,0.091609,0.42209,0.144097,0.706384,0.070098,0.710768,0.069611,0.421536,0.139222
"{'classifier__C': 9000, 'classifier__gamma': 0.25, 'classifier__kernel': 'rbf'}",0.777792,0.045697,0.816438,0.049112,0.710462,0.096984,0.526453,0.100088,0.759424,0.054681,0.76345,0.052805,0.526899,0.10561
"{'classifier__C': 9000, 'classifier__gamma': 0.1, 'classifier__kernel': 'rbf'}",0.793734,0.066976,0.807241,0.061608,0.770154,0.098202,0.568507,0.140987,0.78747,0.071999,0.788697,0.071808,0.577395,0.143617
"{'classifier__C': 9000, 'classifier__gamma': 0.075, 'classifier__kernel': 'rbf'}",0.802472,0.061552,0.82093,0.058127,0.769846,0.097447,0.58417,0.130841,0.793673,0.067739,0.795388,0.066904,0.590776,0.133807
"{'classifier__C': 9000, 'classifier__gamma': 0.05, 'classifier__kernel': 'rbf'}",0.814066,0.054622,0.821036,0.054859,0.801538,0.078035,0.612392,0.113464,0.810457,0.057685,0.811287,0.057556,0.622574,0.115112
"{'classifier__C': 9000, 'classifier__gamma': 0.025, 'classifier__kernel': 'rbf'}",0.832992,0.063025,0.837156,0.061612,0.825231,0.089918,0.652167,0.131855,0.83024,0.067127,0.831194,0.066702,0.662387,0.133405
"{'classifier__C': 9000, 'classifier__gamma': 0.01, 'classifier__kernel': 'rbf'}",0.837383,0.058682,0.830391,0.053854,0.849231,0.077319,0.664735,0.12222,0.839396,0.061577,0.839811,0.06174,0.679622,0.12348
"{'classifier__C': 9000, 'classifier__gamma': 0.0075, 'classifier__kernel': 'rbf'}",0.835934,0.058405,0.82352,0.057286,0.857231,0.073801,0.66468,0.11972,0.839794,0.060083,0.840375,0.06034,0.680751,0.120679
"{'classifier__C': 9000, 'classifier__gamma': 0.005, 'classifier__kernel': 'rbf'}",0.831586,0.063299,0.816649,0.062396,0.857231,0.083944,0.657534,0.129738,0.836045,0.065468,0.83694,0.065844,0.67388,0.131688
"{'classifier__C': 9000, 'classifier__gamma': 0.0025, 'classifier__kernel': 'rbf'}",0.840281,0.053566,0.818869,0.056972,0.877077,0.071971,0.677925,0.107477,0.846776,0.055048,0.847973,0.055052,0.695946,0.110104
"{'classifier__C': 9000, 'classifier__gamma': 0.001, 'classifier__kernel': 'rbf'}",0.831564,0.055183,0.814271,0.058819,0.861077,0.076094,0.658797,0.111916,0.836551,0.056488,0.837674,0.05694,0.675348,0.11388
"{'classifier__C': 9000, 'classifier__gamma': 'auto', 'classifier__kernel': 'rbf'}",0.814066,0.054622,0.821036,0.054859,0.801538,0.078035,0.612392,0.113464,0.810457,0.057685,0.811287,0.057556,0.622574,0.115112
"{'classifier__C': 9250, 'classifier__gamma': 0.5, 'classifier__kernel': 'rbf'}",0.728346,0.065924,0.770613,0.080164,0.654769,0.079725,0.425851,0.135174,0.708792,0.064122,0.712691,0.064482,0.425382,0.128964
"{'classifier__C': 9250, 'classifier__gamma': 0.25, 'classifier__kernel': 'rbf'}",0.776343,0.04666,0.816438,0.049112,0.706462,0.100566,0.522853,0.102935,0.757127,0.056587,0.76145,0.054423,0.522899,0.108845
"{'classifier__C': 9250, 'classifier__gamma': 0.1, 'classifier__kernel': 'rbf'}",0.792285,0.06449,0.804968,0.058129,0.770154,0.098202,0.565782,0.136355,0.78632,0.070024,0.787561,0.069872,0.575122,0.139743
"{'classifier__C': 9250, 'classifier__gamma': 0.075, 'classifier__kernel': 'rbf'}",0.801023,0.061491,0.818605,0.05708,0.769846,0.097447,0.581243,0.130624,0.792587,0.067923,0.794225,0.067029,0.588451,0.134057
"{'classifier__C': 9250, 'classifier__gamma': 0.05, 'classifier__kernel': 'rbf'}",0.814066,0.054622,0.821036,0.054859,0.801538,0.078035,0.612392,0.113464,0.810457,0.057685,0.811287,0.057556,0.622574,0.115112
"{'classifier__C': 9250, 'classifier__gamma': 0.025, 'classifier__kernel': 'rbf'}",0.832992,0.063025,0.837156,0.061612,0.825231,0.089918,0.652167,0.131855,0.83024,0.067127,0.831194,0.066702,0.662387,0.133405
"{'classifier__C': 9250, 'classifier__gamma': 0.01, 'classifier__kernel': 'rbf'}",0.837383,0.058682,0.830391,0.053854,0.849231,0.077319,0.664735,0.12222,0.839396,0.061577,0.839811,0.06174,0.679622,0.12348
"{'classifier__C': 9250, 'classifier__gamma': 0.0075, 'classifier__kernel': 'rbf'}",0.835934,0.058405,0.82352,0.057286,0.857231,0.073801,0.66468,0.11972,0.839794,0.060083,0.840375,0.06034,0.680751,0.120679
"{'classifier__C': 9250, 'classifier__gamma': 0.005, 'classifier__kernel': 'rbf'}",0.833056,0.064283,0.818975,0.062685,0.857231,0.083944,0.659948,0.131604,0.837299,0.066486,0.838103,0.066813,0.676205,0.133626
"{'classifier__C': 9250, 'classifier__gamma': 0.0025, 'classifier__kernel': 'rbf'}",0.840281,0.053566,0.818869,0.056972,0.877077,0.071971,0.677925,0.107477,0.846776,0.055048,0.847973,0.055052,0.695946,0.110104
"{'classifier__C': 9250, 'classifier__gamma': 0.001, 'classifier__kernel': 'rbf'}",0.833014,0.052078,0.816543,0.05389,0.861077,0.076094,0.66106,0.107303,0.837741,0.054091,0.83881,0.054666,0.67762,0.109333
"{'classifier__C': 9250, 'classifier__gamma': 'auto', 'classifier__kernel': 'rbf'}",0.814066,0.054622,0.821036,0.054859,0.801538,0.078035,0.612392,0.113464,0.810457,0.057685,0.811287,0.057556,0.622574,0.115112
"{'classifier__C': 9500, 'classifier__gamma': 0.5, 'classifier__kernel': 'rbf'}",0.725448,0.069435,0.76834,0.083544,0.650769,0.085195,0.419805,0.142477,0.705378,0.06832,0.709555,0.06831,0.41911,0.136619
"{'classifier__C': 9500, 'classifier__gamma': 0.25, 'classifier__kernel': 'rbf'}",0.773423,0.046694,0.814112,0.049721,0.702462,0.1054,0.516708,0.104297,0.753561,0.057986,0.758287,0.055339,0.516574,0.110677
"{'classifier__C': 9500, 'classifier__gamma': 0.1, 'classifier__kernel': 'rbf'}",0.790814,0.065538,0.804915,0.057372,0.766308,0.101861,0.562147,0.139225,0.784256,0.071743,0.785612,0.071503,0.571223,0.143005
"{'classifier__C': 9500, 'classifier__gamma': 0.075, 'classifier__kernel': 'rbf'}",0.802472,0.060171,0.82093,0.054412,0.769846,0.097447,0.583726,0.128597,0.793731,0.067076,0.795388,0.066129,0.590776,0.132258
"{'classifier__C': 9500, 'classifier__gamma': 0.05, 'classifier__kernel': 'rbf'}",0.815537,0.055445,0.823362,0.055002,0.801538,0.078035,0.614927,0.115081,0.811657,0.058538,0.81245,0.058377,0.6249,0.116754
"{'classifier__C': 9500, 'classifier__gamma': 0.025, 'classifier__kernel': 'rbf'}",0.832992,0.063025,0.837156,0.061612,0.825231,0.089918,0.652167,0.131855,0.83024,0.067127,0.831194,0.066702,0.662387,0.133405
"{'classifier__C': 9500, 'classifier__gamma': 0.01, 'classifier__kernel': 'rbf'}",0.837383,0.058682,0.830391,0.053854,0.849231,0.077319,0.664735,0.12222,0.839396,0.061577,0.839811,0.06174,0.679622,0.12348
"{'classifier__C': 9500, 'classifier__gamma': 0.0075, 'classifier__kernel': 'rbf'}",0.838853,0.06272,0.825846,0.060087,0.861231,0.078056,0.670702,0.128575,0.84299,0.06475,0.843538,0.064931,0.687076,0.129862
"{'classifier__C': 9500, 'classifier__gamma': 0.005, 'classifier__kernel': 'rbf'}",0.833056,0.064283,0.818975,0.062685,0.857231,0.083944,0.659948,0.131604,0.837299,0.066486,0.838103,0.066813,0.676205,0.133626
"{'classifier__C': 9500, 'classifier__gamma': 0.0025, 'classifier__kernel': 'rbf'}",0.840281,0.053566,0.818869,0.056972,0.877077,0.071971,0.677925,0.107477,0.846776,0.055048,0.847973,0.055052,0.695946,0.110104
"{'classifier__C': 9500, 'classifier__gamma': 0.001, 'classifier__kernel': 'rbf'}",0.834463,0.051254,0.818816,0.05343,0.861077,0.076094,0.663587,0.105646,0.838873,0.053356,0.839946,0.053913,0.679893,0.107827
"{'classifier__C': 9500, 'classifier__gamma': 'auto', 'classifier__kernel': 'rbf'}",0.815537,0.055445,0.823362,0.055002,0.801538,0.078035,0.614927,0.115081,0.811657,0.058538,0.81245,0.058377,0.6249,0.116754
"{'classifier__C': 9750, 'classifier__gamma': 0.5, 'classifier__kernel': 'rbf'}",0.725448,0.069435,0.76834,0.083544,0.650769,0.085195,0.419805,0.142477,0.705378,0.06832,0.709555,0.06831,0.41911,0.136619
"{'classifier__C': 9750, 'classifier__gamma': 0.25, 'classifier__kernel': 'rbf'}",0.773402,0.042537,0.814059,0.049987,0.702308,0.099835,0.516803,0.09516,0.753513,0.052851,0.758183,0.050439,0.516367,0.100878
"{'classifier__C': 9750, 'classifier__gamma': 0.1, 'classifier__kernel': 'rbf'}",0.790814,0.065538,0.804915,0.057372,0.766308,0.101861,0.562147,0.139225,0.784256,0.071743,0.785612,0.071503,0.571223,0.143005
"{'classifier__C': 9750, 'classifier__gamma': 0.075, 'classifier__kernel': 'rbf'}",0.802472,0.059115,0.823256,0.050537,0.766,0.099648,0.582684,0.127383,0.79284,0.066898,0.794628,0.065949,0.589256,0.131898
"{'classifier__C': 9750, 'classifier__gamma': 0.05, 'classifier__kernel': 'rbf'}",0.816986,0.057738,0.825634,0.057949,0.801538,0.078035,0.617651,0.119418,0.812808,0.060405,0.813586,0.060214,0.627173,0.120428
"{'classifier__C': 9750, 'classifier__gamma': 0.025, 'classifier__kernel': 'rbf'}",0.832992,0.063025,0.837156,0.061612,0.825231,0.089918,0.652167,0.131855,0.83024,0.067127,0.831194,0.066702,0.662387,0.133405
"{'classifier__C': 9750, 'classifier__gamma': 0.01, 'classifier__kernel': 'rbf'}",0.835934,0.05912,0.828118,0.054793,0.849231,0.077319,0.662257,0.122926,0.838237,0.06187,0.838675,0.062031,0.677349,0.124061
"{'classifier__C': 9750, 'classifier__gamma': 0.0075, 'classifier__kernel': 'rbf'}",0.838853,0.06272,0.825846,0.060087,0.861231,0.078056,0.670702,0.128575,0.84299,0.06475,0.843538,0.064931,0.687076,0.129862
"{'classifier__C': 9750, 'classifier__gamma': 0.005, 'classifier__kernel': 'rbf'}",0.833056,0.064283,0.818975,0.062685,0.857231,0.083944,0.659948,0.131604,0.837299,0.066486,0.838103,0.066813,0.676205,0.133626
"{'classifier__C': 9750, 'classifier__gamma': 0.0025, 'classifier__kernel': 'rbf'}",0.840281,0.053566,0.818869,0.056972,0.877077,0.071971,0.677925,0.107477,0.846776,0.055048,0.847973,0.055052,0.695946,0.110104
"{'classifier__C': 9750, 'classifier__gamma': 0.001, 'classifier__kernel': 'rbf'}",0.834463,0.051254,0.818816,0.05343,0.861077,0.076094,0.663587,0.105646,0.838873,0.053356,0.839946,0.053913,0.679893,0.107827
"{'classifier__C': 9750, 'classifier__gamma': 'auto', 'classifier__kernel': 'rbf'}",0.816986,0.057738,0.825634,0.057949,0.801538,0.078035,0.617651,0.119418,0.812808,0.060405,0.813586,0.060214,0.627173,0.120428
"{'classifier__C': 10000, 'classifier__gamma': 0.5, 'classifier__kernel': 'rbf'}",0.728346,0.065924,0.770613,0.080164,0.654769,0.079725,0.425851,0.135174,0.708792,0.064122,0.712691,0.064482,0.425382,0.128964
"{'classifier__C': 10000, 'classifier__gamma': 0.25, 'classifier__kernel': 'rbf'}",0.773402,0.042537,0.814059,0.049987,0.702308,0.099835,0.516803,0.09516,0.753513,0.052851,0.758183,0.050439,0.516367,0.100878
"{'classifier__C': 10000, 'classifier__gamma': 0.1, 'classifier__kernel': 'rbf'}",0.789365,0.062257,0.804915,0.055542,0.762308,0.104355,0.558865,0.133068,0.781869,0.069243,0.783612,0.068949,0.567223,0.137898
"{'classifier__C': 10000, 'classifier__gamma': 0.075, 'classifier__kernel': 'rbf'}",0.802451,0.056231,0.82093,0.04929,0.769846,0.097447,0.583604,0.121483,0.793653,0.063954,0.795388,0.063042,0.590776,0.126085
"{'classifier__C': 10000, 'classifier__gamma': 0.05, 'classifier__kernel': 'rbf'}",0.814088,0.065105,0.823362,0.063743,0.797538,0.086751,0.611613,0.134776,0.809601,0.068336,0.81045,0.068027,0.6209,0.136054
"{'classifier__C': 10000, 'classifier__gamma': 0.025, 'classifier__kernel': 'rbf'}",0.832992,0.063025,0.837156,0.061612,0.825231,0.089918,0.652167,0.131855,0.83024,0.067127,0.831194,0.066702,0.662387,0.133405
"{'classifier__C': 10000, 'classifier__gamma': 0.01, 'classifier__kernel': 'rbf'}",0.835934,0.05912,0.828118,0.054793,0.849231,0.077319,0.662257,0.122926,0.838237,0.06187,0.838675,0.062031,0.677349,0.124061
"{'classifier__C': 10000, 'classifier__gamma': 0.0075, 'classifier__kernel': 'rbf'}",0.838853,0.06272,0.825846,0.060087,0.861231,0.078056,0.670702,0.128575,0.84299,0.06475,0.843538,0.064931,0.687076,0.129862
"{'classifier__C': 10000, 'classifier__gamma': 0.005, 'classifier__kernel': 'rbf'}",0.834484,0.061601,0.818975,0.062685,0.861231,0.071643,0.663488,0.124228,0.839475,0.062243,0.840103,0.062436,0.680205,0.124872
"{'classifier__C': 10000, 'classifier__gamma': 0.0025, 'classifier__kernel': 'rbf'}",0.840281,0.053566,0.818869,0.056972,0.877077,0.071971,0.677925,0.107477,0.846776,0.055048,0.847973,0.055052,0.695946,0.110104
"{'classifier__C': 10000, 'classifier__gamma': 0.001, 'classifier__kernel': 'rbf'}",0.834463,0.051254,0.818816,0.05343,0.861077,0.076094,0.663587,0.105646,0.838873,0.053356,0.839946,0.053913,0.679893,0.107827
"{'classifier__C': 10000, 'classifier__gamma': 'auto', 'classifier__kernel': 'rbf'}",0.814088,0.065105,0.823362,0.063743,0.797538,0.086751,0.611613,0.134776,0.809601,0.068336,0.81045,0.068027,0.6209,0.136054
"{'classifier__C': 10250, 'classifier__gamma': 0.5, 'classifier__kernel': 'rbf'}",0.728346,0.065924,0.770613,0.080164,0.654769,0.079725,0.425851,0.135174,0.708792,0.064122,0.712691,0.064482,0.425382,0.128964
"{'classifier__C': 10250, 'classifier__gamma': 0.25, 'classifier__kernel': 'rbf'}",0.774851,0.041073,0.814059,0.049987,0.706308,0.094723,0.520437,0.090847,0.755889,0.049799,0.760183,0.047997,0.520367,0.095994
"{'classifier__C': 10250, 'classifier__gamma': 0.1, 'classifier__kernel': 'rbf'}",0.789365,0.062257,0.804915,0.055542,0.762308,0.104355,0.558865,0.133068,0.781869,0.069243,0.783612,0.068949,0.567223,0.137898
"{'classifier__C': 10250, 'classifier__gamma': 0.075, 'classifier__kernel': 'rbf'}",0.802451,0.056231,0.82093,0.04929,0.769846,0.097447,0.583604,0.121483,0.793653,0.063954,0.795388,0.063042,0.590776,0.126085
"{'classifier__C': 10250, 'classifier__gamma': 0.05, 'classifier__kernel': 'rbf'}",0.814088,0.065105,0.823362,0.063743,0.797538,0.086751,0.611613,0.134776,0.809601,0.068336,0.81045,0.068027,0.6209,0.136054
"{'classifier__C': 10250, 'classifier__gamma': 0.025, 'classifier__kernel': 'rbf'}",0.832992,0.063025,0.837156,0.061612,0.825231,0.089918,0.652167,0.131855,0.83024,0.067127,0.831194,0.066702,0.662387,0.133405
"{'classifier__C': 10250, 'classifier__gamma': 0.01, 'classifier__kernel': 'rbf'}",0.834463,0.058122,0.825793,0.054851,0.849231,0.077319,0.659842,0.120973,0.836983,0.060794,0.837512,0.060997,0.675024,0.121994
"{'classifier__C': 10250, 'classifier__gamma': 0.0075, 'classifier__kernel': 'rbf'}",0.838853,0.06272,0.825846,0.060087,0.861231,0.078056,0.670702,0.128575,0.84299,0.06475,0.843538,0.064931,0.687076,0.129862
"{'classifier__C': 10250, 'classifier__gamma': 0.005, 'classifier__kernel': 'rbf'}",0.833035,0.061951,0.818975,0.062685,0.857231,0.073801,0.659907,0.125338,0.837477,0.062864,0.838103,0.063074,0.676205,0.126148
"{'classifier__C': 10250, 'classifier__gamma': 0.0025, 'classifier__kernel': 'rbf'}",0.840281,0.053566,0.818869,0.056972,0.877077,0.071971,0.677925,0.107477,0.846776,0.055048,0.847973,0.055052,0.695946,0.110104
"{'classifier__C': 10250, 'classifier__gamma': 0.001, 'classifier__kernel': 'rbf'}",0.833014,0.054444,0.818816,0.05343,0.857077,0.082115,0.659835,0.113609,0.836921,0.057439,0.837946,0.058081,0.675893,0.116161
"{'classifier__C': 10250, 'classifier__gamma': 'auto', 'classifier__kernel': 'rbf'}",0.814088,0.065105,0.823362,0.063743,0.797538,0.086751,0.611613,0.134776,0.809601,0.068336,0.81045,0.068027,0.6209,0.136054
"{'classifier__C': 10500, 'classifier__gamma': 0.5, 'classifier__kernel': 'rbf'}",0.728346,0.065924,0.770613,0.080164,0.654769,0.079725,0.425851,0.135174,0.708792,0.064122,0.712691,0.064482,0.425382,0.128964
"{'classifier__C': 10500, 'classifier__gamma': 0.25, 'classifier__kernel': 'rbf'}",0.774851,0.041073,0.814059,0.049987,0.706308,0.094723,0.520437,0.090847,0.755889,0.049799,0.760183,0.047997,0.520367,0.095994
"{'classifier__C': 10500, 'classifier__gamma': 0.1, 'classifier__kernel': 'rbf'}",0.786466,0.059754,0.804915,0.055542,0.754308,0.102679,0.551917,0.127631,0.777592,0.06682,0.779612,0.066233,0.559223,0.132467
"{'classifier__C': 10500, 'classifier__gamma': 0.075, 'classifier__kernel': 'rbf'}",0.802472,0.058748,0.818605,0.052221,0.773846,0.102573,0.584787,0.126823,0.794412,0.066645,0.796225,0.065887,0.592451,0.131775
"{'classifier__C': 10500, 'classifier__gamma': 0.05, 'classifier__kernel': 'rbf'}",0.815537,0.065194,0.825634,0.063922,0.797538,0.086751,0.614224,0.134877,0.810717,0.068409,0.811586,0.06809,0.623173,0.13618
"{'classifier__C': 10500, 'classifier__gamma': 0.025, 'classifier__kernel': 'rbf'}",0.832992,0.063025,0.837156,0.061612,0.825231,0.089918,0.652167,0.131855,0.83024,0.067127,0.831194,0.066702,0.662387,0.133405
"{'classifier__C': 10500, 'classifier__gamma': 0.01, 'classifier__kernel': 'rbf'}",0.834463,0.058122,0.825793,0.054851,0.849231,0.077319,0.659842,0.120973,0.836983,0.060794,0.837512,0.060997,0.675024,0.121994
"{'classifier__C': 10500, 'classifier__gamma': 0.0075, 'classifier__kernel': 'rbf'}",0.840303,0.062239,0.828118,0.058442,0.861231,0.078056,0.673059,0.128006,0.844194,0.064508,0.844675,0.064719,0.689349,0.129439
"{'classifier__C': 10500, 'classifier__gamma': 0.005, 'classifier__kernel': 'rbf'}",0.833035,0.061951,0.818975,0.062685,0.857231,0.073801,0.659907,0.125338,0.837477,0.062864,0.838103,0.063074,0.676205,0.126148
"{'classifier__C': 10500, 'classifier__gamma': 0.0025, 'classifier__kernel': 'rbf'}",0.840281,0.053566,0.818869,0.056972,0.877077,0.071971,0.677925,0.107477,0.846776,0.055048,0.847973,0.055052,0.695946,0.110104
"{'classifier__C': 10500, 'classifier__gamma': 0.001, 'classifier__kernel': 'rbf'}",0.833035,0.055924,0.818816,0.05343,0.857077,0.082115,0.659641,0.116527,0.837026,0.058968,0.837946,0.059586,0.675893,0.119171
"{'classifier__C': 10500, 'classifier__gamma': 'auto', 'classifier__kernel': 'rbf'}",0.815537,0.065194,0.825634,0.063922,0.797538,0.086751,0.614224,0.134877,0.810717,0.068409,0.811586,0.06809,0.623173,0.13618
"{'classifier__C': 10750, 'classifier__gamma': 0.5, 'classifier__kernel': 'rbf'}",0.728346,0.065924,0.770613,0.080164,0.654769,0.079725,0.425851,0.135174,0.708792,0.064122,0.712691,0.064482,0.425382,0.128964
"{'classifier__C': 10750, 'classifier__gamma': 0.25, 'classifier__kernel': 'rbf'}",0.773402,0.04204,0.809461,0.054574,0.710308,0.092661,0.519065,0.090427,0.755831,0.049092,0.759884,0.047471,0.519769,0.094943
"{'classifier__C': 10750, 'classifier__gamma': 0.1, 'classifier__kernel': 'rbf'}",0.783568,0.059165,0.802643,0.055418,0.750308,0.10771,0.545932,0.127211,0.774068,0.067588,0.776475,0.066548,0.55295,0.133096
"{'classifier__C': 10750, 'classifier__gamma': 0.075, 'classifier__kernel': 'rbf'}",0.8039,0.059878,0.820825,0.057537,0.773846,0.102573,0.587972,0.128297,0.795332,0.066898,0.797335,0.066155,0.594671,0.132311
"{'classifier__C': 10750, 'classifier__gamma': 0.05, 'classifier__kernel': 'rbf'}",0.814066,0.06416,0.823309,0.06303,0.797538,0.086751,0.611603,0.132931,0.809533,0.067465,0.810424,0.067172,0.620847,0.134343
"{'classifier__C': 10750, 'classifier__gamma': 0.025, 'classifier__kernel': 'rbf'}",0.832992,0.05995,0.834884,0.06101,0.829231,0.082143,0.653171,0.124063,0.831239,0.062751,0.832057,0.062528,0.664114,0.125056
"{'classifier__C': 10750, 'classifier__gamma': 0.01, 'classifier__kernel': 'rbf'}",0.834463,0.058122,0.825793,0.054851,0.849231,0.077319,0.659842,0.120973,0.836983,0.060794,0.837512,0.060997,0.675024,0.121994
"{'classifier__C': 10750, 'classifier__gamma': 0.0075, 'classifier__kernel': 'rbf'}",0.840303,0.062239,0.828118,0.058442,0.861231,0.078056,0.673059,0.128006,0.844194,0.064508,0.844675,0.064719,0.689349,0.129439
"{'classifier__C': 10750, 'classifier__gamma': 0.005, 'classifier__kernel': 'rbf'}",0.833035,0.061951,0.818975,0.062685,0.857231,0.073801,0.659907,0.125338,0.837477,0.062864,0.838103,0.063074,0.676205,0.126148
"{'classifier__C': 10750, 'classifier__gamma': 0.0025, 'classifier__kernel': 'rbf'}",0.840281,0.053566,0.818869,0.056972,0.877077,0.071971,0.677925,0.107477,0.846776,0.055048,0.847973,0.055052,0.695946,0.110104
"{'classifier__C': 10750, 'classifier__gamma': 0.001, 'classifier__kernel': 'rbf'}",0.833035,0.055924,0.818816,0.05343,0.857077,0.082115,0.659641,0.116527,0.837026,0.058968,0.837946,0.059586,0.675893,0.119171
"{'classifier__C': 10750, 'classifier__gamma': 'auto', 'classifier__kernel': 'rbf'}",0.814066,0.06416,0.823309,0.06303,0.797538,0.086751,0.611603,0.132931,0.809533,0.067465,0.810424,0.067172,0.620847,0.134343
"{'classifier__C': 11000, 'classifier__gamma': 0.5, 'classifier__kernel': 'rbf'}",0.726897,0.063558,0.76834,0.077114,0.654769,0.079725,0.422982,0.130564,0.707733,0.062327,0.711555,0.062597,0.42311,0.125195
"{'classifier__C': 11000, 'classifier__gamma': 0.25, 'classifier__kernel': 'rbf'}",0.773402,0.043513,0.809461,0.054574,0.710308,0.098841,0.519118,0.094823,0.755582,0.051938,0.759884,0.050047,0.519769,0.100093
"{'classifier__C': 11000, 'classifier__gamma': 0.1, 'classifier__kernel': 'rbf'}",0.783568,0.063282,0.80259,0.061041,0.750308,0.10771,0.546132,0.134373,0.774109,0.070598,0.776449,0.069656,0.552898,0.139312
"{'classifier__C': 11000, 'classifier__gamma': 0.075, 'classifier__kernel': 'rbf'}",0.8039,0.059878,0.820825,0.057537,0.773846,0.102573,0.587972,0.128297,0.795332,0.066898,0.797335,0.066155,0.594671,0.132311
"{'classifier__C': 11000, 'classifier__gamma': 0.05, 'classifier__kernel': 'rbf'}",0.814066,0.060452,0.825581,0.058104,0.793538,0.087465,0.610453,0.126943,0.808513,0.064817,0.80956,0.064333,0.61912,0.128667
"{'classifier__C': 11000, 'classifier__gamma': 0.025, 'classifier__kernel': 'rbf'}",0.832992,0.05995,0.834884,0.06101,0.829231,0.082143,0.653171,0.124063,0.831239,0.062751,0.832057,0.062528,0.664114,0.125056
"{'classifier__C': 11000, 'classifier__gamma': 0.01, 'classifier__kernel': 'rbf'}",0.834463,0.058122,0.825793,0.054851,0.849231,0.077319,0.659842,0.120973,0.836983,0.060794,0.837512,0.060997,0.675024,0.121994
"{'classifier__C': 11000, 'classifier__gamma': 0.0075, 'classifier__kernel': 'rbf'}",0.840303,0.062239,0.828118,0.058442,0.861231,0.078056,0.673059,0.128006,0.844194,0.064508,0.844675,0.064719,0.689349,0.129439
"{'classifier__C': 11000, 'classifier__gamma': 0.005, 'classifier__kernel': 'rbf'}",0.833035,0.061951,0.818975,0.062685,0.857231,0.073801,0.659907,0.125338,0.837477,0.062864,0.838103,0.063074,0.676205,0.126148
"{'classifier__C': 11000, 'classifier__gamma': 0.0025, 'classifier__kernel': 'rbf'}",0.840281,0.053566,0.818869,0.056972,0.877077,0.071971,0.677925,0.107477,0.846776,0.055048,0.847973,0.055052,0.695946,0.110104
"{'classifier__C': 11000, 'classifier__gamma': 0.001, 'classifier__kernel': 'rbf'}",0.833035,0.055924,0.818816,0.05343,0.857077,0.082115,0.659641,0.116527,0.837026,0.058968,0.837946,0.059586,0.675893,0.119171
"{'classifier__C': 11000, 'classifier__gamma': 'auto', 'classifier__kernel': 'rbf'}",0.814066,0.060452,0.825581,0.058104,0.793538,0.087465,0.610453,0.126943,0.808513,0.064817,0.80956,0.064333,0.61912,0.128667
"{'classifier__C': 11250, 'classifier__gamma': 0.5, 'classifier__kernel': 'rbf'}",0.726897,0.063558,0.76834,0.077114,0.654769,0.079725,0.422982,0.130564,0.707733,0.062327,0.711555,0.062597,0.42311,0.125195
"{'classifier__C': 11250, 'classifier__gamma': 0.25, 'classifier__kernel': 'rbf'}",0.771931,0.040975,0.809461,0.054574,0.706308,0.092498,0.515542,0.088421,0.753609,0.04824,0.757884,0.046323,0.515769,0.092645
"{'classifier__C': 11250, 'classifier__gamma': 0.1, 'classifier__kernel': 'rbf'}",0.782118,0.062115,0.804915,0.062541,0.742308,0.103645,0.541909,0.131856,0.771114,0.068401,0.773612,0.067555,0.547223,0.135111
"{'classifier__C': 11250, 'classifier__gamma': 0.075, 'classifier__kernel': 'rbf'}",0.80243,0.058827,0.818499,0.057297,0.773846,0.102573,0.585437,0.126308,0.794132,0.065856,0.796173,0.065163,0.592345,0.130326
"{'classifier__C': 11250, 'classifier__gamma': 0.05, 'classifier__kernel': 'rbf'}",0.812617,0.060667,0.825581,0.058104,0.789538,0.089791,0.606939,0.127777,0.806381,0.065428,0.80756,0.064894,0.61512,0.129788
"{'classifier__C': 11250, 'classifier__gamma': 0.025, 'classifier__kernel': 'rbf'}",0.831543,0.063,0.832611,0.065252,0.829231,0.082143,0.650797,0.129075,0.830131,0.065055,0.830921,0.064909,0.661842,0.129819
"{'classifier__C': 11250, 'classifier__gamma': 0.01, 'classifier__kernel': 'rbf'}",0.834463,0.058122,0.825793,0.054851,0.849231,0.077319,0.659842,0.120973,0.836983,0.060794,0.837512,0.060997,0.675024,0.121994
"{'classifier__C': 11250, 'classifier__gamma': 0.0075, 'classifier__kernel': 'rbf'}",0.840303,0.062239,0.828118,0.058442,0.861231,0.078056,0.673059,0.128006,0.844194,0.064508,0.844675,0.064719,0.689349,0.129439
"{'classifier__C': 11250, 'classifier__gamma': 0.005, 'classifier__kernel': 'rbf'}",0.833035,0.061951,0.818975,0.062685,0.857231,0.073801,0.659907,0.125338,0.837477,0.062864,0.838103,0.063074,0.676205,0.126148
"{'classifier__C': 11250, 'classifier__gamma': 0.0025, 'classifier__kernel': 'rbf'}",0.838832,0.053734,0.816596,0.057406,0.877077,0.071971,0.675499,0.107745,0.845589,0.055125,0.846837,0.055135,0.693673,0.110269
"{'classifier__C': 11250, 'classifier__gamma': 0.001, 'classifier__kernel': 'rbf'}",0.833035,0.055924,0.818816,0.05343,0.857077,0.082115,0.659641,0.116527,0.837026,0.058968,0.837946,0.059586,0.675893,0.119171
"{'classifier__C': 11250, 'classifier__gamma': 'auto', 'classifier__kernel': 'rbf'}",0.812617,0.060667,0.825581,0.058104,0.789538,0.089791,0.606939,0.127777,0.806381,0.065428,0.80756,0.064894,0.61512,0.129788
"{'classifier__C': 11500, 'classifier__gamma': 0.5, 'classifier__kernel': 'rbf'}",0.726876,0.06262,0.770666,0.0767,0.650769,0.073063,0.42182,0.127788,0.706862,0.060474,0.710718,0.060812,0.421435,0.121625
"{'classifier__C': 11500, 'classifier__gamma': 0.25, 'classifier__kernel': 'rbf'}",0.77338,0.039507,0.811786,0.054219,0.706308,0.092498,0.518286,0.085461,0.754627,0.047141,0.759047,0.04506,0.518094,0.09012
"{'classifier__C': 11500, 'classifier__gamma': 0.1, 'classifier__kernel': 'rbf'}",0.782097,0.057959,0.804863,0.059361,0.742308,0.103645,0.541944,0.12472,0.770908,0.06497,0.773585,0.064019,0.54717,0.128039
"{'classifier__C': 11500, 'classifier__gamma': 0.075, 'classifier__kernel': 'rbf'}",0.80243,0.058827,0.818499,0.057297,0.773846,0.102573,0.585437,0.126308,0.794132,0.065856,0.796173,0.065163,0.592345,0.130326
"{'classifier__C': 11500, 'classifier__gamma': 0.05, 'classifier__kernel': 'rbf'}",0.812617,0.060667,0.825581,0.058104,0.789538,0.089791,0.606939,0.127777,0.806381,0.065428,0.80756,0.064894,0.61512,0.129788
"{'classifier__C': 11500, 'classifier__gamma': 0.025, 'classifier__kernel': 'rbf'}",0.831543,0.063,0.832611,0.065252,0.829231,0.082143,0.650797,0.129075,0.830131,0.065055,0.830921,0.064909,0.661842,0.129819
"{'classifier__C': 11500, 'classifier__gamma': 0.01, 'classifier__kernel': 'rbf'}",0.834463,0.058122,0.825793,0.054851,0.849231,0.077319,0.659842,0.120973,0.836983,0.060794,0.837512,0.060997,0.675024,0.121994
"{'classifier__C': 11500, 'classifier__gamma': 0.0075, 'classifier__kernel': 'rbf'}",0.838853,0.06272,0.828118,0.058442,0.857231,0.078016,0.669403,0.129053,0.84227,0.064989,0.842675,0.06521,0.685349,0.130421
"{'classifier__C': 11500, 'classifier__gamma': 0.005, 'classifier__kernel': 'rbf'}",0.833035,0.061951,0.818975,0.062685,0.857231,0.073801,0.659907,0.125338,0.837477,0.062864,0.838103,0.063074,0.676205,0.126148
"{'classifier__C': 11500, 'classifier__gamma': 0.0025, 'classifier__kernel': 'rbf'}",0.838832,0.053734,0.816596,0.057406,0.877077,0.071971,0.675499,0.107745,0.845589,0.055125,0.846837,0.055135,0.693673,0.110269
"{'classifier__C': 11500, 'classifier__gamma': 0.001, 'classifier__kernel': 'rbf'}",0.831586,0.059183,0.816543,0.058486,0.857077,0.082115,0.657347,0.121534,0.835868,0.061469,0.83681,0.06203,0.67362,0.12406
"{'classifier__C': 11500, 'classifier__gamma': 'auto', 'classifier__kernel': 'rbf'}",0.812617,0.060667,0.825581,0.058104,0.789538,0.089791,0.606939,0.127777,0.806381,0.065428,0.80756,0.064894,0.61512,0.129788
"{'classifier__C': 11750, 'classifier__gamma': 0.5, 'classifier__kernel': 'rbf'}",0.728346,0.063994,0.772992,0.078313,0.650769,0.073063,0.424563,0.130344,0.707948,0.061605,0.71188,0.061977,0.423761,0.123954
"{'classifier__C': 11750, 'classifier__gamma': 0.25, 'classifier__kernel': 'rbf'}",0.770482,0.04031,0.807188,0.050714,0.706308,0.092498,0.512289,0.08777,0.75268,0.048609,0.756748,0.046529,0.513496,0.093059
"{'classifier__C': 11750, 'classifier__gamma': 0.1, 'classifier__kernel': 'rbf'}",0.782097,0.057959,0.804863,0.059361,0.742308,0.103645,0.541944,0.12472,0.770908,0.06497,0.773585,0.064019,0.54717,0.128039
"{'classifier__C': 11750, 'classifier__gamma': 0.075, 'classifier__kernel': 'rbf'}",0.80098,0.061895,0.816226,0.061189,0.773846,0.102573,0.583015,0.131457,0.793092,0.068005,0.795036,0.067521,0.590072,0.135041
"{'classifier__C': 11750, 'classifier__gamma': 0.05, 'classifier__kernel': 'rbf'}",0.812617,0.060667,0.825581,0.058104,0.789538,0.089791,0.606939,0.127777,0.806381,0.065428,0.80756,0.064894,0.61512,0.129788
"{'classifier__C': 11750, 'classifier__gamma': 0.025, 'classifier__kernel': 'rbf'}",0.832992,0.062691,0.834884,0.064307,0.829231,0.082143,0.653276,0.128623,0.831291,0.064922,0.832057,0.064768,0.664114,0.129536
"{'classifier__C': 11750, 'classifier__gamma': 0.01, 'classifier__kernel': 'rbf'}",0.834463,0.058122,0.825793,0.054851,0.849231,0.077319,0.659842,0.120973,0.836983,0.060794,0.837512,0.060997,0.675024,0.121994
"{'classifier__C': 11750, 'classifier__gamma': 0.0075, 'classifier__kernel': 'rbf'}",0.837404,0.063164,0.825846,0.059221,0.857231,0.078016,0.666925,0.129811,0.84111,0.065318,0.841538,0.065535,0.683076,0.131071
"{'classifier__C': 11750, 'classifier__gamma': 0.005, 'classifier__kernel': 'rbf'}",0.834484,0.061601,0.821247,0.062201,0.857231,0.073801,0.662385,0.124691,0.838636,0.06259,0.839239,0.062798,0.678478,0.125597
"{'classifier__C': 11750, 'classifier__gamma': 0.0025, 'classifier__kernel': 'rbf'}",0.838832,0.053734,0.816596,0.057406,0.877077,0.071971,0.675499,0.107745,0.845589,0.055125,0.846837,0.055135,0.693673,0.110269
"{'classifier__C': 11750, 'classifier__gamma': 0.001, 'classifier__kernel': 'rbf'}",0.831586,0.059183,0.816543,0.058486,0.857077,0.082115,0.657347,0.121534,0.835868,0.061469,0.83681,0.06203,0.67362,0.12406
"{'classifier__C': 11750, 'classifier__gamma': 'auto', 'classifier__kernel': 'rbf'}",0.812617,0.060667,0.825581,0.058104,0.789538,0.089791,0.606939,0.127777,0.806381,0.065428,0.80756,0.064894,0.61512,0.129788
"{'classifier__C': 12000, 'classifier__gamma': 0.5, 'classifier__kernel': 'rbf'}",0.725426,0.064816,0.770666,0.078787,0.646769,0.076736,0.418345,0.132895,0.704578,0.063013,0.708718,0.063266,0.417435,0.126531
"{'classifier__C': 12000, 'classifier__gamma': 0.25, 'classifier__kernel': 'rbf'}",0.767562,0.038345,0.804863,0.052966,0.702308,0.094395,0.506475,0.083723,0.749136,0.046743,0.753585,0.044649,0.50717,0.089298
"{'classifier__C': 12000, 'classifier__gamma': 0.1, 'classifier__kernel': 'rbf'}",0.783546,0.055168,0.807135,0.055805,0.742308,0.103645,0.544365,0.120111,0.771948,0.063084,0.774721,0.061922,0.549443,0.123845
"{'classifier__C': 12000, 'classifier__gamma': 0.075, 'classifier__kernel': 'rbf'}",0.799531,0.061459,0.813953,0.059792,0.773846,0.102573,0.580257,0.130864,0.792018,0.067812,0.7939,0.067324,0.5878,0.134648
"{'classifier__C': 12000, 'classifier__gamma': 0.05, 'classifier__kernel': 'rbf'}",0.812617,0.060667,0.825581,0.058104,0.789538,0.089791,0.606939,0.127777,0.806381,0.065428,0.80756,0.064894,0.61512,0.129788
"{'classifier__C': 12000, 'classifier__gamma': 0.025, 'classifier__kernel': 'rbf'}",0.831522,0.060974,0.834884,0.064307,0.825231,0.078519,0.649865,0.124683,0.829283,0.062619,0.830057,0.062491,0.660114,0.124982
"{'classifier__C': 12000, 'classifier__gamma': 0.01, 'classifier__kernel': 'rbf'}",0.835912,0.058075,0.828066,0.055891,0.849231,0.077319,0.662547,0.120605,0.838084,0.060579,0.838648,0.060774,0.677296,0.121548
"{'classifier__C': 12000, 'classifier__gamma': 0.0075, 'classifier__kernel': 'rbf'}",0.837404,0.063164,0.825846,0.059221,0.857231,0.078016,0.666925,0.129811,0.84111,0.065318,0.841538,0.065535,0.683076,0.131071
"{'classifier__C': 12000, 'classifier__gamma': 0.005, 'classifier__kernel': 'rbf'}",0.834484,0.061601,0.821247,0.062201,0.857231,0.073801,0.662385,0.124691,0.838636,0.06259,0.839239,0.062798,0.678478,0.125597
"{'classifier__C': 12000, 'classifier__gamma': 0.0025, 'classifier__kernel': 'rbf'}",0.838832,0.053734,0.816596,0.057406,0.877077,0.071971,0.675499,0.107745,0.845589,0.055125,0.846837,0.055135,0.693673,0.110269
"{'classifier__C': 12000, 'classifier__gamma': 0.001, 'classifier__kernel': 'rbf'}",0.833035,0.055924,0.816543,0.058486,0.861077,0.076094,0.66113,0.113383,0.837788,0.057379,0.83881,0.057793,0.67762,0.115587
"{'classifier__C': 12000, 'classifier__gamma': 'auto', 'classifier__kernel': 'rbf'}",0.812617,0.060667,0.825581,0.058104,0.789538,0.089791,0.606939,0.127777,0.806381,0.065428,0.80756,0.064894,0.61512,0.129788
"{'classifier__C': 12250, 'classifier__gamma': 0.5, 'classifier__kernel': 'rbf'}",0.725426,0.064816,0.770666,0.078787,0.646769,0.076736,0.418345,0.132895,0.704578,0.063013,0.708718,0.063266,0.417435,0.126531
"{'classifier__C': 12250, 'classifier__gamma': 0.25, 'classifier__kernel': 'rbf'}",0.766113,0.038021,0.802537,0.055029,0.702308,0.094395,0.504073,0.08248,0.747934,0.045892,0.752422,0.043894,0.504845,0.087788
"{'classifier__C': 12250, 'classifier__gamma': 0.1, 'classifier__kernel': 'rbf'}",0.782097,0.055364,0.807135,0.055805,0.738308,0.109658,0.540869,0.121409,0.769475,0.065159,0.772721,0.063218,0.545443,0.126437
"{'classifier__C': 12250, 'classifier__gamma': 0.075, 'classifier__kernel': 'rbf'}",0.798082,0.063017,0.813953,0.059792,0.77,0.104813,0.57668,0.134425,0.790052,0.069627,0.791977,0.069158,0.583953,0.138316
"{'classifier__C': 12250, 'classifier__gamma': 0.05, 'classifier__kernel': 'rbf'}",0.812617,0.060667,0.825581,0.058104,0.789538,0.089791,0.606939,0.127777,0.806381,0.065428,0.80756,0.064894,0.61512,0.129788
"{'classifier__C': 12250, 'classifier__gamma': 0.025, 'classifier__kernel': 'rbf'}",0.831522,0.060974,0.834884,0.064307,0.825231,0.078519,0.649865,0.124683,0.829283,0.062619,0.830057,0.062491,0.660114,0.124982
"{'classifier__C': 12250, 'classifier__gamma': 0.01, 'classifier__kernel': 'rbf'}",0.835912,0.058075,0.828066,0.055891,0.849231,0.077319,0.662547,0.120605,0.838084,0.060579,0.838648,0.060774,0.677296,0.121548
"{'classifier__C': 12250, 'classifier__gamma': 0.0075, 'classifier__kernel': 'rbf'}",0.837404,0.063164,0.825846,0.059221,0.857231,0.078016,0.666925,0.129811,0.84111,0.065318,0.841538,0.065535,0.683076,0.131071
"{'classifier__C': 12250, 'classifier__gamma': 0.005, 'classifier__kernel': 'rbf'}",0.834484,0.061601,0.821247,0.062201,0.857231,0.073801,0.662385,0.124691,0.838636,0.06259,0.839239,0.062798,0.678478,0.125597
"{'classifier__C': 12250, 'classifier__gamma': 0.0025, 'classifier__kernel': 'rbf'}",0.838832,0.053734,0.816596,0.057406,0.877077,0.071971,0.675499,0.107745,0.845589,0.055125,0.846837,0.055135,0.693673,0.110269
"{'classifier__C': 12250, 'classifier__gamma': 0.001, 'classifier__kernel': 'rbf'}",0.834484,0.055536,0.818816,0.058945,0.861077,0.076094,0.663741,0.11236,0.838904,0.056916,0.839946,0.057308,0.679893,0.114615
"{'classifier__C': 12250, 'classifier__gamma': 'auto', 'classifier__kernel': 'rbf'}",0.812617,0.060667,0.825581,0.058104,0.789538,0.089791,0.606939,0.127777,0.806381,0.065428,0.80756,0.064894,0.61512,0.129788
"{'classifier__C': 12500, 'classifier__gamma': 0.5, 'classifier__kernel': 'rbf'}",0.723977,0.066576,0.770666,0.078787,0.642769,0.082015,0.414563,0.13778,0.702293,0.066083,0.706718,0.065912,0.413435,0.131823
"{'classifier__C': 12500, 'classifier__gamma': 0.25, 'classifier__kernel': 'rbf'}",0.767583,0.038784,0.804863,0.052966,0.702308,0.094395,0.506447,0.084497,0.74916,0.047163,0.753585,0.045068,0.50717,0.090135
"{'classifier__C': 12500, 'classifier__gamma': 0.1, 'classifier__kernel': 'rbf'}",0.782076,0.054272,0.807082,0.061357,0.738308,0.109658,0.541915,0.118081,0.76909,0.063023,0.772695,0.061199,0.54539,0.122397
"{'classifier__C': 12500, 'classifier__gamma': 0.075, 'classifier__kernel': 'rbf'}",0.798082,0.063017,0.813953,0.059792,0.77,0.104813,0.57668,0.134425,0.790052,0.069627,0.791977,0.069158,0.583953,0.138316
"{'classifier__C': 12500, 'classifier__gamma': 0.05, 'classifier__kernel': 'rbf'}",0.812617,0.060667,0.825581,0.058104,0.789538,0.089791,0.606939,0.127777,0.806381,0.065428,0.80756,0.064894,0.61512,0.129788
"{'classifier__C': 12500, 'classifier__gamma': 0.025, 'classifier__kernel': 'rbf'}",0.828623,0.056894,0.830338,0.061238,0.825231,0.067567,0.644414,0.11552,0.827257,0.057255,0.827785,0.057309,0.655569,0.114618
"{'classifier__C': 12500, 'classifier__gamma': 0.01, 'classifier__kernel': 'rbf'}",0.835912,0.058075,0.828066,0.055891,0.849231,0.077319,0.662547,0.120605,0.838084,0.060579,0.838648,0.060774,0.677296,0.121548
"{'classifier__C': 12500, 'classifier__gamma': 0.0075, 'classifier__kernel': 'rbf'}",0.837404,0.063164,0.825846,0.059221,0.857231,0.078016,0.666925,0.129811,0.84111,0.065318,0.841538,0.065535,0.683076,0.131071
"{'classifier__C': 12500, 'classifier__gamma': 0.005, 'classifier__kernel': 'rbf'}",0.834484,0.061601,0.821247,0.062201,0.857231,0.073801,0.662385,0.124691,0.838636,0.06259,0.839239,0.062798,0.678478,0.125597
"{'classifier__C': 12500, 'classifier__gamma': 0.0025, 'classifier__kernel': 'rbf'}",0.838832,0.053734,0.816596,0.057406,0.877077,0.071971,0.675499,0.107745,0.845589,0.055125,0.846837,0.055135,0.693673,0.110269
"{'classifier__C': 12500, 'classifier__gamma': 0.001, 'classifier__kernel': 'rbf'}",0.835934,0.057349,0.818816,0.058945,0.865077,0.078011,0.667127,0.116333,0.840914,0.059152,0.841946,0.059486,0.683893,0.118972
"{'classifier__C': 12500, 'classifier__gamma': 'auto', 'classifier__kernel': 'rbf'}",0.812617,0.060667,0.825581,0.058104,0.789538,0.089791,0.606939,0.127777,0.806381,0.065428,0.80756,0.064894,0.61512,0.129788
"{'classifier__C': 12750, 'classifier__gamma': 0.5, 'classifier__kernel': 'rbf'}",0.722528,0.064787,0.768393,0.074306,0.642769,0.082015,0.411128,0.133934,0.701375,0.065508,0.705581,0.064972,0.411162,0.129945
"{'classifier__C': 12750, 'classifier__gamma': 0.25, 'classifier__kernel': 'rbf'}",0.770482,0.04031,0.804863,0.052966,0.710154,0.102122,0.513655,0.089523,0.753033,0.050412,0.757508,0.048174,0.515016,0.096347
"{'classifier__C': 12750, 'classifier__gamma': 0.1, 'classifier__kernel': 'rbf'}",0.782076,0.054272,0.807082,0.061357,0.738308,0.109658,0.541915,0.118081,0.76909,0.063023,0.772695,0.061199,0.54539,0.122397
"{'classifier__C': 12750, 'classifier__gamma': 0.075, 'classifier__kernel': 'rbf'}",0.798082,0.063017,0.813953,0.061495,0.77,0.104813,0.577004,0.134139,0.789966,0.069295,0.791977,0.068874,0.583953,0.137747
"{'classifier__C': 12750, 'classifier__gamma': 0.05, 'classifier__kernel': 'rbf'}",0.811168,0.061534,0.825581,0.058104,0.785692,0.089755,0.60337,0.129516,0.804484,0.066224,0.805637,0.065737,0.611274,0.131475
"{'classifier__C': 12750, 'classifier__gamma': 0.025, 'classifier__kernel': 'rbf'}",0.828623,0.056894,0.830338,0.061238,0.825231,0.067567,0.644414,0.11552,0.827257,0.057255,0.827785,0.057309,0.655569,0.114618
"{'classifier__C': 12750, 'classifier__gamma': 0.01, 'classifier__kernel': 'rbf'}",0.837361,0.057264,0.830338,0.055905,0.849231,0.077319,0.665207,0.118802,0.839172,0.059773,0.839785,0.059937,0.679569,0.119874
"{'classifier__C': 12750, 'classifier__gamma': 0.0075, 'classifier__kernel': 'rbf'}",0.837404,0.063164,0.825846,0.059221,0.857231,0.078016,0.666925,0.129811,0.84111,0.065318,0.841538,0.065535,0.683076,0.131071
"{'classifier__C': 12750, 'classifier__gamma': 0.005, 'classifier__kernel': 'rbf'}",0.834484,0.061601,0.821247,0.062201,0.857231,0.073801,0.662385,0.124691,0.838636,0.06259,0.839239,0.062798,0.678478,0.125597
"{'classifier__C': 12750, 'classifier__gamma': 0.0025, 'classifier__kernel': 'rbf'}",0.838832,0.053734,0.816596,0.057406,0.877077,0.071971,0.675499,0.107745,0.845589,0.055125,0.846837,0.055135,0.693673,0.110269
"{'classifier__C': 12750, 'classifier__gamma': 0.001, 'classifier__kernel': 'rbf'}",0.835934,0.057349,0.818816,0.058945,0.865077,0.078011,0.667127,0.116333,0.840914,0.059152,0.841946,0.059486,0.683893,0.118972
"{'classifier__C': 12750, 'classifier__gamma': 'auto', 'classifier__kernel': 'rbf'}",0.811168,0.061534,0.825581,0.058104,0.785692,0.089755,0.60337,0.129516,0.804484,0.066224,0.805637,0.065737,0.611274,0.131475
"{'classifier__C': 13000, 'classifier__gamma': 0.5, 'classifier__kernel': 'rbf'}",0.722528,0.064787,0.768393,0.074306,0.642769,0.082015,0.411128,0.133934,0.701375,0.065508,0.705581,0.064972,0.411162,0.129945
"{'classifier__C': 13000, 'classifier__gamma': 0.25, 'classifier__kernel': 'rbf'}",0.769032,0.041649,0.804863,0.052966,0.706154,0.105519,0.51002,0.093284,0.750768,0.052599,0.755508,0.050158,0.511016,0.100316
"{'classifier__C': 13000, 'classifier__gamma': 0.1, 'classifier__kernel': 'rbf'}",0.782076,0.05542,0.809355,0.062968,0.734308,0.110974,0.541133,0.12041,0.768003,0.064004,0.771831,0.062249,0.543663,0.124498
"{'classifier__C': 13000, 'classifier__gamma': 0.075, 'classifier__kernel': 'rbf'}",0.798082,0.063017,0.813953,0.061495,0.77,0.104813,0.577004,0.134139,0.789966,0.069295,0.791977,0.068874,0.583953,0.137747
"{'classifier__C': 13000, 'classifier__gamma': 0.05, 'classifier__kernel': 'rbf'}",0.811168,0.061534,0.825581,0.058104,0.785692,0.089755,0.60337,0.129516,0.804484,0.066224,0.805637,0.065737,0.611274,0.131475
"{'classifier__C': 13000, 'classifier__gamma': 0.025, 'classifier__kernel': 'rbf'}",0.828623,0.056894,0.830338,0.061238,0.825231,0.067567,0.644414,0.11552,0.827257,0.057255,0.827785,0.057309,0.655569,0.114618
"{'classifier__C': 13000, 'classifier__gamma': 0.01, 'classifier__kernel': 'rbf'}",0.837361,0.057264,0.830338,0.055905,0.849231,0.077319,0.665207,0.118802,0.839172,0.059773,0.839785,0.059937,0.679569,0.119874
"{'classifier__C': 13000, 'classifier__gamma': 0.0075, 'classifier__kernel': 'rbf'}",0.837404,0.063164,0.825846,0.059221,0.857231,0.078016,0.666925,0.129811,0.84111,0.065318,0.841538,0.065535,0.683076,0.131071
"{'classifier__C': 13000, 'classifier__gamma': 0.005, 'classifier__kernel': 'rbf'}",0.834484,0.061601,0.821247,0.062201,0.857231,0.073801,0.662385,0.124691,0.838636,0.06259,0.839239,0.062798,0.678478,0.125597
"{'classifier__C': 13000, 'classifier__gamma': 0.0025, 'classifier__kernel': 'rbf'}",0.838832,0.053734,0.816596,0.057406,0.877077,0.071971,0.675499,0.107745,0.845589,0.055125,0.846837,0.055135,0.693673,0.110269
"{'classifier__C': 13000, 'classifier__gamma': 0.001, 'classifier__kernel': 'rbf'}",0.835934,0.057349,0.818816,0.058945,0.865077,0.078011,0.667127,0.116333,0.840914,0.059152,0.841946,0.059486,0.683893,0.118972
"{'classifier__C': 13000, 'classifier__gamma': 'auto', 'classifier__kernel': 'rbf'}",0.811168,0.061534,0.825581,0.058104,0.785692,0.089755,0.60337,0.129516,0.804484,0.066224,0.805637,0.065737,0.611274,0.131475
"{'classifier__C': 13250, 'classifier__gamma': 0.5, 'classifier__kernel': 'rbf'}",0.722528,0.064787,0.768393,0.074306,0.642769,0.082015,0.411128,0.133934,0.701375,0.065508,0.705581,0.064972,0.411162,0.129945
"{'classifier__C': 13250, 'classifier__gamma': 0.25, 'classifier__kernel': 'rbf'}",0.771952,0.044339,0.809461,0.052693,0.706154,0.105519,0.515069,0.098393,0.753091,0.055175,0.757807,0.052639,0.515615,0.105278
"{'classifier__C': 13250, 'classifier__gamma': 0.1, 'classifier__kernel': 'rbf'}",0.782076,0.05542,0.811628,0.066819,0.730308,0.107767,0.540845,0.119913,0.766957,0.062328,0.770968,0.060863,0.541936,0.121725
"{'classifier__C': 13250, 'classifier__gamma': 0.075, 'classifier__kernel': 'rbf'}",0.799531,0.063476,0.813953,0.061495,0.774,0.102028,0.580416,0.13471,0.792216,0.069182,0.793977,0.068879,0.587953,0.137759
"{'classifier__C': 13250, 'classifier__gamma': 0.05, 'classifier__kernel': 'rbf'}",0.811168,0.061534,0.825581,0.058104,0.785692,0.089755,0.60337,0.129516,0.804484,0.066224,0.805637,0.065737,0.611274,0.131475
"{'classifier__C': 13250, 'classifier__gamma': 0.025, 'classifier__kernel': 'rbf'}",0.828623,0.056894,0.830338,0.061238,0.825231,0.067567,0.644414,0.11552,0.827257,0.057255,0.827785,0.057309,0.655569,0.114618
"{'classifier__C': 13250, 'classifier__gamma': 0.01, 'classifier__kernel': 'rbf'}",0.837361,0.057264,0.830338,0.055905,0.849231,0.077319,0.665207,0.118802,0.839172,0.059773,0.839785,0.059937,0.679569,0.119874
"{'classifier__C': 13250, 'classifier__gamma': 0.0075, 'classifier__kernel': 'rbf'}",0.838853,0.058564,0.830391,0.050895,0.853231,0.079802,0.668038,0.123045,0.841402,0.062183,0.841811,0.062403,0.683622,0.124806
"{'classifier__C': 13250, 'classifier__gamma': 0.005, 'classifier__kernel': 'rbf'}",0.834484,0.061601,0.821247,0.062201,0.857231,0.073801,0.662385,0.124691,0.838636,0.06259,0.839239,0.062798,0.678478,0.125597
"{'classifier__C': 13250, 'classifier__gamma': 0.0025, 'classifier__kernel': 'rbf'}",0.838832,0.053734,0.816596,0.057406,0.877077,0.071971,0.675499,0.107745,0.845589,0.055125,0.846837,0.055135,0.693673,0.110269
"{'classifier__C': 13250, 'classifier__gamma': 0.001, 'classifier__kernel': 'rbf'}",0.837383,0.057265,0.818816,0.058945,0.869077,0.075559,0.670656,0.115724,0.84294,0.058754,0.843946,0.059064,0.687893,0.118129
"{'classifier__C': 13250, 'classifier__gamma': 'auto', 'classifier__kernel': 'rbf'}",0.811168,0.061534,0.825581,0.058104,0.785692,0.089755,0.60337,0.129516,0.804484,0.066224,0.805637,0.065737,0.611274,0.131475
"{'classifier__C': 13500, 'classifier__gamma': 0.5, 'classifier__kernel': 'rbf'}",0.723977,0.064002,0.768393,0.074306,0.646769,0.078793,0.414845,0.131571,0.70365,0.063995,0.707581,0.06368,0.415162,0.127359
"{'classifier__C': 13500, 'classifier__gamma': 0.25, 'classifier__kernel': 'rbf'}",0.773402,0.042985,0.811786,0.052325,0.706154,0.105519,0.517813,0.095756,0.754109,0.054226,0.75897,0.051533,0.51794,0.103066
"{'classifier__C': 13500, 'classifier__gamma': 0.1, 'classifier__kernel': 'rbf'}",0.782076,0.05542,0.811628,0.066819,0.730308,0.107767,0.540845,0.119913,0.766957,0.062328,0.770968,0.060863,0.541936,0.121725
"{'classifier__C': 13500, 'classifier__gamma': 0.075, 'classifier__kernel': 'rbf'}",0.799531,0.063476,0.813953,0.061495,0.774,0.102028,0.580416,0.13471,0.792216,0.069182,0.793977,0.068879,0.587953,0.137759
"{'classifier__C': 13500, 'classifier__gamma': 0.05, 'classifier__kernel': 'rbf'}",0.811168,0.061534,0.825581,0.058104,0.785692,0.089755,0.60337,0.129516,0.804484,0.066224,0.805637,0.065737,0.611274,0.131475
"{'classifier__C': 13500, 'classifier__gamma': 0.025, 'classifier__kernel': 'rbf'}",0.828623,0.056894,0.830338,0.061238,0.825231,0.067567,0.644414,0.11552,0.827257,0.057255,0.827785,0.057309,0.655569,0.114618
"{'classifier__C': 13500, 'classifier__gamma': 0.01, 'classifier__kernel': 'rbf'}",0.835912,0.057347,0.830338,0.055905,0.845385,0.076414,0.66168,0.118818,0.837307,0.059742,0.837861,0.05991,0.675723,0.11982
"{'classifier__C': 13500, 'classifier__gamma': 0.0075, 'classifier__kernel': 'rbf'}",0.838853,0.058564,0.830391,0.050895,0.853231,0.079802,0.668038,0.123045,0.841402,0.062183,0.841811,0.062403,0.683622,0.124806
"{'classifier__C': 13500, 'classifier__gamma': 0.005, 'classifier__kernel': 'rbf'}",0.834484,0.061601,0.821247,0.062201,0.857231,0.073801,0.662385,0.124691,0.838636,0.06259,0.839239,0.062798,0.678478,0.125597
"{'classifier__C': 13500, 'classifier__gamma': 0.0025, 'classifier__kernel': 'rbf'}",0.837383,0.053862,0.816596,0.057406,0.873077,0.072804,0.671895,0.108237,0.843638,0.055331,0.844837,0.055379,0.689673,0.110757
"{'classifier__C': 13500, 'classifier__gamma': 0.001, 'classifier__kernel': 'rbf'}",0.837383,0.057265,0.818816,0.058945,0.869077,0.075559,0.670656,0.115724,0.84294,0.058754,0.843946,0.059064,0.687893,0.118129
"{'classifier__C': 13500, 'classifier__gamma': 'auto', 'classifier__kernel': 'rbf'}",0.811168,0.061534,0.825581,0.058104,0.785692,0.089755,0.60337,0.129516,0.804484,0.066224,0.805637,0.065737,0.611274,0.131475
"{'classifier__C': 13750, 'classifier__gamma': 0.5, 'classifier__kernel': 'rbf'}",0.723977,0.064655,0.766121,0.076538,0.650769,0.075221,0.416206,0.131412,0.70487,0.063346,0.708445,0.063424,0.41689,0.126849
"{'classifier__C': 13750, 'classifier__gamma': 0.25, 'classifier__kernel': 'rbf'}",0.773402,0.042985,0.811786,0.052325,0.706154,0.105519,0.517813,0.095756,0.754109,0.054226,0.75897,0.051533,0.51794,0.103066
"{'classifier__C': 13750, 'classifier__gamma': 0.1, 'classifier__kernel': 'rbf'}",0.783525,0.055981,0.813901,0.068903,0.730308,0.107767,0.543828,0.120581,0.767959,0.06239,0.772104,0.060974,0.544208,0.121948
"{'classifier__C': 13750, 'classifier__gamma': 0.075, 'classifier__kernel': 'rbf'}",0.799531,0.063476,0.813953,0.061495,0.774,0.102028,0.580416,0.13471,0.792216,0.069182,0.793977,0.068879,0.587953,0.137759
"{'classifier__C': 13750, 'classifier__gamma': 0.05, 'classifier__kernel': 'rbf'}",0.811168,0.061534,0.825581,0.058104,0.785692,0.089755,0.60337,0.129516,0.804484,0.066224,0.805637,0.065737,0.611274,0.131475
"{'classifier__C': 13750, 'classifier__gamma': 0.025, 'classifier__kernel': 'rbf'}",0.827174,0.060342,0.830338,0.061238,0.821231,0.076623,0.640679,0.124494,0.82519,0.062249,0.825785,0.062148,0.651569,0.124296
"{'classifier__C': 13750, 'classifier__gamma': 0.01, 'classifier__kernel': 'rbf'}",0.835912,0.057347,0.830338,0.055905,0.845385,0.076414,0.66168,0.118818,0.837307,0.059742,0.837861,0.05991,0.675723,0.11982
"{'classifier__C': 13750, 'classifier__gamma': 0.0075, 'classifier__kernel': 'rbf'}",0.837404,0.061137,0.828118,0.054793,0.853231,0.079802,0.665638,0.127285,0.84028,0.064165,0.840675,0.064409,0.681349,0.128818
"{'classifier__C': 13750, 'classifier__gamma': 0.005, 'classifier__kernel': 'rbf'}",0.834484,0.061601,0.821247,0.062201,0.857231,0.073801,0.662385,0.124691,0.838636,0.06259,0.839239,0.062798,0.678478,0.125597
"{'classifier__C': 13750, 'classifier__gamma': 0.0025, 'classifier__kernel': 'rbf'}",0.837383,0.053862,0.816596,0.057406,0.873077,0.072804,0.671895,0.108237,0.843638,0.055331,0.844837,0.055379,0.689673,0.110757
"{'classifier__C': 13750, 'classifier__gamma': 0.001, 'classifier__kernel': 'rbf'}",0.838832,0.057144,0.821089,0.058437,0.869077,0.075559,0.673082,0.115577,0.844127,0.058735,0.845083,0.059043,0.690166,0.118086
"{'classifier__C': 13750, 'classifier__gamma': 'auto', 'classifier__kernel': 'rbf'}",0.811168,0.061534,0.825581,0.058104,0.785692,0.089755,0.60337,0.129516,0.804484,0.066224,0.805637,0.065737,0.611274,0.131475
"{'classifier__C': 14000, 'classifier__gamma': 0.5, 'classifier__kernel': 'rbf'}",0.723977,0.064655,0.766121,0.076538,0.650769,0.075221,0.416206,0.131412,0.70487,0.063346,0.708445,0.063424,0.41689,0.126849
"{'classifier__C': 14000, 'classifier__gamma': 0.25, 'classifier__kernel': 'rbf'}",0.773402,0.042985,0.811786,0.052325,0.706154,0.105519,0.517813,0.095756,0.754109,0.054226,0.75897,0.051533,0.51794,0.103066
"{'classifier__C': 14000, 'classifier__gamma': 0.1, 'classifier__kernel': 'rbf'}",0.786424,0.054334,0.816173,0.071579,0.734308,0.103515,0.550669,0.115471,0.771114,0.059082,0.775241,0.057898,0.550481,0.115796
"{'classifier__C': 14000, 'classifier__gamma': 0.075, 'classifier__kernel': 'rbf'}",0.799531,0.063476,0.813953,0.061495,0.774,0.102028,0.580416,0.13471,0.792216,0.069182,0.793977,0.068879,0.587953,0.137759
"{'classifier__C': 14000, 'classifier__gamma': 0.05, 'classifier__kernel': 'rbf'}",0.809719,0.06269,0.823256,0.060788,0.785692,0.089755,0.600926,0.131199,0.803311,0.066954,0.804474,0.066485,0.608948,0.132971
"{'classifier__C': 14000, 'classifier__gamma': 0.025, 'classifier__kernel': 'rbf'}",0.828623,0.060125,0.832611,0.061166,0.821231,0.076623,0.64329,0.123994,0.826306,0.062049,0.826921,0.061936,0.653842,0.123872
"{'classifier__C': 14000, 'classifier__gamma': 0.01, 'classifier__kernel': 'rbf'}",0.835912,0.057347,0.830338,0.055905,0.845385,0.076414,0.66168,0.118818,0.837307,0.059742,0.837861,0.05991,0.675723,0.11982
"{'classifier__C': 14000, 'classifier__gamma': 0.0075, 'classifier__kernel': 'rbf'}",0.837404,0.061137,0.828118,0.054793,0.853231,0.079802,0.665638,0.127285,0.84028,0.064165,0.840675,0.064409,0.681349,0.128818
"{'classifier__C': 14000, 'classifier__gamma': 0.005, 'classifier__kernel': 'rbf'}",0.834484,0.061601,0.821247,0.062201,0.857231,0.073801,0.662385,0.124691,0.838636,0.06259,0.839239,0.062798,0.678478,0.125597
"{'classifier__C': 14000, 'classifier__gamma': 0.0025, 'classifier__kernel': 'rbf'}",0.838832,0.054123,0.818922,0.056777,0.873077,0.072804,0.674272,0.108921,0.844885,0.055697,0.845999,0.05574,0.691999,0.111481
"{'classifier__C': 14000, 'classifier__gamma': 0.001, 'classifier__kernel': 'rbf'}",0.835934,0.057714,0.816543,0.057596,0.869077,0.075559,0.667913,0.11712,0.841867,0.059431,0.84281,0.059777,0.68562,0.119553
"{'classifier__C': 14000, 'classifier__gamma': 'auto', 'classifier__kernel': 'rbf'}",0.809719,0.06269,0.823256,0.060788,0.785692,0.089755,0.600926,0.131199,0.803311,0.066954,0.804474,0.066485,0.608948,0.132971
"{'classifier__C': 14250, 'classifier__gamma': 0.5, 'classifier__kernel': 'rbf'}",0.723977,0.064655,0.766121,0.076538,0.650769,0.075221,0.416206,0.131412,0.70487,0.063346,0.708445,0.063424,0.41689,0.126849
"{'classifier__C': 14250, 'classifier__gamma': 0.25, 'classifier__kernel': 'rbf'}",0.773402,0.042985,0.811786,0.052325,0.706154,0.105519,0.517813,0.095756,0.754109,0.054226,0.75897,0.051533,0.51794,0.103066
"{'classifier__C': 14250, 'classifier__gamma': 0.1, 'classifier__kernel': 'rbf'}",0.787894,0.055504,0.818499,0.071846,0.734308,0.103515,0.55326,0.117661,0.772287,0.060281,0.776403,0.059031,0.552807,0.118062
"{'classifier__C': 14250, 'classifier__gamma': 0.075, 'classifier__kernel': 'rbf'}",0.799531,0.063476,0.813953,0.061495,0.774,0.102028,0.580416,0.13471,0.792216,0.069182,0.793977,0.068879,0.587953,0.137759
"{'classifier__C': 14250, 'classifier__gamma': 0.05, 'classifier__kernel': 'rbf'}",0.808269,0.062798,0.820983,0.06051,0.785692,0.089755,0.598266,0.13154,0.802223,0.067096,0.803338,0.066641,0.606675,0.133283
"{'classifier__C': 14250, 'classifier__gamma': 0.025, 'classifier__kernel': 'rbf'}",0.825703,0.059874,0.832611,0.061166,0.813231,0.074208,0.636133,0.123273,0.822335,0.061449,0.822921,0.061357,0.645842,0.122713
"{'classifier__C': 14250, 'classifier__gamma': 0.01, 'classifier__kernel': 'rbf'}",0.835912,0.057347,0.830338,0.055905,0.845385,0.076414,0.66168,0.118818,0.837307,0.059742,0.837861,0.05991,0.675723,0.11982
"{'classifier__C': 14250, 'classifier__gamma': 0.0075, 'classifier__kernel': 'rbf'}",0.837404,0.061137,0.828118,0.054793,0.853231,0.079802,0.665638,0.127285,0.84028,0.064165,0.840675,0.064409,0.681349,0.128818
"{'classifier__C': 14250, 'classifier__gamma': 0.005, 'classifier__kernel': 'rbf'}",0.834484,0.061601,0.821247,0.062201,0.857231,0.073801,0.662385,0.124691,0.838636,0.06259,0.839239,0.062798,0.678478,0.125597
"{'classifier__C': 14250, 'classifier__gamma': 0.0025, 'classifier__kernel': 'rbf'}",0.838832,0.054123,0.818922,0.056777,0.873077,0.072804,0.674272,0.108921,0.844885,0.055697,0.845999,0.05574,0.691999,0.111481
"{'classifier__C': 14250, 'classifier__gamma': 0.001, 'classifier__kernel': 'rbf'}",0.835934,0.057714,0.816543,0.057596,0.869077,0.075559,0.667913,0.11712,0.841867,0.059431,0.84281,0.059777,0.68562,0.119553
"{'classifier__C': 14250, 'classifier__gamma': 'auto', 'classifier__kernel': 'rbf'}",0.808269,0.062798,0.820983,0.06051,0.785692,0.089755,0.598266,0.13154,0.802223,0.067096,0.803338,0.066641,0.606675,0.133283
"{'classifier__C': 14500, 'classifier__gamma': 0.5, 'classifier__kernel': 'rbf'}",0.723977,0.064655,0.766121,0.076538,0.650769,0.075221,0.416206,0.131412,0.70487,0.063346,0.708445,0.063424,0.41689,0.126849
"{'classifier__C': 14500, 'classifier__gamma': 0.25, 'classifier__kernel': 'rbf'}",0.773402,0.042985,0.811786,0.052325,0.706154,0.105519,0.517813,0.095756,0.754109,0.054226,0.75897,0.051533,0.51794,0.103066
"{'classifier__C': 14500, 'classifier__gamma': 0.1, 'classifier__kernel': 'rbf'}",0.786445,0.05693,0.818499,0.071846,0.730308,0.106272,0.54961,0.12144,0.770123,0.062299,0.774403,0.060999,0.548807,0.121997
"{'classifier__C': 14500, 'classifier__gamma': 0.075, 'classifier__kernel': 'rbf'}",0.798082,0.066582,0.811681,0.065768,0.774,0.102028,0.578048,0.139765,0.791159,0.07139,0.79284,0.07126,0.585681,0.142521
"{'classifier__C': 14500, 'classifier__gamma': 0.05, 'classifier__kernel': 'rbf'}",0.805371,0.064559,0.816385,0.064156,0.785692,0.089755,0.593306,0.134231,0.799928,0.068278,0.801039,0.067846,0.602077,0.135691
"{'classifier__C': 14500, 'classifier__gamma': 0.025, 'classifier__kernel': 'rbf'}",0.827153,0.05969,0.834884,0.06101,0.813231,0.074208,0.638743,0.122864,0.823451,0.061298,0.824057,0.061195,0.648114,0.12239
"{'classifier__C': 14500, 'classifier__gamma': 0.01, 'classifier__kernel': 'rbf'}",0.835912,0.057347,0.830338,0.055905,0.845385,0.076414,0.66168,0.118818,0.837307,0.059742,0.837861,0.05991,0.675723,0.11982
"{'classifier__C': 14500, 'classifier__gamma': 0.0075, 'classifier__kernel': 'rbf'}",0.837404,0.061137,0.828118,0.054793,0.853231,0.079802,0.665638,0.127285,0.84028,0.064165,0.840675,0.064409,0.681349,0.128818
"{'classifier__C': 14500, 'classifier__gamma': 0.005, 'classifier__kernel': 'rbf'}",0.834484,0.061601,0.821247,0.062201,0.857231,0.073801,0.662385,0.124691,0.838636,0.06259,0.839239,0.062798,0.678478,0.125597
"{'classifier__C': 14500, 'classifier__gamma': 0.0025, 'classifier__kernel': 'rbf'}",0.838832,0.054123,0.818922,0.056777,0.873077,0.072804,0.674272,0.108921,0.844885,0.055697,0.845999,0.05574,0.691999,0.111481
"{'classifier__C': 14500, 'classifier__gamma': 0.001, 'classifier__kernel': 'rbf'}",0.834484,0.058123,0.814271,0.057036,0.869077,0.075559,0.665302,0.118194,0.840751,0.05993,0.841674,0.060296,0.683348,0.120593
"{'classifier__C': 14500, 'classifier__gamma': 'auto', 'classifier__kernel': 'rbf'}",0.805371,0.064559,0.816385,0.064156,0.785692,0.089755,0.593306,0.134231,0.799928,0.068278,0.801039,0.067846,0.602077,0.135691
"{'classifier__C': 14750, 'classifier__gamma': 0.5, 'classifier__kernel': 'rbf'}",0.723977,0.064655,0.766121,0.076538,0.650769,0.075221,0.416206,0.131412,0.70487,0.063346,0.708445,0.063424,0.41689,0.126849
"{'classifier__C': 14750, 'classifier__gamma': 0.25, 'classifier__kernel': 'rbf'}",0.773402,0.042985,0.811786,0.052325,0.706154,0.105519,0.517813,0.095756,0.754109,0.054226,0.75897,0.051533,0.51794,0.103066
"{'classifier__C': 14750, 'classifier__gamma': 0.1, 'classifier__kernel': 'rbf'}",0.789344,0.055157,0.825423,0.067025,0.726308,0.0996,0.553227,0.117549,0.771739,0.060848,0.775865,0.05907,0.551731,0.118139
"{'classifier__C': 14750, 'classifier__gamma': 0.075, 'classifier__kernel': 'rbf'}",0.798082,0.066582,0.811681,0.065768,0.774,0.102028,0.578048,0.139765,0.791159,0.07139,0.79284,0.07126,0.585681,0.142521
"{'classifier__C': 14750, 'classifier__gamma': 0.05, 'classifier__kernel': 'rbf'}",0.805371,0.064559,0.816385,0.064156,0.785692,0.089755,0.593306,0.134231,0.799928,0.068278,0.801039,0.067846,0.602077,0.135691
"{'classifier__C': 14750, 'classifier__gamma': 0.025, 'classifier__kernel': 'rbf'}",0.827153,0.05969,0.834884,0.06101,0.813231,0.074208,0.638743,0.122864,0.823451,0.061298,0.824057,0.061195,0.648114,0.12239
"{'classifier__C': 14750, 'classifier__gamma': 0.01, 'classifier__kernel': 'rbf'}",0.835912,0.057347,0.830338,0.055905,0.845385,0.076414,0.66168,0.118818,0.837307,0.059742,0.837861,0.05991,0.675723,0.11982
"{'classifier__C': 14750, 'classifier__gamma': 0.0075, 'classifier__kernel': 'rbf'}",0.838853,0.06033,0.828118,0.054793,0.857231,0.078016,0.669268,0.125289,0.84225,0.063122,0.842675,0.063346,0.685349,0.126692
"{'classifier__C': 14750, 'classifier__gamma': 0.005, 'classifier__kernel': 'rbf'}",0.834484,0.061601,0.821247,0.062201,0.857231,0.073801,0.662385,0.124691,0.838636,0.06259,0.839239,0.062798,0.678478,0.125597
"{'classifier__C': 14750, 'classifier__gamma': 0.0025, 'classifier__kernel': 'rbf'}",0.838832,0.054123,0.818922,0.056777,0.873077,0.072804,0.674272,0.108921,0.844885,0.055697,0.845999,0.05574,0.691999,0.111481
"{'classifier__C': 14750, 'classifier__gamma': 0.001, 'classifier__kernel': 'rbf'}",0.834484,0.058123,0.814271,0.057036,0.869077,0.075559,0.665302,0.118194,0.840751,0.05993,0.841674,0.060296,0.683348,0.120593
"{'classifier__C': 14750, 'classifier__gamma': 'auto', 'classifier__kernel': 'rbf'}",0.805371,0.064559,0.816385,0.064156,0.785692,0.089755,0.593306,0.134231,0.799928,0.068278,0.801039,0.067846,0.602077,0.135691
"{'classifier__C': 15000, 'classifier__gamma': 0.5, 'classifier__kernel': 'rbf'}",0.723977,0.064655,0.766121,0.076538,0.650769,0.075221,0.416206,0.131412,0.70487,0.063346,0.708445,0.063424,0.41689,0.126849
"{'classifier__C': 15000, 'classifier__gamma': 0.25, 'classifier__kernel': 'rbf'}",0.771952,0.044339,0.809461,0.052693,0.706154,0.105519,0.515069,0.098393,0.753091,0.055175,0.757807,0.052639,0.515615,0.105278
"{'classifier__C': 15000, 'classifier__gamma': 0.1, 'classifier__kernel': 'rbf'}",0.790793,0.053213,0.827696,0.064776,0.726308,0.0996,0.555755,0.114106,0.772781,0.059563,0.777002,0.057594,0.554003,0.115188
"{'classifier__C': 15000, 'classifier__gamma': 0.075, 'classifier__kernel': 'rbf'}",0.796633,0.06643,0.809408,0.063502,0.774,0.102028,0.575065,0.139921,0.790157,0.071661,0.791704,0.071496,0.583408,0.142991
"{'classifier__C': 15000, 'classifier__gamma': 0.05, 'classifier__kernel': 'rbf'}",0.805371,0.065848,0.818658,0.063775,0.781846,0.09119,0.592253,0.137141,0.799146,0.06977,0.800252,0.069387,0.600504,0.138774
"{'classifier__C': 15000, 'classifier__gamma': 0.025, 'classifier__kernel': 'rbf'}",0.828602,0.059822,0.837156,0.061612,0.813231,0.074208,0.641448,0.122966,0.824552,0.061329,0.825194,0.061223,0.650387,0.122446
"{'classifier__C': 15000, 'classifier__gamma': 0.01, 'classifier__kernel': 'rbf'}",0.835912,0.057347,0.830338,0.055905,0.845385,0.076414,0.66168,0.118818,0.837307,0.059742,0.837861,0.05991,0.675723,0.11982
"{'classifier__C': 15000, 'classifier__gamma': 0.0075, 'classifier__kernel': 'rbf'}",0.838853,0.06033,0.828118,0.054793,0.857231,0.078016,0.669268,0.125289,0.84225,0.063122,0.842675,0.063346,0.685349,0.126692
"{'classifier__C': 15000, 'classifier__gamma': 0.005, 'classifier__kernel': 'rbf'}",0.835934,0.061215,0.82352,0.060786,0.857231,0.073801,0.664741,0.124263,0.83984,0.062424,0.840375,0.062658,0.680751,0.125316
"{'classifier__C': 15000, 'classifier__gamma': 0.0025, 'classifier__kernel': 'rbf'}",0.838832,0.054123,0.818922,0.056777,0.873077,0.072804,0.674272,0.108921,0.844885,0.055697,0.845999,0.05574,0.691999,0.111481
"{'classifier__C': 15000, 'classifier__gamma': 0.001, 'classifier__kernel': 'rbf'}",0.834484,0.058123,0.814271,0.057036,0.869077,0.075559,0.665302,0.118194,0.840751,0.05993,0.841674,0.060296,0.683348,0.120593
"{'classifier__C': 15000, 'classifier__gamma': 'auto', 'classifier__kernel': 'rbf'}",0.805371,0.065848,0.818658,0.063775,0.781846,0.09119,0.592253,0.137141,0.799146,0.06977,0.800252,0.069387,0.600504,0.138774
"{'classifier__C': 15250, 'classifier__gamma': 0.5, 'classifier__kernel': 'rbf'}",0.723977,0.064655,0.766121,0.076538,0.650769,0.075221,0.416206,0.131412,0.70487,0.063346,0.708445,0.063424,0.41689,0.126849
"{'classifier__C': 15250, 'classifier__gamma': 0.25, 'classifier__kernel': 'rbf'}",0.770482,0.043324,0.809461,0.052693,0.702154,0.101032,0.511413,0.095338,0.751127,0.053253,0.755807,0.050761,0.511615,0.101522
"{'classifier__C': 15250, 'classifier__gamma': 0.1, 'classifier__kernel': 'rbf'}",0.789344,0.053219,0.827696,0.064776,0.722308,0.097338,0.552142,0.113857,0.770761,0.059023,0.775002,0.057185,0.550003,0.114371
"{'classifier__C': 15250, 'classifier__gamma': 0.075, 'classifier__kernel': 'rbf'}",0.796633,0.06643,0.809408,0.063502,0.774,0.102028,0.575065,0.139921,0.790157,0.071661,0.791704,0.071496,0.583408,0.142991
"{'classifier__C': 15250, 'classifier__gamma': 0.05, 'classifier__kernel': 'rbf'}",0.806841,0.067047,0.820983,0.064825,0.781846,0.09119,0.594874,0.139392,0.80033,0.070857,0.801415,0.070445,0.602829,0.140889
"{'classifier__C': 15250, 'classifier__gamma': 0.025, 'classifier__kernel': 'rbf'}",0.828602,0.059822,0.837156,0.061612,0.813231,0.074208,0.641448,0.122966,0.824552,0.061329,0.825194,0.061223,0.650387,0.122446
"{'classifier__C': 15250, 'classifier__gamma': 0.01, 'classifier__kernel': 'rbf'}",0.835912,0.057347,0.830338,0.055905,0.845385,0.076414,0.66168,0.118818,0.837307,0.059742,0.837861,0.05991,0.675723,0.11982
"{'classifier__C': 15250, 'classifier__gamma': 0.0075, 'classifier__kernel': 'rbf'}",0.838853,0.06033,0.828118,0.054793,0.857231,0.078016,0.669268,0.125289,0.84225,0.063122,0.842675,0.063346,0.685349,0.126692
"{'classifier__C': 15250, 'classifier__gamma': 0.005, 'classifier__kernel': 'rbf'}",0.835934,0.061215,0.82352,0.060786,0.857231,0.073801,0.664741,0.124263,0.83984,0.062424,0.840375,0.062658,0.680751,0.125316
"{'classifier__C': 15250, 'classifier__gamma': 0.0025, 'classifier__kernel': 'rbf'}",0.838832,0.054123,0.818922,0.056777,0.873077,0.072804,0.674272,0.108921,0.844885,0.055697,0.845999,0.05574,0.691999,0.111481
"{'classifier__C': 15250, 'classifier__gamma': 0.001, 'classifier__kernel': 'rbf'}",0.835934,0.057714,0.816543,0.057596,0.869077,0.075559,0.667913,0.11712,0.841867,0.059431,0.84281,0.059777,0.68562,0.119553
"{'classifier__C': 15250, 'classifier__gamma': 'auto', 'classifier__kernel': 'rbf'}",0.806841,0.067047,0.820983,0.064825,0.781846,0.09119,0.594874,0.139392,0.80033,0.070857,0.801415,0.070445,0.602829,0.140889
"{'classifier__C': 15500, 'classifier__gamma': 0.5, 'classifier__kernel': 'rbf'}",0.723977,0.064655,0.766121,0.076538,0.650769,0.075221,0.416206,0.131412,0.70487,0.063346,0.708445,0.063424,0.41689,0.126849
"{'classifier__C': 15500, 'classifier__gamma': 0.25, 'classifier__kernel': 'rbf'}",0.770482,0.042836,0.807188,0.049734,0.706154,0.097643,0.511878,0.094257,0.752515,0.052422,0.756671,0.050161,0.513342,0.100322
"{'classifier__C': 15500, 'classifier__gamma': 0.1, 'classifier__kernel': 'rbf'}",0.790793,0.053213,0.829968,0.063999,0.722308,0.097338,0.554715,0.113929,0.771864,0.059242,0.776138,0.057341,0.552276,0.114682
"{'classifier__C': 15500, 'classifier__gamma': 0.075, 'classifier__kernel': 'rbf'}",0.798082,0.066582,0.811734,0.063199,0.774,0.102028,0.577599,0.140306,0.791324,0.071892,0.792867,0.071702,0.585734,0.143405
"{'classifier__C': 15500, 'classifier__gamma': 0.05, 'classifier__kernel': 'rbf'}",0.806841,0.067047,0.820983,0.064825,0.781846,0.09119,0.594874,0.139392,0.80033,0.070857,0.801415,0.070445,0.602829,0.140889
"{'classifier__C': 15500, 'classifier__gamma': 0.025, 'classifier__kernel': 'rbf'}",0.827153,0.060737,0.834884,0.063499,0.813231,0.074208,0.638996,0.124406,0.823404,0.061925,0.824057,0.061825,0.648114,0.12365
"{'classifier__C': 15500, 'classifier__gamma': 0.01, 'classifier__kernel': 'rbf'}",0.835912,0.057347,0.830338,0.055905,0.845385,0.076414,0.66168,0.118818,0.837307,0.059742,0.837861,0.05991,0.675723,0.11982
"{'classifier__C': 15500, 'classifier__gamma': 0.0075, 'classifier__kernel': 'rbf'}",0.837383,0.058323,0.828118,0.054793,0.853231,0.073542,0.665824,0.120678,0.840285,0.060515,0.840675,0.060708,0.681349,0.121416
"{'classifier__C': 15500, 'classifier__gamma': 0.005, 'classifier__kernel': 'rbf'}",0.835934,0.061215,0.82352,0.060786,0.857231,0.073801,0.664741,0.124263,0.83984,0.062424,0.840375,0.062658,0.680751,0.125316
"{'classifier__C': 15500, 'classifier__gamma': 0.0025, 'classifier__kernel': 'rbf'}",0.838832,0.054123,0.818922,0.056777,0.873077,0.072804,0.674272,0.108921,0.844885,0.055697,0.845999,0.05574,0.691999,0.111481
"{'classifier__C': 15500, 'classifier__gamma': 0.001, 'classifier__kernel': 'rbf'}",0.835934,0.057714,0.816543,0.057596,0.869077,0.075559,0.667913,0.11712,0.841867,0.059431,0.84281,0.059777,0.68562,0.119553
"{'classifier__C': 15500, 'classifier__gamma': 'auto', 'classifier__kernel': 'rbf'}",0.806841,0.067047,0.820983,0.064825,0.781846,0.09119,0.594874,0.139392,0.80033,0.070857,0.801415,0.070445,0.602829,0.140889
"{'classifier__C': 15750, 'classifier__gamma': 0.5, 'classifier__kernel': 'rbf'}",0.723977,0.064655,0.766121,0.076538,0.650769,0.075221,0.416206,0.131412,0.70487,0.063346,0.708445,0.063424,0.41689,0.126849
"{'classifier__C': 15750, 'classifier__gamma': 0.25, 'classifier__kernel': 'rbf'}",0.769011,0.040683,0.804863,0.048811,0.706154,0.097643,0.509287,0.090329,0.751342,0.050582,0.755508,0.048351,0.511016,0.096701
"{'classifier__C': 15750, 'classifier__gamma': 0.1, 'classifier__kernel': 'rbf'}",0.792242,0.053562,0.832241,0.063944,0.722308,0.097338,0.557375,0.114551,0.772951,0.059637,0.777274,0.057698,0.554549,0.115396
"{'classifier__C': 15750, 'classifier__gamma': 0.075, 'classifier__kernel': 'rbf'}",0.798082,0.066582,0.811734,0.063199,0.774,0.102028,0.577599,0.140306,0.791324,0.071892,0.792867,0.071702,0.585734,0.143405
"{'classifier__C': 15750, 'classifier__gamma': 0.05, 'classifier__kernel': 'rbf'}",0.806841,0.067047,0.82093,0.065787,0.781846,0.09119,0.595,0.139111,0.800251,0.070682,0.801388,0.070278,0.602776,0.140556
"{'classifier__C': 15750, 'classifier__gamma': 0.025, 'classifier__kernel': 'rbf'}",0.827153,0.060737,0.834884,0.063499,0.813231,0.074208,0.638996,0.124406,0.823404,0.061925,0.824057,0.061825,0.648114,0.12365
"{'classifier__C': 15750, 'classifier__gamma': 0.01, 'classifier__kernel': 'rbf'}",0.837383,0.058323,0.832664,0.055658,0.845385,0.076414,0.664094,0.120769,0.83856,0.06083,0.839024,0.060956,0.678048,0.121911
"{'classifier__C': 15750, 'classifier__gamma': 0.0075, 'classifier__kernel': 'rbf'}",0.837383,0.058323,0.828118,0.054793,0.853231,0.073542,0.665824,0.120678,0.840285,0.060515,0.840675,0.060708,0.681349,0.121416
"{'classifier__C': 15750, 'classifier__gamma': 0.005, 'classifier__kernel': 'rbf'}",0.835934,0.061215,0.82352,0.060786,0.857231,0.073801,0.664741,0.124263,0.83984,0.062424,0.840375,0.062658,0.680751,0.125316
"{'classifier__C': 15750, 'classifier__gamma': 0.0025, 'classifier__kernel': 'rbf'}",0.838832,0.054123,0.818922,0.056777,0.873077,0.072804,0.674272,0.108921,0.844885,0.055697,0.845999,0.05574,0.691999,0.111481
"{'classifier__C': 15750, 'classifier__gamma': 0.001, 'classifier__kernel': 'rbf'}",0.835934,0.057714,0.816543,0.057596,0.869077,0.075559,0.667913,0.11712,0.841867,0.059431,0.84281,0.059777,0.68562,0.119553
"{'classifier__C': 15750, 'classifier__gamma': 'auto', 'classifier__kernel': 'rbf'}",0.806841,0.067047,0.82093,0.065787,0.781846,0.09119,0.595,0.139111,0.800251,0.070682,0.801388,0.070278,0.602776,0.140556
"{'classifier__C': 16000, 'classifier__gamma': 0.5, 'classifier__kernel': 'rbf'}",0.722506,0.064213,0.766121,0.076538,0.646769,0.070202,0.4125,0.129803,0.702864,0.062127,0.706445,0.062322,0.41289,0.124644
"{'classifier__C': 16000, 'classifier__gamma': 0.25, 'classifier__kernel': 'rbf'}",0.769011,0.040683,0.804863,0.048811,0.706308,0.090752,0.509181,0.088439,0.751776,0.049077,0.755585,0.046925,0.51117,0.093851
"{'classifier__C': 16000, 'classifier__gamma': 0.1, 'classifier__kernel': 'rbf'}",0.792242,0.053562,0.832241,0.063944,0.722308,0.097338,0.557375,0.114551,0.772951,0.059637,0.777274,0.057698,0.554549,0.115396
"{'classifier__C': 16000, 'classifier__gamma': 0.075, 'classifier__kernel': 'rbf'}",0.798082,0.066582,0.811734,0.063199,0.774,0.102028,0.577599,0.140306,0.791324,0.071892,0.792867,0.071702,0.585734,0.143405
"{'classifier__C': 16000, 'classifier__gamma': 0.05, 'classifier__kernel': 'rbf'}",0.806841,0.067047,0.82093,0.065787,0.781846,0.09119,0.595,0.139111,0.800251,0.070682,0.801388,0.070278,0.602776,0.140556
"{'classifier__C': 16000, 'classifier__gamma': 0.025, 'classifier__kernel': 'rbf'}",0.827153,0.060737,0.834884,0.063499,0.813231,0.074208,0.638996,0.124406,0.823404,0.061925,0.824057,0.061825,0.648114,0.12365
"{'classifier__C': 16000, 'classifier__gamma': 0.01, 'classifier__kernel': 'rbf'}",0.837383,0.058323,0.832664,0.055658,0.845385,0.076414,0.664094,0.120769,0.83856,0.06083,0.839024,0.060956,0.678048,0.121911
"{'classifier__C': 16000, 'classifier__gamma': 0.0075, 'classifier__kernel': 'rbf'}",0.837383,0.058323,0.828118,0.054793,0.853231,0.073542,0.665824,0.120678,0.840285,0.060515,0.840675,0.060708,0.681349,0.121416
"{'classifier__C': 16000, 'classifier__gamma': 0.005, 'classifier__kernel': 'rbf'}",0.835934,0.061215,0.82352,0.060786,0.857231,0.073801,0.664741,0.124263,0.83984,0.062424,0.840375,0.062658,0.680751,0.125316
"{'classifier__C': 16000, 'classifier__gamma': 0.0025, 'classifier__kernel': 'rbf'}",0.838832,0.054123,0.818922,0.056777,0.873077,0.072804,0.674272,0.108921,0.844885,0.055697,0.845999,0.05574,0.691999,0.111481
"{'classifier__C': 16000, 'classifier__gamma': 0.001, 'classifier__kernel': 'rbf'}",0.835934,0.057714,0.816543,0.057596,0.869077,0.075559,0.667913,0.11712,0.841867,0.059431,0.84281,0.059777,0.68562,0.119553
"{'classifier__C': 16000, 'classifier__gamma': 'auto', 'classifier__kernel': 'rbf'}",0.806841,0.067047,0.82093,0.065787,0.781846,0.09119,0.595,0.139111,0.800251,0.070682,0.801388,0.070278,0.602776,0.140556
"{'classifier__C': 16250, 'classifier__gamma': 0.5, 'classifier__kernel': 'rbf'}",0.723956,0.062083,0.768393,0.074306,0.646769,0.070202,0.414896,0.126001,0.703849,0.060473,0.707581,0.060463,0.415162,0.120927
"{'classifier__C': 16250, 'classifier__gamma': 0.25, 'classifier__kernel': 'rbf'}",0.77046,0.039312,0.807135,0.048849,0.706308,0.090752,0.511911,0.085367,0.752756,0.047935,0.756721,0.04563,0.513443,0.09126
"{'classifier__C': 16250, 'classifier__gamma': 0.1, 'classifier__kernel': 'rbf'}",0.789322,0.052897,0.832241,0.063944,0.714462,0.089992,0.550222,0.111859,0.76903,0.057563,0.773351,0.055723,0.546703,0.111446
"{'classifier__C': 16250, 'classifier__gamma': 0.075, 'classifier__kernel': 'rbf'}",0.796633,0.068301,0.811734,0.063199,0.770154,0.105694,0.574027,0.144449,0.789302,0.074181,0.790944,0.073902,0.581887,0.147804
"{'classifier__C': 16250, 'classifier__gamma': 0.05, 'classifier__kernel': 'rbf'}",0.806841,0.067047,0.82093,0.065787,0.781846,0.09119,0.595,0.139111,0.800251,0.070682,0.801388,0.070278,0.602776,0.140556
"{'classifier__C': 16250, 'classifier__gamma': 0.025, 'classifier__kernel': 'rbf'}",0.827153,0.060737,0.834884,0.063499,0.813231,0.074208,0.638996,0.124406,0.823404,0.061925,0.824057,0.061825,0.648114,0.12365
"{'classifier__C': 16250, 'classifier__gamma': 0.01, 'classifier__kernel': 'rbf'}",0.837383,0.058323,0.832664,0.055658,0.845385,0.076414,0.664094,0.120769,0.83856,0.06083,0.839024,0.060956,0.678048,0.121911
"{'classifier__C': 16250, 'classifier__gamma': 0.0075, 'classifier__kernel': 'rbf'}",0.835934,0.05912,0.828118,0.054793,0.849231,0.077319,0.662257,0.122926,0.838237,0.06187,0.838675,0.062031,0.677349,0.124061
"{'classifier__C': 16250, 'classifier__gamma': 0.005, 'classifier__kernel': 'rbf'}",0.835934,0.061215,0.82352,0.060786,0.857231,0.073801,0.664741,0.124263,0.83984,0.062424,0.840375,0.062658,0.680751,0.125316
"{'classifier__C': 16250, 'classifier__gamma': 0.0025, 'classifier__kernel': 'rbf'}",0.838832,0.054123,0.818922,0.056777,0.873077,0.072804,0.674272,0.108921,0.844885,0.055697,0.845999,0.05574,0.691999,0.111481
"{'classifier__C': 16250, 'classifier__gamma': 0.001, 'classifier__kernel': 'rbf'}",0.835934,0.057714,0.816543,0.057596,0.869077,0.075559,0.667913,0.11712,0.841867,0.059431,0.84281,0.059777,0.68562,0.119553
"{'classifier__C': 16250, 'classifier__gamma': 'auto', 'classifier__kernel': 'rbf'}",0.806841,0.067047,0.82093,0.065787,0.781846,0.09119,0.595,0.139111,0.800251,0.070682,0.801388,0.070278,0.602776,0.140556
"{'classifier__C': 16500, 'classifier__gamma': 0.5, 'classifier__kernel': 'rbf'}",0.723956,0.062083,0.768393,0.074306,0.646769,0.070202,0.414896,0.126001,0.703849,0.060473,0.707581,0.060463,0.415162,0.120927
"{'classifier__C': 16500, 'classifier__gamma': 0.25, 'classifier__kernel': 'rbf'}",0.77191,0.037835,0.807135,0.048849,0.710154,0.087577,0.515426,0.081718,0.754903,0.04585,0.758645,0.043691,0.517289,0.087383
"{'classifier__C': 16500, 'classifier__gamma': 0.1, 'classifier__kernel': 'rbf'}",0.789322,0.052897,0.832241,0.063944,0.714462,0.089992,0.550222,0.111859,0.76903,0.057563,0.773351,0.055723,0.546703,0.111446
"{'classifier__C': 16500, 'classifier__gamma': 0.075, 'classifier__kernel': 'rbf'}",0.796633,0.068301,0.811734,0.063199,0.770154,0.105694,0.574027,0.144449,0.789302,0.074181,0.790944,0.073902,0.581887,0.147804
"{'classifier__C': 16500, 'classifier__gamma': 0.05, 'classifier__kernel': 'rbf'}",0.806841,0.067047,0.82093,0.065787,0.781846,0.09119,0.595,0.139111,0.800251,0.070682,0.801388,0.070278,0.602776,0.140556
"{'classifier__C': 16500, 'classifier__gamma': 0.025, 'classifier__kernel': 'rbf'}",0.825703,0.060917,0.834884,0.063499,0.809231,0.075873,0.635478,0.125072,0.821327,0.062344,0.822057,0.062231,0.644114,0.124462
"{'classifier__C': 16500, 'classifier__gamma': 0.01, 'classifier__kernel': 'rbf'}",0.837383,0.058323,0.832664,0.055658,0.845385,0.076414,0.664094,0.120769,0.83856,0.06083,0.839024,0.060956,0.678048,0.121911
"{'classifier__C': 16500, 'classifier__gamma': 0.0075, 'classifier__kernel': 'rbf'}",0.835934,0.05912,0.828118,0.054793,0.849231,0.077319,0.662257,0.122926,0.838237,0.06187,0.838675,0.062031,0.677349,0.124061
"{'classifier__C': 16500, 'classifier__gamma': 0.005, 'classifier__kernel': 'rbf'}",0.835934,0.061215,0.82352,0.060786,0.857231,0.073801,0.664741,0.124263,0.83984,0.062424,0.840375,0.062658,0.680751,0.125316
"{'classifier__C': 16500, 'classifier__gamma': 0.0025, 'classifier__kernel': 'rbf'}",0.838832,0.054123,0.818922,0.056777,0.873077,0.072804,0.674272,0.108921,0.844885,0.055697,0.845999,0.05574,0.691999,0.111481
"{'classifier__C': 16500, 'classifier__gamma': 0.001, 'classifier__kernel': 'rbf'}",0.835934,0.057714,0.816543,0.057596,0.869077,0.075559,0.667913,0.11712,0.841867,0.059431,0.84281,0.059777,0.68562,0.119553
"{'classifier__C': 16500, 'classifier__gamma': 'auto', 'classifier__kernel': 'rbf'}",0.806841,0.067047,0.82093,0.065787,0.781846,0.09119,0.595,0.139111,0.800251,0.070682,0.801388,0.070278,0.602776,0.140556
"{'classifier__C': 16750, 'classifier__gamma': 0.5, 'classifier__kernel': 'rbf'}",0.723956,0.062083,0.768393,0.074306,0.646769,0.070202,0.414896,0.126001,0.703849,0.060473,0.707581,0.060463,0.415162,0.120927
"{'classifier__C': 16750, 'classifier__gamma': 0.25, 'classifier__kernel': 'rbf'}",0.76899,0.037567,0.80481,0.050113,0.706308,0.083979,0.50933,0.079886,0.751856,0.044388,0.755559,0.042403,0.511117,0.084807
"{'classifier__C': 16750, 'classifier__gamma': 0.1, 'classifier__kernel': 'rbf'}",0.789322,0.052897,0.832241,0.063944,0.714462,0.089992,0.550222,0.111859,0.76903,0.057563,0.773351,0.055723,0.546703,0.111446
"{'classifier__C': 16750, 'classifier__gamma': 0.075, 'classifier__kernel': 'rbf'}",0.796633,0.068301,0.811734,0.063199,0.770154,0.105694,0.574027,0.144449,0.789302,0.074181,0.790944,0.073902,0.581887,0.147804
"{'classifier__C': 16750, 'classifier__gamma': 0.05, 'classifier__kernel': 'rbf'}",0.806841,0.064492,0.823203,0.062011,0.777846,0.094628,0.593902,0.135407,0.799099,0.069558,0.800525,0.068818,0.601049,0.137637
"{'classifier__C': 16750, 'classifier__gamma': 0.025, 'classifier__kernel': 'rbf'}",0.825703,0.060917,0.834884,0.063499,0.809231,0.075873,0.635478,0.125072,0.821327,0.062344,0.822057,0.062231,0.644114,0.124462
"{'classifier__C': 16750, 'classifier__gamma': 0.01, 'classifier__kernel': 'rbf'}",0.837383,0.058323,0.832664,0.055658,0.845385,0.076414,0.664094,0.120769,0.83856,0.06083,0.839024,0.060956,0.678048,0.121911
"{'classifier__C': 16750, 'classifier__gamma': 0.0075, 'classifier__kernel': 'rbf'}",0.835934,0.05912,0.828118,0.054793,0.849231,0.077319,0.662257,0.122926,0.838237,0.06187,0.838675,0.062031,0.677349,0.124061
"{'classifier__C': 16750, 'classifier__gamma': 0.005, 'classifier__kernel': 'rbf'}",0.835934,0.061215,0.82352,0.060786,0.857231,0.073801,0.664741,0.124263,0.83984,0.062424,0.840375,0.062658,0.680751,0.125316
"{'classifier__C': 16750, 'classifier__gamma': 0.0025, 'classifier__kernel': 'rbf'}",0.837383,0.052279,0.818922,0.056777,0.869077,0.071198,0.670886,0.104897,0.842875,0.053466,0.843999,0.053561,0.687999,0.107123
"{'classifier__C': 16750, 'classifier__gamma': 0.001, 'classifier__kernel': 'rbf'}",0.835934,0.057714,0.816543,0.057596,0.869077,0.075559,0.667913,0.11712,0.841867,0.059431,0.84281,0.059777,0.68562,0.119553
"{'classifier__C': 16750, 'classifier__gamma': 'auto', 'classifier__kernel': 'rbf'}",0.806841,0.064492,0.823203,0.062011,0.777846,0.094628,0.593902,0.135407,0.799099,0.069558,0.800525,0.068818,0.601049,0.137637
"{'classifier__C': 17000, 'classifier__gamma': 0.5, 'classifier__kernel': 'rbf'}",0.723956,0.062083,0.768393,0.074306,0.646769,0.070202,0.414896,0.126001,0.703849,0.060473,0.707581,0.060463,0.415162,0.120927
"{'classifier__C': 17000, 'classifier__gamma': 0.25, 'classifier__kernel': 'rbf'}",0.76899,0.037567,0.80481,0.050113,0.706308,0.083979,0.50933,0.079886,0.751856,0.044388,0.755559,0.042403,0.511117,0.084807
"{'classifier__C': 17000, 'classifier__gamma': 0.1, 'classifier__kernel': 'rbf'}",0.786402,0.050433,0.829968,0.060685,0.710462,0.085078,0.543461,0.105918,0.766036,0.054974,0.770215,0.053069,0.54043,0.106137
"{'classifier__C': 17000, 'classifier__gamma': 0.075, 'classifier__kernel': 'rbf'}",0.796633,0.068301,0.811734,0.063199,0.770154,0.105694,0.574027,0.144449,0.789302,0.074181,0.790944,0.073902,0.581887,0.147804
"{'classifier__C': 17000, 'classifier__gamma': 0.05, 'classifier__kernel': 'rbf'}",0.806841,0.064492,0.823203,0.062011,0.777846,0.094628,0.593902,0.135407,0.799099,0.069558,0.800525,0.068818,0.601049,0.137637
"{'classifier__C': 17000, 'classifier__gamma': 0.025, 'classifier__kernel': 'rbf'}",0.825703,0.060917,0.834884,0.063499,0.809231,0.075873,0.635478,0.125072,0.821327,0.062344,0.822057,0.062231,0.644114,0.124462
"{'classifier__C': 17000, 'classifier__gamma': 0.01, 'classifier__kernel': 'rbf'}",0.837383,0.058323,0.832664,0.055658,0.845385,0.076414,0.664094,0.120769,0.83856,0.06083,0.839024,0.060956,0.678048,0.121911
"{'classifier__C': 17000, 'classifier__gamma': 0.0075, 'classifier__kernel': 'rbf'}",0.835934,0.05912,0.828118,0.054793,0.849231,0.077319,0.662257,0.122926,0.838237,0.06187,0.838675,0.062031,0.677349,0.124061
"{'classifier__C': 17000, 'classifier__gamma': 0.005, 'classifier__kernel': 'rbf'}",0.835934,0.061215,0.82352,0.060786,0.857231,0.073801,0.664741,0.124263,0.83984,0.062424,0.840375,0.062658,0.680751,0.125316
"{'classifier__C': 17000, 'classifier__gamma': 0.0025, 'classifier__kernel': 'rbf'}",0.837383,0.052279,0.818922,0.056777,0.869077,0.071198,0.670886,0.104897,0.842875,0.053466,0.843999,0.053561,0.687999,0.107123
"{'classifier__C': 17000, 'classifier__gamma': 0.001, 'classifier__kernel': 'rbf'}",0.835934,0.057714,0.816543,0.057596,0.869077,0.075559,0.667913,0.11712,0.841867,0.059431,0.84281,0.059777,0.68562,0.119553
"{'classifier__C': 17000, 'classifier__gamma': 'auto', 'classifier__kernel': 'rbf'}",0.806841,0.064492,0.823203,0.062011,0.777846,0.094628,0.593902,0.135407,0.799099,0.069558,0.800525,0.068818,0.601049,0.137637
"{'classifier__C': 17250, 'classifier__gamma': 0.5, 'classifier__kernel': 'rbf'}",0.723956,0.062083,0.768393,0.074306,0.646769,0.070202,0.414896,0.126001,0.703849,0.060473,0.707581,0.060463,0.415162,0.120927
"{'classifier__C': 17250, 'classifier__gamma': 0.25, 'classifier__kernel': 'rbf'}",0.76899,0.037567,0.80481,0.050113,0.706308,0.083979,0.50933,0.079886,0.751856,0.044388,0.755559,0.042403,0.511117,0.084807
"{'classifier__C': 17250, 'classifier__gamma': 0.1, 'classifier__kernel': 'rbf'}",0.786424,0.051221,0.830021,0.058843,0.710462,0.085078,0.543018,0.107619,0.766203,0.056331,0.770241,0.054281,0.540483,0.108563
"{'classifier__C': 17250, 'classifier__gamma': 0.075, 'classifier__kernel': 'rbf'}",0.796633,0.068301,0.809461,0.063335,0.774154,0.105991,0.575067,0.14445,0.790219,0.074222,0.791807,0.073926,0.583615,0.147851
"{'classifier__C': 17250, 'classifier__gamma': 0.05, 'classifier__kernel': 'rbf'}",0.806841,0.064492,0.823203,0.062011,0.777846,0.094628,0.593902,0.135407,0.799099,0.069558,0.800525,0.068818,0.601049,0.137637
"{'classifier__C': 17250, 'classifier__gamma': 0.025, 'classifier__kernel': 'rbf'}",0.825703,0.060917,0.834884,0.063499,0.809231,0.075873,0.635478,0.125072,0.821327,0.062344,0.822057,0.062231,0.644114,0.124462
"{'classifier__C': 17250, 'classifier__gamma': 0.01, 'classifier__kernel': 'rbf'}",0.837383,0.058323,0.832664,0.055658,0.845385,0.076414,0.664094,0.120769,0.83856,0.06083,0.839024,0.060956,0.678048,0.121911
"{'classifier__C': 17250, 'classifier__gamma': 0.0075, 'classifier__kernel': 'rbf'}",0.835934,0.05912,0.828118,0.054793,0.849231,0.077319,0.662257,0.122926,0.838237,0.06187,0.838675,0.062031,0.677349,0.124061
"{'classifier__C': 17250, 'classifier__gamma': 0.005, 'classifier__kernel': 'rbf'}",0.835934,0.061215,0.82352,0.060786,0.857231,0.073801,0.664741,0.124263,0.83984,0.062424,0.840375,0.062658,0.680751,0.125316
"{'classifier__C': 17250, 'classifier__gamma': 0.0025, 'classifier__kernel': 'rbf'}",0.837383,0.052279,0.818922,0.056777,0.869077,0.071198,0.670886,0.104897,0.842875,0.053466,0.843999,0.053561,0.687999,0.107123
"{'classifier__C': 17250, 'classifier__gamma': 0.001, 'classifier__kernel': 'rbf'}",0.837383,0.054637,0.816543,0.057596,0.873077,0.070572,0.671723,0.109534,0.843737,0.055741,0.84481,0.055872,0.68962,0.111743
"{'classifier__C': 17250, 'classifier__gamma': 'auto', 'classifier__kernel': 'rbf'}",0.806841,0.064492,0.823203,0.062011,0.777846,0.094628,0.593902,0.135407,0.799099,0.069558,0.800525,0.068818,0.601049,0.137637
"{'classifier__C': 17500, 'classifier__gamma': 0.5, 'classifier__kernel': 'rbf'}",0.722506,0.062891,0.766121,0.075176,0.646769,0.070202,0.412412,0.127547,0.702824,0.061107,0.706445,0.061168,0.41289,0.122335
"{'classifier__C': 17500, 'classifier__gamma': 0.25, 'classifier__kernel': 'rbf'}",0.76899,0.037567,0.80481,0.050113,0.706308,0.083979,0.50933,0.079886,0.751856,0.044388,0.755559,0.042403,0.511117,0.084807
"{'classifier__C': 17500, 'classifier__gamma': 0.1, 'classifier__kernel': 'rbf'}",0.786424,0.051221,0.830021,0.058843,0.710462,0.085078,0.543018,0.107619,0.766203,0.056331,0.770241,0.054281,0.540483,0.108563
"{'classifier__C': 17500, 'classifier__gamma': 0.075, 'classifier__kernel': 'rbf'}",0.793713,0.06733,0.809461,0.063335,0.766308,0.101861,0.567958,0.141794,0.786319,0.072601,0.787884,0.072338,0.575769,0.144676
"{'classifier__C': 17500, 'classifier__gamma': 0.05, 'classifier__kernel': 'rbf'}",0.805371,0.063586,0.820877,0.061878,0.777846,0.094628,0.591367,0.133637,0.797898,0.068623,0.799362,0.06792,0.598724,0.135839
"{'classifier__C': 17500, 'classifier__gamma': 0.025, 'classifier__kernel': 'rbf'}",0.825703,0.061603,0.834831,0.066888,0.809231,0.075873,0.635921,0.125728,0.821174,0.062436,0.822031,0.06233,0.644062,0.12466
"{'classifier__C': 17500, 'classifier__gamma': 0.01, 'classifier__kernel': 'rbf'}",0.837383,0.058323,0.832664,0.055658,0.845385,0.076414,0.664094,0.120769,0.83856,0.06083,0.839024,0.060956,0.678048,0.121911
"{'classifier__C': 17500, 'classifier__gamma': 0.0075, 'classifier__kernel': 'rbf'}",0.835934,0.05912,0.828118,0.054793,0.849231,0.077319,0.662257,0.122926,0.838237,0.06187,0.838675,0.062031,0.677349,0.124061
"{'classifier__C': 17500, 'classifier__gamma': 0.005, 'classifier__kernel': 'rbf'}",0.835934,0.061215,0.82352,0.060786,0.857231,0.073801,0.664741,0.124263,0.83984,0.062424,0.840375,0.062658,0.680751,0.125316
"{'classifier__C': 17500, 'classifier__gamma': 0.0025, 'classifier__kernel': 'rbf'}",0.838832,0.054123,0.821195,0.060663,0.869077,0.071198,0.673797,0.108308,0.843986,0.054628,0.845136,0.054729,0.690271,0.109459
"{'classifier__C': 17500, 'classifier__gamma': 0.001, 'classifier__kernel': 'rbf'}",0.838832,0.054123,0.818816,0.058063,0.873077,0.070572,0.674334,0.108219,0.844853,0.055144,0.845946,0.055246,0.691893,0.110491
"{'classifier__C': 17500, 'classifier__gamma': 'auto', 'classifier__kernel': 'rbf'}",0.805371,0.063586,0.820877,0.061878,0.777846,0.094628,0.591367,0.133637,0.797898,0.068623,0.799362,0.06792,0.598724,0.135839
"{'classifier__C': 17750, 'classifier__gamma': 0.5, 'classifier__kernel': 'rbf'}",0.722506,0.062891,0.766121,0.075176,0.646769,0.070202,0.412412,0.127547,0.702824,0.061107,0.706445,0.061168,0.41289,0.122335
"{'classifier__C': 17750, 'classifier__gamma': 0.25, 'classifier__kernel': 'rbf'}",0.76899,0.037567,0.80481,0.050113,0.706308,0.083979,0.50933,0.079886,0.751856,0.044388,0.755559,0.042403,0.511117,0.084807
"{'classifier__C': 17750, 'classifier__gamma': 0.1, 'classifier__kernel': 'rbf'}",0.784974,0.05069,0.827748,0.057034,0.710462,0.085078,0.540034,0.106848,0.765202,0.056231,0.769105,0.054117,0.53821,0.108235
"{'classifier__C': 17750, 'classifier__gamma': 0.075, 'classifier__kernel': 'rbf'}",0.793713,0.06733,0.809461,0.063335,0.766308,0.101861,0.567958,0.141794,0.786319,0.072601,0.787884,0.072338,0.575769,0.144676
"{'classifier__C': 17750, 'classifier__gamma': 0.05, 'classifier__kernel': 'rbf'}",0.80682,0.063214,0.820877,0.061878,0.781846,0.09119,0.594887,0.132319,0.800091,0.067598,0.801362,0.067033,0.602724,0.134066
"{'classifier__C': 17750, 'classifier__gamma': 0.025, 'classifier__kernel': 'rbf'}",0.825703,0.061603,0.834831,0.066888,0.809231,0.075873,0.635921,0.125728,0.821174,0.062436,0.822031,0.06233,0.644062,0.12466
"{'classifier__C': 17750, 'classifier__gamma': 0.01, 'classifier__kernel': 'rbf'}",0.837383,0.058323,0.832664,0.055658,0.845385,0.076414,0.664094,0.120769,0.83856,0.06083,0.839024,0.060956,0.678048,0.121911
"{'classifier__C': 17750, 'classifier__gamma': 0.0075, 'classifier__kernel': 'rbf'}",0.835934,0.05912,0.828118,0.054793,0.849231,0.077319,0.662257,0.122926,0.838237,0.06187,0.838675,0.062031,0.677349,0.124061
"{'classifier__C': 17750, 'classifier__gamma': 0.005, 'classifier__kernel': 'rbf'}",0.835934,0.058405,0.82352,0.056378,0.857231,0.073801,0.664558,0.12,0.839839,0.060219,0.840375,0.060502,0.680751,0.121004
"{'classifier__C': 17750, 'classifier__gamma': 0.0025, 'classifier__kernel': 'rbf'}",0.838832,0.054123,0.821195,0.060663,0.869077,0.071198,0.673797,0.108308,0.843986,0.054628,0.845136,0.054729,0.690271,0.109459
"{'classifier__C': 17750, 'classifier__gamma': 0.001, 'classifier__kernel': 'rbf'}",0.838832,0.054123,0.818816,0.058063,0.873077,0.070572,0.674334,0.108219,0.844853,0.055144,0.845946,0.055246,0.691893,0.110491
"{'classifier__C': 17750, 'classifier__gamma': 'auto', 'classifier__kernel': 'rbf'}",0.80682,0.063214,0.820877,0.061878,0.781846,0.09119,0.594887,0.132319,0.800091,0.067598,0.801362,0.067033,0.602724,0.134066
"{'classifier__C': 18000, 'classifier__gamma': 0.5, 'classifier__kernel': 'rbf'}",0.722506,0.062891,0.766121,0.075176,0.646769,0.070202,0.412412,0.127547,0.702824,0.061107,0.706445,0.061168,0.41289,0.122335
"{'classifier__C': 18000, 'classifier__gamma': 0.25, 'classifier__kernel': 'rbf'}",0.76899,0.037567,0.80481,0.050113,0.706308,0.083979,0.50933,0.079886,0.751856,0.044388,0.755559,0.042403,0.511117,0.084807
"{'classifier__C': 18000, 'classifier__gamma': 0.1, 'classifier__kernel': 'rbf'}",0.784974,0.05069,0.827748,0.057034,0.710462,0.085078,0.540034,0.106848,0.765202,0.056231,0.769105,0.054117,0.53821,0.108235
"{'classifier__C': 18000, 'classifier__gamma': 0.075, 'classifier__kernel': 'rbf'}",0.793713,0.06733,0.809461,0.063335,0.766308,0.101861,0.567958,0.141794,0.786319,0.072601,0.787884,0.072338,0.575769,0.144676
"{'classifier__C': 18000, 'classifier__gamma': 0.05, 'classifier__kernel': 'rbf'}",0.80682,0.063214,0.820877,0.061878,0.781846,0.09119,0.594887,0.132319,0.800091,0.067598,0.801362,0.067033,0.602724,0.134066
"{'classifier__C': 18000, 'classifier__gamma': 0.025, 'classifier__kernel': 'rbf'}",0.822805,0.062533,0.832558,0.067029,0.805385,0.076822,0.629783,0.127875,0.818133,0.063457,0.818971,0.063386,0.637943,0.126771
"{'classifier__C': 18000, 'classifier__gamma': 0.01, 'classifier__kernel': 'rbf'}",0.837383,0.058323,0.832664,0.055658,0.845385,0.076414,0.664094,0.120769,0.83856,0.06083,0.839024,0.060956,0.678048,0.121911
"{'classifier__C': 18000, 'classifier__gamma': 0.0075, 'classifier__kernel': 'rbf'}",0.835934,0.05912,0.828118,0.054793,0.849231,0.077319,0.662257,0.122926,0.838237,0.06187,0.838675,0.062031,0.677349,0.124061
"{'classifier__C': 18000, 'classifier__gamma': 0.005, 'classifier__kernel': 'rbf'}",0.835934,0.058405,0.82352,0.056378,0.857231,0.073801,0.664558,0.12,0.839839,0.060219,0.840375,0.060502,0.680751,0.121004
"{'classifier__C': 18000, 'classifier__gamma': 0.0025, 'classifier__kernel': 'rbf'}",0.837361,0.053517,0.818869,0.061338,0.869077,0.071198,0.671456,0.106931,0.842714,0.053825,0.843973,0.053946,0.687946,0.107892
"{'classifier__C': 18000, 'classifier__gamma': 0.001, 'classifier__kernel': 'rbf'}",0.838832,0.054123,0.818816,0.058063,0.873077,0.070572,0.674334,0.108219,0.844853,0.055144,0.845946,0.055246,0.691893,0.110491
"{'classifier__C': 18000, 'classifier__gamma': 'auto', 'classifier__kernel': 'rbf'}",0.80682,0.063214,0.820877,0.061878,0.781846,0.09119,0.594887,0.132319,0.800091,0.067598,0.801362,0.067033,0.602724,0.134066
"{'classifier__C': 18250, 'classifier__gamma': 0.5, 'classifier__kernel': 'rbf'}",0.722506,0.062891,0.766121,0.075176,0.646769,0.070202,0.412412,0.127547,0.702824,0.061107,0.706445,0.061168,0.41289,0.122335
"{'classifier__C': 18250, 'classifier__gamma': 0.25, 'classifier__kernel': 'rbf'}",0.76899,0.037567,0.80481,0.050113,0.706308,0.083979,0.50933,0.079886,0.751856,0.044388,0.755559,0.042403,0.511117,0.084807
"{'classifier__C': 18250, 'classifier__gamma': 0.1, 'classifier__kernel': 'rbf'}",0.784953,0.05155,0.825423,0.056119,0.714462,0.089992,0.540701,0.109407,0.766151,0.058233,0.769942,0.055987,0.539884,0.111975
"{'classifier__C': 18250, 'classifier__gamma': 0.075, 'classifier__kernel': 'rbf'}",0.792263,0.064857,0.807188,0.060041,0.766308,0.101861,0.565234,0.137178,0.785168,0.070625,0.786748,0.070403,0.573496,0.140806
"{'classifier__C': 18250, 'classifier__gamma': 0.05, 'classifier__kernel': 'rbf'}",0.805371,0.063254,0.818605,0.061517,0.781846,0.09119,0.592227,0.132536,0.799003,0.067687,0.800225,0.067135,0.600451,0.13427
"{'classifier__C': 18250, 'classifier__gamma': 0.025, 'classifier__kernel': 'rbf'}",0.825703,0.061603,0.832558,0.067029,0.813231,0.074208,0.636828,0.12547,0.822135,0.062167,0.822894,0.062085,0.645789,0.124169
"{'classifier__C': 18250, 'classifier__gamma': 0.01, 'classifier__kernel': 'rbf'}",0.837383,0.058323,0.832664,0.055658,0.845385,0.076414,0.664094,0.120769,0.83856,0.06083,0.839024,0.060956,0.678048,0.121911
"{'classifier__C': 18250, 'classifier__gamma': 0.0075, 'classifier__kernel': 'rbf'}",0.834463,0.058122,0.825793,0.054851,0.849231,0.077319,0.659842,0.120973,0.836983,0.060794,0.837512,0.060997,0.675024,0.121994
"{'classifier__C': 18250, 'classifier__gamma': 0.005, 'classifier__kernel': 'rbf'}",0.835934,0.058405,0.82352,0.056378,0.857231,0.073801,0.664558,0.12,0.839839,0.060219,0.840375,0.060502,0.680751,0.121004
"{'classifier__C': 18250, 'classifier__gamma': 0.0025, 'classifier__kernel': 'rbf'}",0.837361,0.053517,0.818869,0.061338,0.869077,0.071198,0.671456,0.106931,0.842714,0.053825,0.843973,0.053946,0.687946,0.107892
"{'classifier__C': 18250, 'classifier__gamma': 0.001, 'classifier__kernel': 'rbf'}",0.837383,0.054251,0.816543,0.058486,0.873077,0.070572,0.671907,0.108404,0.843666,0.05518,0.84481,0.055286,0.68962,0.110572
"{'classifier__C': 18250, 'classifier__gamma': 'auto', 'classifier__kernel': 'rbf'}",0.805371,0.063254,0.818605,0.061517,0.781846,0.09119,0.592227,0.132536,0.799003,0.067687,0.800225,0.067135,0.600451,0.13427
"{'classifier__C': 18500, 'classifier__gamma': 0.5, 'classifier__kernel': 'rbf'}",0.723977,0.064694,0.766121,0.075176,0.650769,0.075221,0.415945,0.131924,0.704952,0.063936,0.708445,0.063766,0.41689,0.127532
"{'classifier__C': 18500, 'classifier__gamma': 0.25, 'classifier__kernel': 'rbf'}",0.770439,0.038336,0.807082,0.053153,0.706308,0.083979,0.51237,0.080787,0.752828,0.0443,0.756695,0.04244,0.51339,0.08488
"{'classifier__C': 18500, 'classifier__gamma': 0.1, 'classifier__kernel': 'rbf'}",0.782055,0.052807,0.820877,0.058319,0.714462,0.089992,0.535512,0.111566,0.764021,0.058889,0.767669,0.056837,0.535339,0.113673
"{'classifier__C': 18500, 'classifier__gamma': 0.075, 'classifier__kernel': 'rbf'}",0.792263,0.064857,0.807188,0.060041,0.766308,0.101861,0.565234,0.137178,0.785168,0.070625,0.786748,0.070403,0.573496,0.140806
"{'classifier__C': 18500, 'classifier__gamma': 0.05, 'classifier__kernel': 'rbf'}",0.803922,0.063592,0.818605,0.061517,0.777846,0.091183,0.588613,0.133314,0.796983,0.067996,0.798225,0.067477,0.596451,0.134954
"{'classifier__C': 18500, 'classifier__gamma': 0.025, 'classifier__kernel': 'rbf'}",0.825703,0.061603,0.832558,0.067029,0.813231,0.074208,0.636828,0.12547,0.822135,0.062167,0.822894,0.062085,0.645789,0.124169
"{'classifier__C': 18500, 'classifier__gamma': 0.01, 'classifier__kernel': 'rbf'}",0.837383,0.058323,0.832664,0.055658,0.845385,0.076414,0.664094,0.120769,0.83856,0.06083,0.839024,0.060956,0.678048,0.121911
"{'classifier__C': 18500, 'classifier__gamma': 0.0075, 'classifier__kernel': 'rbf'}",0.834463,0.058122,0.825793,0.054851,0.849231,0.077319,0.659842,0.120973,0.836983,0.060794,0.837512,0.060997,0.675024,0.121994
"{'classifier__C': 18500, 'classifier__gamma': 0.005, 'classifier__kernel': 'rbf'}",0.834484,0.05881,0.821247,0.057901,0.857231,0.073801,0.662201,0.12044,0.838635,0.060391,0.839239,0.060648,0.678478,0.121295
"{'classifier__C': 18500, 'classifier__gamma': 0.0025, 'classifier__kernel': 'rbf'}",0.837361,0.053517,0.818869,0.061338,0.869077,0.071198,0.671456,0.106931,0.842714,0.053825,0.843973,0.053946,0.687946,0.107892
"{'classifier__C': 18500, 'classifier__gamma': 0.001, 'classifier__kernel': 'rbf'}",0.837383,0.054251,0.816543,0.058486,0.873077,0.070572,0.671907,0.108404,0.843666,0.05518,0.84481,0.055286,0.68962,0.110572
"{'classifier__C': 18500, 'classifier__gamma': 'auto', 'classifier__kernel': 'rbf'}",0.803922,0.063592,0.818605,0.061517,0.777846,0.091183,0.588613,0.133314,0.796983,0.067996,0.798225,0.067477,0.596451,0.134954
"{'classifier__C': 18750, 'classifier__gamma': 0.5, 'classifier__kernel': 'rbf'}",0.723977,0.064694,0.766121,0.075176,0.650769,0.075221,0.415945,0.131924,0.704952,0.063936,0.708445,0.063766,0.41689,0.127532
"{'classifier__C': 18750, 'classifier__gamma': 0.25, 'classifier__kernel': 'rbf'}",0.766049,0.037721,0.804757,0.055302,0.698462,0.081443,0.502828,0.078322,0.747492,0.042551,0.751609,0.040672,0.503218,0.081344
"{'classifier__C': 18750, 'classifier__gamma': 0.1, 'classifier__kernel': 'rbf'}",0.782055,0.052807,0.820877,0.058319,0.714462,0.089992,0.535512,0.111566,0.764021,0.058889,0.767669,0.056837,0.535339,0.113673
"{'classifier__C': 18750, 'classifier__gamma': 0.075, 'classifier__kernel': 'rbf'}",0.792263,0.064857,0.807188,0.060041,0.766308,0.101861,0.565234,0.137178,0.785168,0.070625,0.786748,0.070403,0.573496,0.140806
"{'classifier__C': 18750, 'classifier__gamma': 0.05, 'classifier__kernel': 'rbf'}",0.803922,0.063592,0.818605,0.061517,0.777846,0.091183,0.588613,0.133314,0.796983,0.067996,0.798225,0.067477,0.596451,0.134954
"{'classifier__C': 18750, 'classifier__gamma': 0.025, 'classifier__kernel': 'rbf'}",0.825703,0.061603,0.832558,0.067029,0.813231,0.074208,0.636828,0.12547,0.822135,0.062167,0.822894,0.062085,0.645789,0.124169
"{'classifier__C': 18750, 'classifier__gamma': 0.01, 'classifier__kernel': 'rbf'}",0.838832,0.057842,0.834937,0.056408,0.845385,0.076414,0.666852,0.119492,0.839634,0.060222,0.840161,0.060329,0.680321,0.120657
"{'classifier__C': 18750, 'classifier__gamma': 0.0075, 'classifier__kernel': 'rbf'}",0.834463,0.058122,0.825793,0.054851,0.849231,0.077319,0.659842,0.120973,0.836983,0.060794,0.837512,0.060997,0.675024,0.121994
"{'classifier__C': 18750, 'classifier__gamma': 0.005, 'classifier__kernel': 'rbf'}",0.834484,0.05881,0.821247,0.057901,0.857231,0.073801,0.662201,0.12044,0.838635,0.060391,0.839239,0.060648,0.678478,0.121295
"{'classifier__C': 18750, 'classifier__gamma': 0.0025, 'classifier__kernel': 'rbf'}",0.837361,0.053517,0.818869,0.061338,0.869077,0.071198,0.671456,0.106931,0.842714,0.053825,0.843973,0.053946,0.687946,0.107892
"{'classifier__C': 18750, 'classifier__gamma': 0.001, 'classifier__kernel': 'rbf'}",0.840281,0.053172,0.818869,0.057871,0.877077,0.067378,0.677971,0.105714,0.846859,0.053762,0.847973,0.05382,0.695946,0.107639
"{'classifier__C': 18750, 'classifier__gamma': 'auto', 'classifier__kernel': 'rbf'}",0.803922,0.063592,0.818605,0.061517,0.777846,0.091183,0.588613,0.133314,0.796983,0.067996,0.798225,0.067477,0.596451,0.134954
"{'classifier__C': 19000, 'classifier__gamma': 0.5, 'classifier__kernel': 'rbf'}",0.722506,0.064587,0.763795,0.076172,0.650769,0.075221,0.413508,0.131449,0.703799,0.063541,0.707282,0.063429,0.414564,0.126859
"{'classifier__C': 19000, 'classifier__gamma': 0.25, 'classifier__kernel': 'rbf'}",0.767498,0.039138,0.80703,0.058955,0.698462,0.081443,0.506016,0.080782,0.748451,0.042776,0.752746,0.041136,0.505491,0.082271
"{'classifier__C': 19000, 'classifier__gamma': 0.1, 'classifier__kernel': 'rbf'}",0.782055,0.052807,0.820877,0.058319,0.714462,0.089992,0.535512,0.111566,0.764021,0.058889,0.767669,0.056837,0.535339,0.113673
"{'classifier__C': 19000, 'classifier__gamma': 0.075, 'classifier__kernel': 'rbf'}",0.792263,0.064857,0.807188,0.060041,0.766308,0.101861,0.565234,0.137178,0.785168,0.070625,0.786748,0.070403,0.573496,0.140806
"{'classifier__C': 19000, 'classifier__gamma': 0.05, 'classifier__kernel': 'rbf'}",0.803922,0.063592,0.818605,0.061517,0.777846,0.091183,0.588613,0.133314,0.796983,0.067996,0.798225,0.067477,0.596451,0.134954
"{'classifier__C': 19000, 'classifier__gamma': 0.025, 'classifier__kernel': 'rbf'}",0.824254,0.062759,0.830285,0.069364,0.813231,0.074208,0.634442,0.127211,0.82097,0.062933,0.821758,0.062842,0.643516,0.125685
"{'classifier__C': 19000, 'classifier__gamma': 0.01, 'classifier__kernel': 'rbf'}",0.838832,0.057842,0.834937,0.056408,0.845385,0.076414,0.666852,0.119492,0.839634,0.060222,0.840161,0.060329,0.680321,0.120657
"{'classifier__C': 19000, 'classifier__gamma': 0.0075, 'classifier__kernel': 'rbf'}",0.834463,0.058122,0.825793,0.054851,0.849231,0.077319,0.659842,0.120973,0.836983,0.060794,0.837512,0.060997,0.675024,0.121994
"{'classifier__C': 19000, 'classifier__gamma': 0.005, 'classifier__kernel': 'rbf'}",0.834484,0.05881,0.821247,0.057901,0.857231,0.073801,0.662201,0.12044,0.838635,0.060391,0.839239,0.060648,0.678478,0.121295
"{'classifier__C': 19000, 'classifier__gamma': 0.0025, 'classifier__kernel': 'rbf'}",0.837361,0.056197,0.818869,0.061338,0.869077,0.071198,0.671164,0.112956,0.842921,0.056436,0.843973,0.056819,0.687946,0.113637
"{'classifier__C': 19000, 'classifier__gamma': 0.001, 'classifier__kernel': 'rbf'}",0.840281,0.053172,0.818869,0.057871,0.877077,0.067378,0.677971,0.105714,0.846859,0.053762,0.847973,0.05382,0.695946,0.107639
"{'classifier__C': 19000, 'classifier__gamma': 'auto', 'classifier__kernel': 'rbf'}",0.803922,0.063592,0.818605,0.061517,0.777846,0.091183,0.588613,0.133314,0.796983,0.067996,0.798225,0.067477,0.596451,0.134954
"{'classifier__C': 19250, 'classifier__gamma': 0.5, 'classifier__kernel': 'rbf'}",0.722506,0.064587,0.763795,0.076172,0.650769,0.075221,0.413508,0.131449,0.703799,0.063541,0.707282,0.063429,0.414564,0.126859
"{'classifier__C': 19250, 'classifier__gamma': 0.25, 'classifier__kernel': 'rbf'}",0.767498,0.039138,0.80703,0.058955,0.698462,0.081443,0.506016,0.080782,0.748451,0.042776,0.752746,0.041136,0.505491,0.082271
"{'classifier__C': 19250, 'classifier__gamma': 0.1, 'classifier__kernel': 'rbf'}",0.783504,0.050981,0.820877,0.058319,0.718308,0.088122,0.539084,0.107435,0.766043,0.056885,0.769593,0.054769,0.539185,0.109538
"{'classifier__C': 19250, 'classifier__gamma': 0.075, 'classifier__kernel': 'rbf'}",0.789365,0.061918,0.804915,0.057372,0.762308,0.104355,0.559199,0.132019,0.781752,0.068587,0.783612,0.068332,0.567223,0.136664
"{'classifier__C': 19250, 'classifier__gamma': 0.05, 'classifier__kernel': 'rbf'}",0.805371,0.063586,0.820877,0.061878,0.777846,0.091183,0.591274,0.133171,0.798071,0.067939,0.799362,0.067409,0.598724,0.134818
"{'classifier__C': 19250, 'classifier__gamma': 0.025, 'classifier__kernel': 'rbf'}",0.824254,0.062759,0.830285,0.069364,0.813231,0.074208,0.634442,0.127211,0.82097,0.062933,0.821758,0.062842,0.643516,0.125685
"{'classifier__C': 19250, 'classifier__gamma': 0.01, 'classifier__kernel': 'rbf'}",0.838832,0.057842,0.834937,0.056408,0.845385,0.076414,0.666852,0.119492,0.839634,0.060222,0.840161,0.060329,0.680321,0.120657
"{'classifier__C': 19250, 'classifier__gamma': 0.0075, 'classifier__kernel': 'rbf'}",0.834463,0.058122,0.825793,0.054851,0.849231,0.077319,0.659842,0.120973,0.836983,0.060794,0.837512,0.060997,0.675024,0.121994
"{'classifier__C': 19250, 'classifier__gamma': 0.005, 'classifier__kernel': 'rbf'}",0.834484,0.05881,0.821247,0.057901,0.857231,0.073801,0.662201,0.12044,0.838635,0.060391,0.839239,0.060648,0.678478,0.121295
"{'classifier__C': 19250, 'classifier__gamma': 0.0025, 'classifier__kernel': 'rbf'}",0.838811,0.058278,0.818869,0.061338,0.873077,0.072804,0.674475,0.117428,0.844956,0.058967,0.845973,0.059263,0.691946,0.118526
"{'classifier__C': 19250, 'classifier__gamma': 0.001, 'classifier__kernel': 'rbf'}",0.838832,0.053734,0.818869,0.057871,0.873077,0.072804,0.674454,0.107776,0.844782,0.055135,0.845973,0.05516,0.691946,0.11032
"{'classifier__C': 19250, 'classifier__gamma': 'auto', 'classifier__kernel': 'rbf'}",0.805371,0.063586,0.820877,0.061878,0.777846,0.091183,0.591274,0.133171,0.798071,0.067939,0.799362,0.067409,0.598724,0.134818
"{'classifier__C': 19500, 'classifier__gamma': 0.5, 'classifier__kernel': 'rbf'}",0.721057,0.063041,0.761522,0.072029,0.650769,0.075221,0.410255,0.128454,0.70287,0.063092,0.706146,0.06267,0.412291,0.12534
"{'classifier__C': 19500, 'classifier__gamma': 0.25, 'classifier__kernel': 'rbf'}",0.770418,0.03949,0.811628,0.058498,0.698615,0.08621,0.511499,0.082474,0.750454,0.044837,0.755122,0.042446,0.510243,0.084893
"{'classifier__C': 19500, 'classifier__gamma': 0.1, 'classifier__kernel': 'rbf'}",0.780605,0.047977,0.818605,0.055196,0.714308,0.090642,0.532738,0.10197,0.762656,0.055232,0.766456,0.05287,0.532912,0.105741
"{'classifier__C': 19500, 'classifier__gamma': 0.075, 'classifier__kernel': 'rbf'}",0.790814,0.064244,0.807188,0.060041,0.762308,0.104355,0.561821,0.136237,0.782918,0.070511,0.784748,0.070191,0.569496,0.140383
"{'classifier__C': 19500, 'classifier__gamma': 0.05, 'classifier__kernel': 'rbf'}",0.80682,0.063876,0.82315,0.06298,0.777846,0.091183,0.594032,0.133526,0.799144,0.068037,0.800498,0.067514,0.600996,0.135027
"{'classifier__C': 19500, 'classifier__gamma': 0.025, 'classifier__kernel': 'rbf'}",0.821355,0.060214,0.82574,0.065429,0.813231,0.074208,0.628909,0.122561,0.818733,0.060987,0.819485,0.060912,0.638971,0.121823
"{'classifier__C': 19500, 'classifier__gamma': 0.01, 'classifier__kernel': 'rbf'}",0.838832,0.057842,0.834937,0.056408,0.845385,0.076414,0.666852,0.119492,0.839634,0.060222,0.840161,0.060329,0.680321,0.120657
"{'classifier__C': 19500, 'classifier__gamma': 0.0075, 'classifier__kernel': 'rbf'}",0.834463,0.058122,0.825793,0.054851,0.849231,0.077319,0.659842,0.120973,0.836983,0.060794,0.837512,0.060997,0.675024,0.121994
"{'classifier__C': 19500, 'classifier__gamma': 0.005, 'classifier__kernel': 'rbf'}",0.834484,0.05881,0.821247,0.057901,0.857231,0.073801,0.662201,0.12044,0.838635,0.060391,0.839239,0.060648,0.678478,0.121295
"{'classifier__C': 19500, 'classifier__gamma': 0.0025, 'classifier__kernel': 'rbf'}",0.838811,0.058278,0.818869,0.061338,0.873077,0.072804,0.674475,0.117428,0.844956,0.058967,0.845973,0.059263,0.691946,0.118526
"{'classifier__C': 19500, 'classifier__gamma': 0.001, 'classifier__kernel': 'rbf'}",0.838832,0.053734,0.818869,0.057871,0.873077,0.072804,0.674454,0.107776,0.844782,0.055135,0.845973,0.05516,0.691946,0.11032
"{'classifier__C': 19500, 'classifier__gamma': 'auto', 'classifier__kernel': 'rbf'}",0.80682,0.063876,0.82315,0.06298,0.777846,0.091183,0.594032,0.133526,0.799144,0.068037,0.800498,0.067514,0.600996,0.135027
"{'classifier__C': 19750, 'classifier__gamma': 0.5, 'classifier__kernel': 'rbf'}",0.721057,0.063041,0.761522,0.072029,0.650769,0.075221,0.410255,0.128454,0.70287,0.063092,0.706146,0.06267,0.412291,0.12534
"{'classifier__C': 19750, 'classifier__gamma': 0.25, 'classifier__kernel': 'rbf'}",0.770418,0.03949,0.811628,0.058498,0.698615,0.08621,0.511499,0.082474,0.750454,0.044837,0.755122,0.042446,0.510243,0.084893
"{'classifier__C': 19750, 'classifier__gamma': 0.1, 'classifier__kernel': 'rbf'}",0.780605,0.047977,0.818605,0.055196,0.714308,0.090642,0.532738,0.10197,0.762656,0.055232,0.766456,0.05287,0.532912,0.105741
"{'classifier__C': 19750, 'classifier__gamma': 0.075, 'classifier__kernel': 'rbf'}",0.792263,0.064532,0.809461,0.062514,0.762308,0.104355,0.564805,0.136367,0.783919,0.070339,0.785884,0.070065,0.571769,0.140129
"{'classifier__C': 19750, 'classifier__gamma': 0.05, 'classifier__kernel': 'rbf'}",0.805371,0.064243,0.82315,0.06298,0.773846,0.094452,0.590512,0.134811,0.796952,0.069026,0.798498,0.068369,0.596996,0.136737
"{'classifier__C': 19750, 'classifier__gamma': 0.025, 'classifier__kernel': 'rbf'}",0.822826,0.062192,0.82574,0.065429,0.817231,0.078645,0.63232,0.127131,0.820741,0.063683,0.821485,0.063579,0.642971,0.127157
"{'classifier__C': 19750, 'classifier__gamma': 0.01, 'classifier__kernel': 'rbf'}",0.837361,0.056896,0.834937,0.056408,0.841385,0.071178,0.663205,0.116759,0.837746,0.058686,0.838161,0.058667,0.676321,0.117333
"{'classifier__C': 19750, 'classifier__gamma': 0.0075, 'classifier__kernel': 'rbf'}",0.834463,0.058122,0.825793,0.054851,0.849231,0.077319,0.659842,0.120973,0.836983,0.060794,0.837512,0.060997,0.675024,0.121994
"{'classifier__C': 19750, 'classifier__gamma': 0.005, 'classifier__kernel': 'rbf'}",0.834484,0.05881,0.821247,0.057901,0.857231,0.073801,0.662201,0.12044,0.838635,0.060391,0.839239,0.060648,0.678478,0.121295
"{'classifier__C': 19750, 'classifier__gamma': 0.0025, 'classifier__kernel': 'rbf'}",0.838811,0.058278,0.818869,0.061338,0.873077,0.072804,0.674475,0.117428,0.844956,0.058967,0.845973,0.059263,0.691946,0.118526
"{'classifier__C': 19750, 'classifier__gamma': 0.001, 'classifier__kernel': 'rbf'}",0.838832,0.053734,0.818869,0.057871,0.873077,0.072804,0.674454,0.107776,0.844782,0.055135,0.845973,0.05516,0.691946,0.11032
"{'classifier__C': 19750, 'classifier__gamma': 'auto', 'classifier__kernel': 'rbf'}",0.805371,0.064243,0.82315,0.06298,0.773846,0.094452,0.590512,0.134811,0.796952,0.069026,0.798498,0.068369,0.596996,0.136737
"{'classifier__C': 20000, 'classifier__gamma': 0.5, 'classifier__kernel': 'rbf'}",0.721057,0.063041,0.761522,0.072029,0.650769,0.075221,0.410255,0.128454,0.70287,0.063092,0.706146,0.06267,0.412291,0.12534
"{'classifier__C': 20000, 'classifier__gamma': 0.25, 'classifier__kernel': 'rbf'}",0.770418,0.03949,0.811628,0.058498,0.698615,0.08621,0.511499,0.082474,0.750454,0.044837,0.755122,0.042446,0.510243,0.084893
"{'classifier__C': 20000, 'classifier__gamma': 0.1, 'classifier__kernel': 'rbf'}",0.782076,0.049908,0.818605,0.055196,0.718308,0.096775,0.536315,0.106995,0.76463,0.058184,0.768456,0.055856,0.536912,0.111712
"{'classifier__C': 20000, 'classifier__gamma': 0.075, 'classifier__kernel': 'rbf'}",0.786466,0.063833,0.804863,0.06603,0.754308,0.102679,0.552982,0.133839,0.77737,0.068872,0.779585,0.068502,0.55917,0.137004
"{'classifier__C': 20000, 'classifier__gamma': 0.05, 'classifier__kernel': 'rbf'}",0.805371,0.064243,0.82315,0.06298,0.773846,0.094452,0.590512,0.134811,0.796952,0.069026,0.798498,0.068369,0.596996,0.136737
"{'classifier__C': 20000, 'classifier__gamma': 0.025, 'classifier__kernel': 'rbf'}",0.822826,0.062192,0.82574,0.065429,0.817231,0.078645,0.63232,0.127131,0.820741,0.063683,0.821485,0.063579,0.642971,0.127157
"{'classifier__C': 20000, 'classifier__gamma': 0.01, 'classifier__kernel': 'rbf'}",0.837361,0.056896,0.834937,0.056408,0.841385,0.071178,0.663205,0.116759,0.837746,0.058686,0.838161,0.058667,0.676321,0.117333
"{'classifier__C': 20000, 'classifier__gamma': 0.0075, 'classifier__kernel': 'rbf'}",0.835912,0.058075,0.828066,0.055891,0.849231,0.077319,0.662547,0.120605,0.838084,0.060579,0.838648,0.060774,0.677296,0.121548
"{'classifier__C': 20000, 'classifier__gamma': 0.005, 'classifier__kernel': 'rbf'}",0.835934,0.061215,0.821247,0.057901,0.861231,0.078056,0.665543,0.125807,0.840626,0.063484,0.841239,0.063725,0.682478,0.127449
"{'classifier__C': 20000, 'classifier__gamma': 0.0025, 'classifier__kernel': 'rbf'}",0.837361,0.058755,0.816596,0.061741,0.873077,0.072804,0.671997,0.118368,0.843797,0.059382,0.844837,0.059683,0.689673,0.119366
"{'classifier__C': 20000, 'classifier__gamma': 0.001, 'classifier__kernel': 'rbf'}",0.838832,0.053734,0.818869,0.057871,0.873077,0.072804,0.674454,0.107776,0.844782,0.055135,0.845973,0.05516,0.691946,0.11032
"{'classifier__C': 20000, 'classifier__gamma': 'auto', 'classifier__kernel': 'rbf'}",0.805371,0.064243,0.82315,0.06298,0.773846,0.094452,0.590512,0.134811,0.796952,0.069026,0.798498,0.068369,0.596996,0.136737
