params,mean_test_accuracy,std_test_accuracy,mean_test_recall,std_test_recall,mean_test_specificity,std_test_specificity,mean_test_mcc,std_test_mcc,mean_test_gm,std_test_gm,mean_test_uar,std_test_uar,mean_test_bm,std_test_bm
"{'classifier__criterion': 'gini', 'classifier__max_features': 'sqrt', 'classifier__min_samples_split': 2, 'classifier__n_estimators': 20}",0.84495,0.017525,0.87064,0.037829,0.811037,0.0337,0.684753,0.035297,0.83971,0.016099,0.840838,0.016356,0.681676,0.032712
"{'classifier__criterion': 'gini', 'classifier__max_features': 'sqrt', 'classifier__min_samples_split': 2, 'classifier__n_estimators': 30}",0.852318,0.014153,0.881717,0.046944,0.813476,0.044834,0.701033,0.028278,0.845754,0.012045,0.847596,0.012165,0.695193,0.024331
"{'classifier__criterion': 'gini', 'classifier__max_features': 'sqrt', 'classifier__min_samples_split': 2, 'classifier__n_estimators': 40}",0.850213,0.017475,0.87798,0.047046,0.813354,0.031081,0.696067,0.033739,0.844231,0.013056,0.845667,0.013759,0.691333,0.027519
"{'classifier__criterion': 'gini', 'classifier__max_features': 'sqrt', 'classifier__min_samples_split': 2, 'classifier__n_estimators': 50}",0.853382,0.017232,0.887273,0.050609,0.808476,0.032015,0.702839,0.034465,0.846012,0.011082,0.847874,0.012513,0.695748,0.025025
"{'classifier__criterion': 'gini', 'classifier__max_features': 'sqrt', 'classifier__min_samples_split': 2, 'classifier__n_estimators': 60}",0.851265,0.024244,0.883535,0.05743,0.808476,0.030099,0.698866,0.047696,0.84418,0.018503,0.846005,0.019598,0.692011,0.039196
"{'classifier__criterion': 'gini', 'classifier__max_features': 'sqrt', 'classifier__min_samples_split': 2, 'classifier__n_estimators': 70}",0.852296,0.025145,0.885387,0.061879,0.808476,0.030099,0.701462,0.048366,0.844906,0.018624,0.846931,0.019585,0.693863,0.039171
"{'classifier__criterion': 'gini', 'classifier__max_features': 'sqrt', 'classifier__min_samples_split': 2, 'classifier__n_estimators': 80}",0.853371,0.01917,0.889091,0.052382,0.806037,0.031258,0.702829,0.037944,0.84559,0.013181,0.847564,0.014434,0.695127,0.028868
"{'classifier__criterion': 'gini', 'classifier__max_features': 'sqrt', 'classifier__min_samples_split': 2, 'classifier__n_estimators': 90}",0.852318,0.018295,0.887273,0.052602,0.806037,0.031258,0.700772,0.036105,0.844697,0.011775,0.846655,0.013202,0.693309,0.026405
"{'classifier__criterion': 'gini', 'classifier__max_features': 'sqrt', 'classifier__min_samples_split': 2, 'classifier__n_estimators': 100}",0.853371,0.018583,0.887273,0.052602,0.808537,0.033588,0.703043,0.036554,0.845973,0.012771,0.847905,0.013924,0.695809,0.027849
"{'classifier__criterion': 'gini', 'classifier__max_features': 'sqrt', 'classifier__min_samples_split': 2, 'classifier__n_estimators': 110}",0.855476,0.02065,0.890976,0.053874,0.808415,0.032354,0.707245,0.04109,0.847704,0.01515,0.849696,0.01624,0.699391,0.03248
"{'classifier__criterion': 'gini', 'classifier__max_features': 'sqrt', 'classifier__min_samples_split': 2, 'classifier__n_estimators': 120}",0.854423,0.021033,0.889125,0.054231,0.808415,0.032354,0.705133,0.042017,0.846818,0.015489,0.84877,0.016633,0.697539,0.033267
"{'classifier__criterion': 'gini', 'classifier__max_features': 'sqrt', 'classifier__min_samples_split': 2, 'classifier__n_estimators': 130}",0.853371,0.018583,0.889091,0.051723,0.805976,0.035164,0.702814,0.036331,0.845495,0.013617,0.847533,0.014435,0.695067,0.02887
"{'classifier__criterion': 'gini', 'classifier__max_features': 'sqrt', 'classifier__min_samples_split': 2, 'classifier__n_estimators': 140}",0.853359,0.019854,0.889091,0.054938,0.805976,0.035164,0.70308,0.037876,0.845404,0.014449,0.847533,0.015139,0.695067,0.030277
"{'classifier__criterion': 'gini', 'classifier__max_features': 'sqrt', 'classifier__min_samples_split': 2, 'classifier__n_estimators': 150}",0.855487,0.01701,0.892795,0.048136,0.805976,0.035164,0.706804,0.033624,0.847345,0.012779,0.849385,0.013481,0.69877,0.026962
"{'classifier__criterion': 'gini', 'classifier__max_features': 'sqrt', 'classifier__min_samples_split': 2, 'classifier__n_estimators': 160}",0.85654,0.015061,0.894646,0.045378,0.805976,0.035164,0.708761,0.030044,0.848274,0.011135,0.850311,0.011782,0.700622,0.023564
"{'classifier__criterion': 'gini', 'classifier__max_features': 'sqrt', 'classifier__min_samples_split': 2, 'classifier__n_estimators': 170}",0.855487,0.015654,0.892828,0.045853,0.805976,0.035164,0.706649,0.03155,0.847408,0.011737,0.849402,0.012453,0.698804,0.024906
"{'classifier__criterion': 'gini', 'classifier__max_features': 'sqrt', 'classifier__min_samples_split': 2, 'classifier__n_estimators': 180}",0.858656,0.014221,0.896498,0.04236,0.808476,0.035537,0.712896,0.028576,0.850537,0.011273,0.852487,0.011667,0.704974,0.023335
"{'classifier__criterion': 'gini', 'classifier__max_features': 'sqrt', 'classifier__min_samples_split': 2, 'classifier__n_estimators': 190}",0.85654,0.018968,0.892828,0.050819,0.808476,0.035537,0.709283,0.038059,0.848626,0.014484,0.850652,0.015297,0.701304,0.030593
"{'classifier__criterion': 'gini', 'classifier__max_features': 'sqrt', 'classifier__min_samples_split': 2, 'classifier__n_estimators': 200}",0.858645,0.019002,0.896498,0.050486,0.808476,0.035537,0.713525,0.03776,0.850381,0.014733,0.852487,0.015402,0.704974,0.030805
"{'classifier__criterion': 'gini', 'classifier__max_features': 'sqrt', 'classifier__min_samples_split': 2, 'classifier__n_estimators': 210}",0.85654,0.020103,0.896498,0.050486,0.803598,0.037325,0.709168,0.040117,0.847794,0.016593,0.850048,0.016981,0.700096,0.033962
"{'classifier__criterion': 'gini', 'classifier__max_features': 'sqrt', 'classifier__min_samples_split': 2, 'classifier__n_estimators': 220}",0.858656,0.018904,0.89835,0.047719,0.806037,0.033106,0.713163,0.03806,0.850108,0.014962,0.852193,0.015681,0.704387,0.031362
"{'classifier__criterion': 'gini', 'classifier__max_features': 'sqrt', 'classifier__min_samples_split': 2, 'classifier__n_estimators': 230}",0.856551,0.01945,0.896532,0.048311,0.803598,0.037325,0.709,0.03936,0.847869,0.016397,0.850065,0.016772,0.70013,0.033544
"{'classifier__criterion': 'gini', 'classifier__max_features': 'sqrt', 'classifier__min_samples_split': 2, 'classifier__n_estimators': 240}",0.857604,0.019494,0.89835,0.047719,0.803598,0.037325,0.71108,0.039258,0.848748,0.016643,0.850974,0.016928,0.701948,0.033856
"{'classifier__criterion': 'gini', 'classifier__max_features': 'sqrt', 'classifier__min_samples_split': 2, 'classifier__n_estimators': 250}",0.857604,0.019494,0.89835,0.047719,0.803598,0.037325,0.71108,0.039258,0.848748,0.016643,0.850974,0.016928,0.701948,0.033856
"{'classifier__criterion': 'gini', 'classifier__max_features': 'sqrt', 'classifier__min_samples_split': 2, 'classifier__n_estimators': 260}",0.857604,0.019494,0.89835,0.047719,0.803598,0.037325,0.71108,0.039258,0.848748,0.016643,0.850974,0.016928,0.701948,0.033856
"{'classifier__criterion': 'gini', 'classifier__max_features': 'sqrt', 'classifier__min_samples_split': 2, 'classifier__n_estimators': 270}",0.857604,0.019494,0.89835,0.047719,0.803598,0.037325,0.71108,0.039258,0.848748,0.016643,0.850974,0.016928,0.701948,0.033856
"{'classifier__criterion': 'gini', 'classifier__max_features': 'sqrt', 'classifier__min_samples_split': 2, 'classifier__n_estimators': 280}",0.854412,0.020564,0.894646,0.053686,0.801098,0.039905,0.705195,0.040516,0.845438,0.016837,0.847872,0.017122,0.695744,0.034244
"{'classifier__criterion': 'gini', 'classifier__max_features': 'sqrt', 'classifier__min_samples_split': 2, 'classifier__n_estimators': 290}",0.85654,0.020103,0.896498,0.050486,0.803598,0.037325,0.709168,0.040117,0.847794,0.016593,0.850048,0.016981,0.700096,0.033962
"{'classifier__criterion': 'gini', 'classifier__max_features': 'sqrt', 'classifier__min_samples_split': 2, 'classifier__n_estimators': 300}",0.855476,0.019511,0.896498,0.050486,0.801098,0.039905,0.707073,0.038967,0.846403,0.016468,0.848798,0.01668,0.697596,0.033361
"{'classifier__criterion': 'gini', 'classifier__max_features': 'sqrt', 'classifier__min_samples_split': 2, 'classifier__n_estimators': 310}",0.85654,0.020103,0.896498,0.050486,0.803598,0.037325,0.709168,0.040117,0.847794,0.016593,0.850048,0.016981,0.700096,0.033962
"{'classifier__criterion': 'gini', 'classifier__max_features': 'sqrt', 'classifier__min_samples_split': 2, 'classifier__n_estimators': 320}",0.855487,0.019442,0.894646,0.049011,0.803598,0.037325,0.706856,0.038663,0.846948,0.016234,0.849122,0.016525,0.698244,0.03305
"{'classifier__criterion': 'gini', 'classifier__max_features': 'sqrt', 'classifier__min_samples_split': 2, 'classifier__n_estimators': 330}",0.853359,0.020358,0.894646,0.050391,0.798598,0.035765,0.702512,0.040771,0.844311,0.016728,0.846622,0.017141,0.693244,0.034283
"{'classifier__criterion': 'gini', 'classifier__max_features': 'sqrt', 'classifier__min_samples_split': 3, 'classifier__n_estimators': 20}",0.843852,0.021174,0.870606,0.043829,0.808476,0.047633,0.683167,0.042425,0.837974,0.021473,0.839541,0.021124,0.679082,0.042249
"{'classifier__criterion': 'gini', 'classifier__max_features': 'sqrt', 'classifier__min_samples_split': 3, 'classifier__n_estimators': 30}",0.850168,0.023832,0.881684,0.054464,0.808537,0.038536,0.69656,0.045736,0.843253,0.020495,0.84511,0.020591,0.69022,0.041182
"{'classifier__criterion': 'gini', 'classifier__max_features': 'sqrt', 'classifier__min_samples_split': 3, 'classifier__n_estimators': 40}",0.851265,0.016659,0.879832,0.044836,0.813476,0.034047,0.698149,0.032185,0.845182,0.013296,0.846654,0.013639,0.693307,0.027277
"{'classifier__criterion': 'gini', 'classifier__max_features': 'sqrt', 'classifier__min_samples_split': 3, 'classifier__n_estimators': 50}",0.853382,0.015181,0.885387,0.042895,0.811037,0.035421,0.70225,0.029767,0.846582,0.012285,0.848212,0.012606,0.696424,0.025213
"{'classifier__criterion': 'gini', 'classifier__max_features': 'sqrt', 'classifier__min_samples_split': 3, 'classifier__n_estimators': 60}",0.851277,0.01903,0.885387,0.046722,0.806098,0.032688,0.698016,0.038914,0.844018,0.015034,0.845742,0.015959,0.691485,0.031918
"{'classifier__criterion': 'gini', 'classifier__max_features': 'sqrt', 'classifier__min_samples_split': 3, 'classifier__n_estimators': 70}",0.852318,0.018891,0.889125,0.046021,0.803598,0.025715,0.69983,0.03839,0.844614,0.014127,0.846361,0.015216,0.692722,0.030433
"{'classifier__criterion': 'gini', 'classifier__max_features': 'sqrt', 'classifier__min_samples_split': 3, 'classifier__n_estimators': 80}",0.852307,0.020142,0.890943,0.048605,0.801159,0.026618,0.699972,0.040127,0.844123,0.015226,0.846051,0.016189,0.692101,0.032378
"{'classifier__criterion': 'gini', 'classifier__max_features': 'sqrt', 'classifier__min_samples_split': 3, 'classifier__n_estimators': 90}",0.854412,0.019506,0.892828,0.047325,0.803598,0.025715,0.704191,0.038949,0.846343,0.014742,0.848213,0.015657,0.696426,0.031314
"{'classifier__criterion': 'gini', 'classifier__max_features': 'sqrt', 'classifier__min_samples_split': 3, 'classifier__n_estimators': 100}",0.856529,0.016592,0.896498,0.041542,0.803598,0.025715,0.708083,0.033658,0.848193,0.01257,0.850048,0.013382,0.700096,0.026765
"{'classifier__criterion': 'gini', 'classifier__max_features': 'sqrt', 'classifier__min_samples_split': 3, 'classifier__n_estimators': 110}",0.851254,0.021942,0.892795,0.053533,0.796159,0.026365,0.698285,0.045106,0.842245,0.015688,0.844477,0.017283,0.688953,0.034566
"{'classifier__criterion': 'gini', 'classifier__max_features': 'sqrt', 'classifier__min_samples_split': 3, 'classifier__n_estimators': 120}",0.852296,0.023316,0.89468,0.051648,0.796098,0.021713,0.700017,0.04809,0.843269,0.017711,0.845389,0.019156,0.690778,0.038312
"{'classifier__criterion': 'gini', 'classifier__max_features': 'sqrt', 'classifier__min_samples_split': 3, 'classifier__n_estimators': 130}",0.851243,0.023981,0.890976,0.050591,0.798537,0.021186,0.6976,0.048506,0.842865,0.019042,0.844757,0.020145,0.689513,0.04029
"{'classifier__criterion': 'gini', 'classifier__max_features': 'sqrt', 'classifier__min_samples_split': 3, 'classifier__n_estimators': 140}",0.852296,0.026012,0.892828,0.053451,0.798537,0.021186,0.700006,0.053309,0.843708,0.02079,0.845682,0.022047,0.691365,0.044094
"{'classifier__criterion': 'gini', 'classifier__max_features': 'sqrt', 'classifier__min_samples_split': 3, 'classifier__n_estimators': 150}",0.852296,0.023787,0.890976,0.050591,0.801037,0.022637,0.699854,0.047932,0.844161,0.018943,0.846007,0.019973,0.692013,0.039945
"{'classifier__criterion': 'gini', 'classifier__max_features': 'sqrt', 'classifier__min_samples_split': 3, 'classifier__n_estimators': 160}",0.853359,0.021973,0.89468,0.048214,0.798537,0.021186,0.701823,0.044889,0.844643,0.017035,0.846608,0.018229,0.693217,0.036458
"{'classifier__criterion': 'gini', 'classifier__max_features': 'sqrt', 'classifier__min_samples_split': 3, 'classifier__n_estimators': 170}",0.853359,0.021973,0.89468,0.048214,0.798537,0.021186,0.701823,0.044889,0.844643,0.017035,0.846608,0.018229,0.693217,0.036458
"{'classifier__criterion': 'gini', 'classifier__max_features': 'sqrt', 'classifier__min_samples_split': 3, 'classifier__n_estimators': 180}",0.854412,0.021141,0.89468,0.048214,0.800976,0.023094,0.704078,0.043098,0.845889,0.016211,0.847828,0.017355,0.695656,0.034709
"{'classifier__criterion': 'gini', 'classifier__max_features': 'sqrt', 'classifier__min_samples_split': 3, 'classifier__n_estimators': 190}",0.854401,0.02277,0.892828,0.05149,0.803415,0.026924,0.704417,0.04584,0.846179,0.017944,0.848121,0.018935,0.696243,0.037869
"{'classifier__criterion': 'gini', 'classifier__max_features': 'sqrt', 'classifier__min_samples_split': 3, 'classifier__n_estimators': 200}",0.855454,0.022418,0.894646,0.051067,0.803415,0.026924,0.70653,0.044921,0.847045,0.017617,0.849031,0.018563,0.698061,0.037126
"{'classifier__criterion': 'gini', 'classifier__max_features': 'sqrt', 'classifier__min_samples_split': 3, 'classifier__n_estimators': 210}",0.854401,0.02277,0.89468,0.051648,0.800976,0.027772,0.704437,0.045837,0.84575,0.017998,0.847828,0.018974,0.695656,0.037949
"{'classifier__criterion': 'gini', 'classifier__max_features': 'sqrt', 'classifier__min_samples_split': 3, 'classifier__n_estimators': 220}",0.85757,0.020363,0.89835,0.047719,0.803476,0.028682,0.710707,0.041105,0.848862,0.016126,0.850913,0.016951,0.701826,0.033902
"{'classifier__criterion': 'gini', 'classifier__max_features': 'sqrt', 'classifier__min_samples_split': 3, 'classifier__n_estimators': 230}",0.854401,0.02277,0.896498,0.051161,0.798537,0.032307,0.704467,0.045637,0.845256,0.018886,0.847517,0.019464,0.695035,0.038928
"{'classifier__criterion': 'gini', 'classifier__max_features': 'sqrt', 'classifier__min_samples_split': 3, 'classifier__n_estimators': 240}",0.854401,0.02277,0.896498,0.051161,0.798537,0.032307,0.704467,0.045637,0.845256,0.018886,0.847517,0.019464,0.695035,0.038928
"{'classifier__criterion': 'gini', 'classifier__max_features': 'sqrt', 'classifier__min_samples_split': 3, 'classifier__n_estimators': 250}",0.852284,0.02436,0.894646,0.054949,0.796098,0.034428,0.700509,0.048163,0.842956,0.020212,0.845372,0.020725,0.690744,0.041449
"{'classifier__criterion': 'gini', 'classifier__max_features': 'sqrt', 'classifier__min_samples_split': 3, 'classifier__n_estimators': 260}",0.853348,0.022087,0.896498,0.051161,0.796098,0.034428,0.702412,0.044236,0.843904,0.018361,0.846298,0.018862,0.692596,0.037724
"{'classifier__criterion': 'gini', 'classifier__max_features': 'sqrt', 'classifier__min_samples_split': 3, 'classifier__n_estimators': 270}",0.853337,0.025026,0.894646,0.054949,0.798537,0.032307,0.702564,0.049532,0.844308,0.020751,0.846592,0.021327,0.693183,0.042654
"{'classifier__criterion': 'gini', 'classifier__max_features': 'sqrt', 'classifier__min_samples_split': 3, 'classifier__n_estimators': 280}",0.852284,0.02436,0.894646,0.054949,0.796098,0.034428,0.700509,0.048163,0.842956,0.020212,0.845372,0.020725,0.690744,0.041449
"{'classifier__criterion': 'gini', 'classifier__max_features': 'sqrt', 'classifier__min_samples_split': 3, 'classifier__n_estimators': 290}",0.852284,0.02436,0.894646,0.054949,0.796098,0.034428,0.700509,0.048163,0.842956,0.020212,0.845372,0.020725,0.690744,0.041449
"{'classifier__criterion': 'gini', 'classifier__max_features': 'sqrt', 'classifier__min_samples_split': 3, 'classifier__n_estimators': 300}",0.853337,0.024579,0.894646,0.054949,0.798537,0.034099,0.702652,0.04851,0.84426,0.020499,0.846592,0.020962,0.693183,0.041925
"{'classifier__criterion': 'gini', 'classifier__max_features': 'sqrt', 'classifier__min_samples_split': 3, 'classifier__n_estimators': 310}",0.853337,0.024579,0.894646,0.054949,0.798537,0.034099,0.702652,0.04851,0.84426,0.020499,0.846592,0.020962,0.693183,0.041925
"{'classifier__criterion': 'gini', 'classifier__max_features': 'sqrt', 'classifier__min_samples_split': 3, 'classifier__n_estimators': 320}",0.854401,0.022278,0.896498,0.051161,0.798537,0.034099,0.704554,0.044523,0.845208,0.01861,0.847517,0.019064,0.695035,0.038127
"{'classifier__criterion': 'gini', 'classifier__max_features': 'sqrt', 'classifier__min_samples_split': 3, 'classifier__n_estimators': 330}",0.853337,0.025896,0.892795,0.057248,0.801037,0.035018,0.702916,0.050816,0.84464,0.021675,0.846916,0.022113,0.693831,0.044226
"{'classifier__criterion': 'gini', 'classifier__max_features': 'sqrt', 'classifier__min_samples_split': 4, 'classifier__n_estimators': 20}",0.84916,0.019397,0.881717,0.048383,0.805976,0.039993,0.69403,0.038514,0.842005,0.016909,0.843846,0.017121,0.687693,0.034243
"{'classifier__criterion': 'gini', 'classifier__max_features': 'sqrt', 'classifier__min_samples_split': 4, 'classifier__n_estimators': 30}",0.848108,0.017689,0.881684,0.040782,0.803598,0.0339,0.690986,0.035725,0.841057,0.015442,0.842641,0.015855,0.685281,0.031709
"{'classifier__criterion': 'gini', 'classifier__max_features': 'sqrt', 'classifier__min_samples_split': 4, 'classifier__n_estimators': 40}",0.851254,0.014584,0.887273,0.035469,0.803537,0.036076,0.697083,0.029856,0.843722,0.014097,0.845405,0.013953,0.690809,0.027907
"{'classifier__criterion': 'gini', 'classifier__max_features': 'sqrt', 'classifier__min_samples_split': 4, 'classifier__n_estimators': 50}",0.848085,0.015918,0.887239,0.044186,0.796159,0.034396,0.691195,0.032091,0.839643,0.012516,0.841699,0.013085,0.683398,0.02617
"{'classifier__criterion': 'gini', 'classifier__max_features': 'sqrt', 'classifier__min_samples_split': 4, 'classifier__n_estimators': 60}",0.85019,0.012541,0.892795,0.042053,0.793659,0.036511,0.69542,0.024777,0.840905,0.010027,0.843227,0.009948,0.686453,0.019896
"{'classifier__criterion': 'gini', 'classifier__max_features': 'sqrt', 'classifier__min_samples_split': 4, 'classifier__n_estimators': 70}",0.853359,0.019806,0.890943,0.048605,0.803598,0.030187,0.702282,0.039651,0.845348,0.015343,0.84727,0.01622,0.69454,0.03244
"{'classifier__criterion': 'gini', 'classifier__max_features': 'sqrt', 'classifier__min_samples_split': 4, 'classifier__n_estimators': 80}",0.859698,0.016424,0.896498,0.041542,0.810976,0.03013,0.71478,0.033233,0.852012,0.013245,0.853737,0.013755,0.707474,0.027511
"{'classifier__criterion': 'gini', 'classifier__max_features': 'sqrt', 'classifier__min_samples_split': 4, 'classifier__n_estimators': 90}",0.852296,0.021331,0.889091,0.047579,0.803537,0.023611,0.699727,0.042682,0.8446,0.016739,0.846314,0.017655,0.692627,0.03531
"{'classifier__criterion': 'gini', 'classifier__max_features': 'sqrt', 'classifier__min_samples_split': 4, 'classifier__n_estimators': 100}",0.856529,0.017247,0.89835,0.040741,0.801098,0.029024,0.708032,0.035108,0.847729,0.014461,0.849724,0.014806,0.699448,0.029612
"{'classifier__criterion': 'gini', 'classifier__max_features': 'sqrt', 'classifier__min_samples_split': 4, 'classifier__n_estimators': 110}",0.854423,0.017591,0.900202,0.042342,0.79372,0.02862,0.70386,0.036193,0.844653,0.014114,0.846961,0.014762,0.693922,0.029524
"{'classifier__criterion': 'gini', 'classifier__max_features': 'sqrt', 'classifier__min_samples_split': 4, 'classifier__n_estimators': 120}",0.854423,0.019388,0.89835,0.045512,0.796159,0.030448,0.704095,0.039333,0.844996,0.015866,0.847254,0.016434,0.694509,0.032868
"{'classifier__criterion': 'gini', 'classifier__max_features': 'sqrt', 'classifier__min_samples_split': 4, 'classifier__n_estimators': 130}",0.85654,0.017762,0.902054,0.043016,0.796159,0.030448,0.708303,0.036045,0.846775,0.014647,0.849106,0.015068,0.698212,0.030135
"{'classifier__criterion': 'gini', 'classifier__max_features': 'sqrt', 'classifier__min_samples_split': 4, 'classifier__n_estimators': 140}",0.854434,0.016156,0.89835,0.04398,0.796159,0.028427,0.704096,0.032978,0.845009,0.011509,0.847254,0.012527,0.694509,0.025054
"{'classifier__criterion': 'gini', 'classifier__max_features': 'sqrt', 'classifier__min_samples_split': 4, 'classifier__n_estimators': 150}",0.855487,0.014167,0.900202,0.04069,0.796159,0.028427,0.706053,0.0295,0.845937,0.009874,0.84818,0.010861,0.696361,0.021721
"{'classifier__criterion': 'gini', 'classifier__max_features': 'sqrt', 'classifier__min_samples_split': 4, 'classifier__n_estimators': 160}",0.855487,0.01701,0.89835,0.041575,0.798598,0.025811,0.705923,0.035373,0.846431,0.012894,0.848474,0.013928,0.696948,0.027855
"{'classifier__criterion': 'gini', 'classifier__max_features': 'sqrt', 'classifier__min_samples_split': 4, 'classifier__n_estimators': 170}",0.855476,0.012613,0.902054,0.040554,0.793659,0.031147,0.706154,0.026271,0.845409,0.008652,0.847856,0.009392,0.695712,0.018783
"{'classifier__criterion': 'gini', 'classifier__max_features': 'sqrt', 'classifier__min_samples_split': 4, 'classifier__n_estimators': 180}",0.851265,0.016616,0.896498,0.044723,0.79122,0.03474,0.697775,0.034091,0.841385,0.013385,0.843859,0.013849,0.687718,0.027698
"{'classifier__criterion': 'gini', 'classifier__max_features': 'sqrt', 'classifier__min_samples_split': 4, 'classifier__n_estimators': 190}",0.854423,0.019916,0.896498,0.044723,0.798537,0.028598,0.703898,0.040755,0.845455,0.016409,0.847517,0.017103,0.695035,0.034207
"{'classifier__criterion': 'gini', 'classifier__max_features': 'sqrt', 'classifier__min_samples_split': 4, 'classifier__n_estimators': 200}",0.853371,0.017937,0.896498,0.044723,0.796098,0.02899,0.701871,0.036815,0.84411,0.013843,0.846298,0.014735,0.692596,0.02947
"{'classifier__criterion': 'gini', 'classifier__max_features': 'sqrt', 'classifier__min_samples_split': 4, 'classifier__n_estimators': 210}",0.854423,0.019916,0.896498,0.044723,0.798537,0.028598,0.703898,0.040755,0.845455,0.016409,0.847517,0.017103,0.695035,0.034207
"{'classifier__criterion': 'gini', 'classifier__max_features': 'sqrt', 'classifier__min_samples_split': 4, 'classifier__n_estimators': 220}",0.855476,0.018935,0.89835,0.04398,0.798537,0.028598,0.706042,0.038653,0.846327,0.015461,0.848443,0.016104,0.696887,0.032208
"{'classifier__criterion': 'gini', 'classifier__max_features': 'sqrt', 'classifier__min_samples_split': 4, 'classifier__n_estimators': 230}",0.855476,0.018935,0.89835,0.04398,0.798537,0.028598,0.706042,0.038653,0.846327,0.015461,0.848443,0.016104,0.696887,0.032208
"{'classifier__criterion': 'gini', 'classifier__max_features': 'sqrt', 'classifier__min_samples_split': 4, 'classifier__n_estimators': 240}",0.855476,0.018935,0.89835,0.04398,0.798537,0.028598,0.706042,0.038653,0.846327,0.015461,0.848443,0.016104,0.696887,0.032208
"{'classifier__criterion': 'gini', 'classifier__max_features': 'sqrt', 'classifier__min_samples_split': 4, 'classifier__n_estimators': 250}",0.855476,0.018935,0.89835,0.04398,0.798537,0.028598,0.706042,0.038653,0.846327,0.015461,0.848443,0.016104,0.696887,0.032208
"{'classifier__criterion': 'gini', 'classifier__max_features': 'sqrt', 'classifier__min_samples_split': 4, 'classifier__n_estimators': 260}",0.855476,0.018935,0.89835,0.04398,0.798537,0.028598,0.706042,0.038653,0.846327,0.015461,0.848443,0.016104,0.696887,0.032208
"{'classifier__criterion': 'gini', 'classifier__max_features': 'sqrt', 'classifier__min_samples_split': 4, 'classifier__n_estimators': 270}",0.854412,0.020018,0.896498,0.046231,0.798537,0.028598,0.70403,0.040695,0.845411,0.016164,0.847517,0.0169,0.695035,0.0338
"{'classifier__criterion': 'gini', 'classifier__max_features': 'sqrt', 'classifier__min_samples_split': 4, 'classifier__n_estimators': 280}",0.852307,0.01896,0.896498,0.046231,0.793598,0.029515,0.699754,0.03872,0.842749,0.014929,0.845048,0.015731,0.690096,0.031461
"{'classifier__criterion': 'gini', 'classifier__max_features': 'sqrt', 'classifier__min_samples_split': 4, 'classifier__n_estimators': 290}",0.853359,0.019239,0.896498,0.046231,0.796098,0.030974,0.701975,0.039095,0.844058,0.015562,0.846298,0.016203,0.692596,0.032406
"{'classifier__criterion': 'gini', 'classifier__max_features': 'sqrt', 'classifier__min_samples_split': 4, 'classifier__n_estimators': 300}",0.853359,0.020358,0.896498,0.046231,0.796098,0.032839,0.701948,0.04136,0.84405,0.017367,0.846298,0.017744,0.692596,0.035488
"{'classifier__criterion': 'gini', 'classifier__max_features': 'sqrt', 'classifier__min_samples_split': 4, 'classifier__n_estimators': 310}",0.853359,0.020358,0.896498,0.046231,0.796098,0.032839,0.701948,0.04136,0.84405,0.017367,0.846298,0.017744,0.692596,0.035488
"{'classifier__criterion': 'gini', 'classifier__max_features': 'sqrt', 'classifier__min_samples_split': 4, 'classifier__n_estimators': 320}",0.853359,0.020358,0.896498,0.046231,0.796098,0.032839,0.701948,0.04136,0.84405,0.017367,0.846298,0.017744,0.692596,0.035488
"{'classifier__criterion': 'gini', 'classifier__max_features': 'sqrt', 'classifier__min_samples_split': 4, 'classifier__n_estimators': 330}",0.852307,0.019536,0.896498,0.046231,0.793659,0.034757,0.699893,0.039679,0.842698,0.016698,0.845078,0.016994,0.690157,0.033989
"{'classifier__criterion': 'gini', 'classifier__max_features': 'sqrt', 'classifier__min_samples_split': 5, 'classifier__n_estimators': 20}",0.856495,0.022505,0.892828,0.046595,0.808354,0.037756,0.70854,0.046143,0.84874,0.020682,0.850591,0.020791,0.701182,0.041582
"{'classifier__criterion': 'gini', 'classifier__max_features': 'sqrt', 'classifier__min_samples_split': 5, 'classifier__n_estimators': 30}",0.850168,0.022789,0.885387,0.044465,0.803415,0.036823,0.69521,0.046224,0.84269,0.021285,0.844401,0.021358,0.688802,0.042716
"{'classifier__criterion': 'gini', 'classifier__max_features': 'sqrt', 'classifier__min_samples_split': 5, 'classifier__n_estimators': 40}",0.849115,0.027308,0.887239,0.051364,0.798598,0.039258,0.693573,0.055774,0.840904,0.02506,0.842918,0.025399,0.685837,0.050797
"{'classifier__criterion': 'gini', 'classifier__max_features': 'sqrt', 'classifier__min_samples_split': 5, 'classifier__n_estimators': 50}",0.854423,0.020465,0.892795,0.048136,0.803598,0.037325,0.704577,0.041717,0.846127,0.01755,0.848196,0.017986,0.696392,0.035971
"{'classifier__criterion': 'gini', 'classifier__max_features': 'sqrt', 'classifier__min_samples_split': 5, 'classifier__n_estimators': 60}",0.852307,0.018935,0.892795,0.045197,0.798598,0.039104,0.699927,0.038878,0.843503,0.017023,0.845696,0.017175,0.691392,0.034351
"{'classifier__criterion': 'gini', 'classifier__max_features': 'sqrt', 'classifier__min_samples_split': 5, 'classifier__n_estimators': 70}",0.851243,0.0187,0.892795,0.045197,0.796159,0.034396,0.697634,0.038014,0.842298,0.015902,0.844477,0.016223,0.688953,0.032446
"{'classifier__criterion': 'gini', 'classifier__max_features': 'sqrt', 'classifier__min_samples_split': 5, 'classifier__n_estimators': 80}",0.855476,0.018379,0.896498,0.043949,0.801159,0.030765,0.706172,0.036892,0.846789,0.01526,0.848828,0.0156,0.697657,0.031201
"{'classifier__criterion': 'gini', 'classifier__max_features': 'sqrt', 'classifier__min_samples_split': 5, 'classifier__n_estimators': 90}",0.855476,0.016471,0.896498,0.044723,0.801159,0.030765,0.706371,0.032841,0.846727,0.012532,0.848828,0.013045,0.697657,0.026091
"{'classifier__criterion': 'gini', 'classifier__max_features': 'sqrt', 'classifier__min_samples_split': 5, 'classifier__n_estimators': 100}",0.854412,0.018879,0.894646,0.044616,0.801098,0.0312,0.704012,0.038134,0.845866,0.015749,0.847872,0.016139,0.695744,0.032278
"{'classifier__criterion': 'gini', 'classifier__max_features': 'sqrt', 'classifier__min_samples_split': 5, 'classifier__n_estimators': 110}",0.856529,0.017838,0.89835,0.044753,0.801159,0.036352,0.708593,0.036005,0.84753,0.015374,0.849754,0.015559,0.699509,0.031117
"{'classifier__criterion': 'gini', 'classifier__max_features': 'sqrt', 'classifier__min_samples_split': 5, 'classifier__n_estimators': 120}",0.854412,0.017027,0.896498,0.04236,0.798659,0.031757,0.703856,0.033721,0.845464,0.014349,0.847578,0.014505,0.695157,0.029009
"{'classifier__criterion': 'gini', 'classifier__max_features': 'sqrt', 'classifier__min_samples_split': 5, 'classifier__n_estimators': 130}",0.854423,0.015541,0.894646,0.042247,0.801159,0.036352,0.704093,0.030894,0.845803,0.013417,0.847903,0.013442,0.695805,0.026884
"{'classifier__criterion': 'gini', 'classifier__max_features': 'sqrt', 'classifier__min_samples_split': 5, 'classifier__n_estimators': 140}",0.854423,0.015541,0.896498,0.044723,0.79872,0.036836,0.704403,0.031514,0.845309,0.012509,0.847609,0.012875,0.695218,0.025749
"{'classifier__criterion': 'gini', 'classifier__max_features': 'sqrt', 'classifier__min_samples_split': 5, 'classifier__n_estimators': 150}",0.854423,0.015541,0.896498,0.044723,0.79872,0.036836,0.704403,0.031514,0.845309,0.012509,0.847609,0.012875,0.695218,0.025749
"{'classifier__criterion': 'gini', 'classifier__max_features': 'sqrt', 'classifier__min_samples_split': 5, 'classifier__n_estimators': 160}",0.853371,0.01374,0.894646,0.042247,0.79872,0.036836,0.702025,0.027219,0.844471,0.011249,0.846683,0.011349,0.693366,0.022699
"{'classifier__criterion': 'gini', 'classifier__max_features': 'sqrt', 'classifier__min_samples_split': 5, 'classifier__n_estimators': 170}",0.854423,0.017591,0.89835,0.04626,0.79622,0.032121,0.704347,0.035609,0.844937,0.013547,0.847285,0.014209,0.69457,0.028417
"{'classifier__criterion': 'gini', 'classifier__max_features': 'sqrt', 'classifier__min_samples_split': 5, 'classifier__n_estimators': 180}",0.853371,0.016022,0.896498,0.043949,0.79622,0.032121,0.701969,0.031867,0.844099,0.012368,0.846359,0.01282,0.692718,0.025639
"{'classifier__criterion': 'gini', 'classifier__max_features': 'sqrt', 'classifier__min_samples_split': 5, 'classifier__n_estimators': 190}",0.852318,0.019468,0.892795,0.04669,0.798659,0.031757,0.699885,0.03869,0.843638,0.015913,0.845727,0.016358,0.691453,0.032717
"{'classifier__criterion': 'gini', 'classifier__max_features': 'sqrt', 'classifier__min_samples_split': 5, 'classifier__n_estimators': 200}",0.855487,0.02055,0.896498,0.049108,0.801159,0.036352,0.706784,0.041346,0.846581,0.017274,0.848828,0.017697,0.697657,0.035394
"{'classifier__criterion': 'gini', 'classifier__max_features': 'sqrt', 'classifier__min_samples_split': 5, 'classifier__n_estimators': 210}",0.854412,0.023102,0.896498,0.049108,0.798598,0.035765,0.704333,0.046425,0.845298,0.020453,0.847548,0.020635,0.695096,0.041271
"{'classifier__criterion': 'gini', 'classifier__max_features': 'sqrt', 'classifier__min_samples_split': 5, 'classifier__n_estimators': 220}",0.853359,0.020895,0.896498,0.049108,0.796159,0.034396,0.702289,0.04202,0.843974,0.017498,0.846328,0.017909,0.692657,0.035819
"{'classifier__criterion': 'gini', 'classifier__max_features': 'sqrt', 'classifier__min_samples_split': 5, 'classifier__n_estimators': 230}",0.854423,0.019916,0.894646,0.050391,0.801098,0.039905,0.704878,0.039982,0.845539,0.016919,0.847872,0.017174,0.695744,0.034347
"{'classifier__criterion': 'gini', 'classifier__max_features': 'sqrt', 'classifier__min_samples_split': 5, 'classifier__n_estimators': 240}",0.853359,0.020895,0.894646,0.050391,0.798598,0.035765,0.702478,0.041912,0.844324,0.017389,0.846622,0.017788,0.693244,0.035576
"{'classifier__criterion': 'gini', 'classifier__max_features': 'sqrt', 'classifier__min_samples_split': 5, 'classifier__n_estimators': 250}",0.853371,0.019704,0.892795,0.050228,0.801098,0.039905,0.702716,0.039682,0.844663,0.016652,0.846946,0.016951,0.693892,0.033902
"{'classifier__criterion': 'gini', 'classifier__max_features': 'sqrt', 'classifier__min_samples_split': 5, 'classifier__n_estimators': 260}",0.854412,0.022617,0.894646,0.050391,0.801037,0.036923,0.704555,0.045287,0.845635,0.019776,0.847842,0.019955,0.695683,0.039909
"{'classifier__criterion': 'gini', 'classifier__max_features': 'sqrt', 'classifier__min_samples_split': 5, 'classifier__n_estimators': 270}",0.855465,0.022754,0.896498,0.050486,0.801037,0.036923,0.706717,0.045463,0.846512,0.019959,0.848767,0.020103,0.697535,0.040206
"{'classifier__criterion': 'gini', 'classifier__max_features': 'sqrt', 'classifier__min_samples_split': 5, 'classifier__n_estimators': 280}",0.854412,0.020564,0.896498,0.050486,0.798598,0.035765,0.704673,0.041074,0.845188,0.017012,0.847548,0.017379,0.695096,0.034758
"{'classifier__criterion': 'gini', 'classifier__max_features': 'sqrt', 'classifier__min_samples_split': 5, 'classifier__n_estimators': 290}",0.854412,0.020564,0.896498,0.050486,0.798598,0.035765,0.704673,0.041074,0.845188,0.017012,0.847548,0.017379,0.695096,0.034758
"{'classifier__criterion': 'gini', 'classifier__max_features': 'sqrt', 'classifier__min_samples_split': 5, 'classifier__n_estimators': 300}",0.853359,0.020358,0.894646,0.050391,0.798598,0.035765,0.702512,0.040771,0.844311,0.016728,0.846622,0.017141,0.693244,0.034283
"{'classifier__criterion': 'gini', 'classifier__max_features': 'sqrt', 'classifier__min_samples_split': 5, 'classifier__n_estimators': 310}",0.854412,0.021096,0.89468,0.048214,0.801037,0.036923,0.704432,0.04267,0.845685,0.01852,0.847858,0.018678,0.695717,0.037355
"{'classifier__criterion': 'gini', 'classifier__max_features': 'sqrt', 'classifier__min_samples_split': 5, 'classifier__n_estimators': 320}",0.853359,0.020358,0.892795,0.050228,0.801037,0.031724,0.702398,0.040921,0.844808,0.015893,0.846916,0.016695,0.693831,0.033389
"{'classifier__criterion': 'gini', 'classifier__max_features': 'sqrt', 'classifier__min_samples_split': 5, 'classifier__n_estimators': 330}",0.855465,0.021243,0.896498,0.047691,0.801037,0.036923,0.706512,0.042799,0.846564,0.018841,0.848767,0.018924,0.697535,0.037848
"{'classifier__criterion': 'gini', 'classifier__max_features': 'sqrt', 'classifier__min_samples_split': 6, 'classifier__n_estimators': 20}",0.847032,0.014456,0.887273,0.037353,0.793598,0.038524,0.688471,0.029428,0.838375,0.01452,0.840435,0.013896,0.68087,0.027793
"{'classifier__criterion': 'gini', 'classifier__max_features': 'sqrt', 'classifier__min_samples_split': 6, 'classifier__n_estimators': 30}",0.84916,0.014122,0.892795,0.040389,0.791159,0.033551,0.693059,0.029156,0.839706,0.011398,0.841977,0.011685,0.683953,0.023369
"{'classifier__criterion': 'gini', 'classifier__max_features': 'sqrt', 'classifier__min_samples_split': 6, 'classifier__n_estimators': 40}",0.847032,0.016597,0.889091,0.043037,0.79122,0.04576,0.689172,0.033105,0.837688,0.017058,0.840155,0.016113,0.68031,0.032227
"{'classifier__criterion': 'gini', 'classifier__max_features': 'sqrt', 'classifier__min_samples_split': 6, 'classifier__n_estimators': 50}",0.857615,0.018234,0.896498,0.040709,0.806037,0.02919,0.710216,0.036654,0.849484,0.015514,0.851267,0.015946,0.702535,0.031891
"{'classifier__criterion': 'gini', 'classifier__max_features': 'sqrt', 'classifier__min_samples_split': 6, 'classifier__n_estimators': 60}",0.854423,0.018808,0.896498,0.046967,0.798537,0.023829,0.704102,0.038308,0.845431,0.013419,0.847517,0.014725,0.695035,0.029451
"{'classifier__criterion': 'gini', 'classifier__max_features': 'sqrt', 'classifier__min_samples_split': 6, 'classifier__n_estimators': 70}",0.856551,0.020592,0.89835,0.044753,0.801037,0.022503,0.708106,0.042049,0.847755,0.016389,0.849693,0.017337,0.699387,0.034674
"{'classifier__criterion': 'gini', 'classifier__max_features': 'sqrt', 'classifier__min_samples_split': 6, 'classifier__n_estimators': 80}",0.854434,0.021969,0.894646,0.044616,0.801159,0.030765,0.703889,0.044546,0.845983,0.019296,0.847903,0.019674,0.695805,0.039348
"{'classifier__criterion': 'gini', 'classifier__max_features': 'sqrt', 'classifier__min_samples_split': 6, 'classifier__n_estimators': 90}",0.854434,0.019849,0.89468,0.043738,0.801098,0.022034,0.703719,0.040503,0.84607,0.015698,0.847889,0.016644,0.695778,0.033287
"{'classifier__criterion': 'gini', 'classifier__max_features': 'sqrt', 'classifier__min_samples_split': 6, 'classifier__n_estimators': 100}",0.855487,0.020004,0.89835,0.042391,0.798659,0.027542,0.705829,0.040564,0.846474,0.017147,0.848504,0.017547,0.697009,0.035093
"{'classifier__criterion': 'gini', 'classifier__max_features': 'sqrt', 'classifier__min_samples_split': 6, 'classifier__n_estimators': 110}",0.852329,0.021011,0.892828,0.045099,0.798659,0.027542,0.699571,0.042807,0.843814,0.017595,0.845743,0.018211,0.691487,0.036422
"{'classifier__criterion': 'gini', 'classifier__max_features': 'sqrt', 'classifier__min_samples_split': 6, 'classifier__n_estimators': 120}",0.853371,0.019704,0.896498,0.043162,0.79622,0.033922,0.701753,0.040022,0.84417,0.017544,0.846359,0.017731,0.692718,0.035463
"{'classifier__criterion': 'gini', 'classifier__max_features': 'sqrt', 'classifier__min_samples_split': 6, 'classifier__n_estimators': 130}",0.855487,0.021602,0.900202,0.043932,0.796159,0.032342,0.706014,0.043838,0.845934,0.019358,0.84818,0.019533,0.696361,0.039065
"{'classifier__criterion': 'gini', 'classifier__max_features': 'sqrt', 'classifier__min_samples_split': 6, 'classifier__n_estimators': 140}",0.857604,0.023637,0.900202,0.043932,0.801159,0.034416,0.710326,0.047883,0.848605,0.021935,0.85068,0.021964,0.701361,0.043927
"{'classifier__criterion': 'gini', 'classifier__max_features': 'sqrt', 'classifier__min_samples_split': 6, 'classifier__n_estimators': 150}",0.855498,0.019949,0.900202,0.043932,0.79628,0.033532,0.706255,0.040495,0.845937,0.017464,0.848241,0.017729,0.696483,0.035457
"{'classifier__criterion': 'gini', 'classifier__max_features': 'sqrt', 'classifier__min_samples_split': 6, 'classifier__n_estimators': 160}",0.857604,0.021681,0.902054,0.040554,0.798659,0.031567,0.710045,0.044362,0.848245,0.020028,0.850356,0.0201,0.700712,0.040201
"{'classifier__criterion': 'gini', 'classifier__max_features': 'sqrt', 'classifier__min_samples_split': 6, 'classifier__n_estimators': 170}",0.85654,0.022734,0.900202,0.043144,0.798659,0.031567,0.708033,0.046327,0.847329,0.020661,0.84943,0.020829,0.698861,0.041657
"{'classifier__criterion': 'gini', 'classifier__max_features': 'sqrt', 'classifier__min_samples_split': 6, 'classifier__n_estimators': 180}",0.85654,0.021176,0.900202,0.04069,0.798598,0.030069,0.707831,0.043509,0.847352,0.019177,0.8494,0.019406,0.6988,0.038812
"{'classifier__criterion': 'gini', 'classifier__max_features': 'sqrt', 'classifier__min_samples_split': 6, 'classifier__n_estimators': 190}",0.855487,0.022604,0.89835,0.04398,0.798598,0.030069,0.705874,0.046015,0.846423,0.020133,0.848474,0.020441,0.696948,0.040882
"{'classifier__criterion': 'gini', 'classifier__max_features': 'sqrt', 'classifier__min_samples_split': 6, 'classifier__n_estimators': 200}",0.855487,0.02055,0.900202,0.04069,0.796159,0.032342,0.705776,0.042202,0.845999,0.018812,0.84818,0.018924,0.696361,0.037847
"{'classifier__criterion': 'gini', 'classifier__max_features': 'sqrt', 'classifier__min_samples_split': 6, 'classifier__n_estimators': 210}",0.855487,0.02055,0.900202,0.04069,0.796159,0.032342,0.705776,0.042202,0.845999,0.018812,0.84818,0.018924,0.696361,0.037847
"{'classifier__criterion': 'gini', 'classifier__max_features': 'sqrt', 'classifier__min_samples_split': 6, 'classifier__n_estimators': 220}",0.855476,0.020616,0.900202,0.04069,0.796098,0.032839,0.705736,0.042385,0.84596,0.019037,0.84815,0.019101,0.6963,0.038202
"{'classifier__criterion': 'gini', 'classifier__max_features': 'sqrt', 'classifier__min_samples_split': 6, 'classifier__n_estimators': 230}",0.853359,0.01805,0.89835,0.043193,0.793659,0.034757,0.70185,0.037061,0.843627,0.015753,0.846004,0.015933,0.692009,0.031866
"{'classifier__criterion': 'gini', 'classifier__max_features': 'sqrt', 'classifier__min_samples_split': 6, 'classifier__n_estimators': 240}",0.853359,0.020895,0.89835,0.043193,0.793659,0.034757,0.701669,0.042759,0.843692,0.019075,0.846004,0.019152,0.692009,0.038303
"{'classifier__criterion': 'gini', 'classifier__max_features': 'sqrt', 'classifier__min_samples_split': 6, 'classifier__n_estimators': 250}",0.854423,0.019916,0.89835,0.043193,0.796159,0.037697,0.704016,0.040712,0.844939,0.018483,0.847254,0.018405,0.694509,0.03681
"{'classifier__criterion': 'gini', 'classifier__max_features': 'sqrt', 'classifier__min_samples_split': 6, 'classifier__n_estimators': 260}",0.856529,0.019613,0.902054,0.040554,0.796098,0.036281,0.708067,0.040168,0.846743,0.01862,0.849076,0.018422,0.698151,0.036844
"{'classifier__criterion': 'gini', 'classifier__max_features': 'sqrt', 'classifier__min_samples_split': 6, 'classifier__n_estimators': 270}",0.85654,0.01952,0.902054,0.040554,0.796159,0.037697,0.708159,0.040002,0.846745,0.018711,0.849106,0.018478,0.698212,0.036956
"{'classifier__criterion': 'gini', 'classifier__max_features': 'sqrt', 'classifier__min_samples_split': 6, 'classifier__n_estimators': 280}",0.855476,0.020071,0.902054,0.040554,0.793659,0.034757,0.705843,0.041177,0.845485,0.018811,0.847856,0.018734,0.695712,0.037467
"{'classifier__criterion': 'gini', 'classifier__max_features': 'sqrt', 'classifier__min_samples_split': 6, 'classifier__n_estimators': 290}",0.855476,0.020071,0.902054,0.040554,0.793659,0.034757,0.705843,0.041177,0.845485,0.018811,0.847856,0.018734,0.695712,0.037467
"{'classifier__criterion': 'gini', 'classifier__max_features': 'sqrt', 'classifier__min_samples_split': 6, 'classifier__n_estimators': 300}",0.855476,0.019511,0.900202,0.04069,0.796098,0.036281,0.705905,0.040042,0.845867,0.018435,0.84815,0.018276,0.6963,0.036551
"{'classifier__criterion': 'gini', 'classifier__max_features': 'sqrt', 'classifier__min_samples_split': 6, 'classifier__n_estimators': 310}",0.856529,0.019613,0.902054,0.040554,0.796098,0.036281,0.708067,0.040168,0.846743,0.01862,0.849076,0.018422,0.698151,0.036844
"{'classifier__criterion': 'gini', 'classifier__max_features': 'sqrt', 'classifier__min_samples_split': 6, 'classifier__n_estimators': 320}",0.856529,0.019613,0.902054,0.040554,0.796098,0.036281,0.708067,0.040168,0.846743,0.01862,0.849076,0.018422,0.698151,0.036844
"{'classifier__criterion': 'gini', 'classifier__max_features': 'sqrt', 'classifier__min_samples_split': 6, 'classifier__n_estimators': 330}",0.855465,0.020715,0.900202,0.043144,0.796098,0.036281,0.706056,0.042234,0.845827,0.019228,0.84815,0.019152,0.6963,0.038305
"{'classifier__criterion': 'gini', 'classifier__max_features': 'sqrt', 'classifier__min_samples_split': 7, 'classifier__n_estimators': 20}",0.844916,0.020703,0.883535,0.043103,0.793537,0.035583,0.684177,0.041256,0.836613,0.01926,0.838536,0.019182,0.677072,0.038363
"{'classifier__criterion': 'gini', 'classifier__max_features': 'sqrt', 'classifier__min_samples_split': 7, 'classifier__n_estimators': 30}",0.848096,0.019579,0.889125,0.050971,0.793659,0.029277,0.691607,0.039609,0.83917,0.01394,0.841392,0.015276,0.682783,0.030552
"{'classifier__criterion': 'gini', 'classifier__max_features': 'sqrt', 'classifier__min_samples_split': 7, 'classifier__n_estimators': 40}",0.84916,0.018271,0.887273,0.044861,0.798659,0.025408,0.693181,0.037337,0.841159,0.013545,0.842966,0.014707,0.685931,0.029414
"{'classifier__criterion': 'gini', 'classifier__max_features': 'sqrt', 'classifier__min_samples_split': 7, 'classifier__n_estimators': 50}",0.852307,0.015769,0.89468,0.042947,0.796159,0.026365,0.699518,0.032085,0.843333,0.011096,0.845419,0.012167,0.690839,0.024335
"{'classifier__criterion': 'gini', 'classifier__max_features': 'sqrt', 'classifier__min_samples_split': 7, 'classifier__n_estimators': 60}",0.85654,0.01578,0.898384,0.039775,0.801098,0.02217,0.707863,0.032391,0.847844,0.011472,0.849741,0.012549,0.699481,0.025099
"{'classifier__criterion': 'gini', 'classifier__max_features': 'sqrt', 'classifier__min_samples_split': 7, 'classifier__n_estimators': 70}",0.856529,0.019077,0.898384,0.043875,0.801037,0.016384,0.707952,0.038565,0.847827,0.014122,0.84971,0.015317,0.69942,0.030634
"{'classifier__criterion': 'gini', 'classifier__max_features': 'sqrt', 'classifier__min_samples_split': 7, 'classifier__n_estimators': 80}",0.857592,0.017177,0.896532,0.040597,0.806037,0.024537,0.710132,0.03502,0.849553,0.013461,0.851284,0.014291,0.702569,0.028581
"{'classifier__criterion': 'gini', 'classifier__max_features': 'sqrt', 'classifier__min_samples_split': 7, 'classifier__n_estimators': 90}",0.857581,0.017298,0.898384,0.042283,0.803537,0.017875,0.710147,0.0354,0.849144,0.012103,0.85096,0.013454,0.70192,0.026908
"{'classifier__criterion': 'gini', 'classifier__max_features': 'sqrt', 'classifier__min_samples_split': 7, 'classifier__n_estimators': 100}",0.857581,0.017298,0.898384,0.042283,0.803537,0.017875,0.710147,0.0354,0.849144,0.012103,0.85096,0.013454,0.70192,0.026908
"{'classifier__criterion': 'gini', 'classifier__max_features': 'sqrt', 'classifier__min_samples_split': 7, 'classifier__n_estimators': 110}",0.856517,0.014544,0.898384,0.039775,0.801037,0.025128,0.707964,0.030254,0.847751,0.010297,0.84971,0.011311,0.69942,0.022623
"{'classifier__criterion': 'gini', 'classifier__max_features': 'sqrt', 'classifier__min_samples_split': 7, 'classifier__n_estimators': 120}",0.859698,0.014257,0.900236,0.041412,0.805976,0.029454,0.714813,0.029483,0.851126,0.010197,0.853106,0.01101,0.706211,0.022019
"{'classifier__criterion': 'gini', 'classifier__max_features': 'sqrt', 'classifier__min_samples_split': 7, 'classifier__n_estimators': 130}",0.858634,0.015241,0.902054,0.040554,0.801037,0.025128,0.712388,0.031513,0.849473,0.010872,0.851545,0.011886,0.70309,0.023772
"{'classifier__criterion': 'gini', 'classifier__max_features': 'sqrt', 'classifier__min_samples_split': 7, 'classifier__n_estimators': 140}",0.858645,0.016563,0.900236,0.041412,0.803537,0.023611,0.712415,0.034247,0.849963,0.012134,0.851886,0.013185,0.703772,0.026369
"{'classifier__criterion': 'gini', 'classifier__max_features': 'sqrt', 'classifier__min_samples_split': 7, 'classifier__n_estimators': 150}",0.856529,0.018551,0.896532,0.044621,0.803537,0.023611,0.708281,0.03789,0.84816,0.013808,0.850034,0.014891,0.700069,0.029782
"{'classifier__criterion': 'gini', 'classifier__max_features': 'sqrt', 'classifier__min_samples_split': 7, 'classifier__n_estimators': 160}",0.857581,0.021371,0.896532,0.04687,0.805976,0.022329,0.710476,0.043297,0.849462,0.016842,0.851254,0.017801,0.702508,0.035603
"{'classifier__criterion': 'gini', 'classifier__max_features': 'sqrt', 'classifier__min_samples_split': 7, 'classifier__n_estimators': 170}",0.857559,0.018732,0.900236,0.044601,0.800976,0.027988,0.71043,0.038134,0.848497,0.01504,0.850606,0.015692,0.701211,0.031383
"{'classifier__criterion': 'gini', 'classifier__max_features': 'sqrt', 'classifier__min_samples_split': 7, 'classifier__n_estimators': 180}",0.856506,0.019268,0.900236,0.044601,0.798537,0.032493,0.708348,0.039185,0.847136,0.016581,0.849386,0.016823,0.698772,0.033646
"{'classifier__criterion': 'gini', 'classifier__max_features': 'sqrt', 'classifier__min_samples_split': 7, 'classifier__n_estimators': 190}",0.856506,0.019268,0.900236,0.044601,0.798537,0.032493,0.708348,0.039185,0.847136,0.016581,0.849386,0.016823,0.698772,0.033646
"{'classifier__criterion': 'gini', 'classifier__max_features': 'sqrt', 'classifier__min_samples_split': 7, 'classifier__n_estimators': 200}",0.856506,0.019268,0.902054,0.043806,0.796098,0.032839,0.708285,0.039114,0.846711,0.016807,0.849076,0.016989,0.698151,0.033978
"{'classifier__criterion': 'gini', 'classifier__max_features': 'sqrt', 'classifier__min_samples_split': 7, 'classifier__n_estimators': 210}",0.853348,0.018737,0.89468,0.046769,0.798598,0.035765,0.702167,0.037914,0.844408,0.015923,0.846639,0.016157,0.693278,0.032315
"{'classifier__criterion': 'gini', 'classifier__max_features': 'sqrt', 'classifier__min_samples_split': 7, 'classifier__n_estimators': 220}",0.85439,0.019654,0.89835,0.04398,0.796098,0.032839,0.703866,0.039888,0.844973,0.017257,0.847224,0.017447,0.694448,0.034894
"{'classifier__criterion': 'gini', 'classifier__max_features': 'sqrt', 'classifier__min_samples_split': 7, 'classifier__n_estimators': 230}",0.85439,0.019654,0.89835,0.04398,0.796098,0.032839,0.703866,0.039888,0.844973,0.017257,0.847224,0.017447,0.694448,0.034894
"{'classifier__criterion': 'gini', 'classifier__max_features': 'sqrt', 'classifier__min_samples_split': 7, 'classifier__n_estimators': 240}",0.85439,0.019654,0.89835,0.04398,0.796098,0.032839,0.703866,0.039888,0.844973,0.017257,0.847224,0.017447,0.694448,0.034894
"{'classifier__criterion': 'gini', 'classifier__max_features': 'sqrt', 'classifier__min_samples_split': 7, 'classifier__n_estimators': 250}",0.85439,0.019654,0.89835,0.04398,0.796098,0.032839,0.703866,0.039888,0.844973,0.017257,0.847224,0.017447,0.694448,0.034894
"{'classifier__criterion': 'gini', 'classifier__max_features': 'sqrt', 'classifier__min_samples_split': 7, 'classifier__n_estimators': 260}",0.855454,0.021318,0.89835,0.043193,0.798537,0.034275,0.705887,0.043351,0.846305,0.01965,0.848443,0.019652,0.696887,0.039303
"{'classifier__criterion': 'gini', 'classifier__max_features': 'sqrt', 'classifier__min_samples_split': 7, 'classifier__n_estimators': 270}",0.85439,0.022787,0.896498,0.046231,0.798537,0.034275,0.703915,0.046002,0.845378,0.02063,0.847517,0.020727,0.695035,0.041454
"{'classifier__criterion': 'gini', 'classifier__max_features': 'sqrt', 'classifier__min_samples_split': 7, 'classifier__n_estimators': 280}",0.855454,0.022855,0.89835,0.047719,0.798537,0.034275,0.706298,0.046123,0.846207,0.020294,0.848443,0.020485,0.696887,0.04097
"{'classifier__criterion': 'gini', 'classifier__max_features': 'sqrt', 'classifier__min_samples_split': 7, 'classifier__n_estimators': 290}",0.855442,0.021936,0.89835,0.04398,0.798537,0.034275,0.70591,0.044432,0.846297,0.020183,0.848443,0.020181,0.696887,0.040363
"{'classifier__criterion': 'gini', 'classifier__max_features': 'sqrt', 'classifier__min_samples_split': 7, 'classifier__n_estimators': 300}",0.85757,0.020316,0.902054,0.042212,0.798537,0.034275,0.710265,0.041492,0.848052,0.018689,0.850295,0.018675,0.70059,0.03735
"{'classifier__criterion': 'gini', 'classifier__max_features': 'sqrt', 'classifier__min_samples_split': 7, 'classifier__n_estimators': 310}",0.856506,0.021956,0.900202,0.045467,0.798537,0.034275,0.708293,0.04445,0.847126,0.0198,0.849369,0.01989,0.698739,0.039779
"{'classifier__criterion': 'gini', 'classifier__max_features': 'sqrt', 'classifier__min_samples_split': 7, 'classifier__n_estimators': 320}",0.854401,0.0232,0.896498,0.047691,0.798537,0.034275,0.704102,0.046947,0.845344,0.020653,0.847517,0.020873,0.695035,0.041745
"{'classifier__criterion': 'gini', 'classifier__max_features': 'sqrt', 'classifier__min_samples_split': 7, 'classifier__n_estimators': 330}",0.854401,0.0232,0.896498,0.047691,0.798537,0.034275,0.704102,0.046947,0.845344,0.020653,0.847517,0.020873,0.695035,0.041745
"{'classifier__criterion': 'gini', 'classifier__max_features': 'sqrt', 'classifier__min_samples_split': 8, 'classifier__n_estimators': 20}",0.850202,0.019435,0.883569,0.043008,0.806037,0.036441,0.695464,0.038481,0.843156,0.017594,0.844803,0.017637,0.689606,0.035273
"{'classifier__criterion': 'gini', 'classifier__max_features': 'sqrt', 'classifier__min_samples_split': 8, 'classifier__n_estimators': 30}",0.849149,0.023722,0.881717,0.049781,0.805976,0.016144,0.693349,0.047013,0.842436,0.018552,0.843846,0.019621,0.687693,0.039242
"{'classifier__criterion': 'gini', 'classifier__max_features': 'sqrt', 'classifier__min_samples_split': 8, 'classifier__n_estimators': 40}",0.84916,0.024082,0.881717,0.047669,0.806037,0.021979,0.693252,0.048383,0.84249,0.019878,0.843877,0.020808,0.687754,0.041616
"{'classifier__criterion': 'gini', 'classifier__max_features': 'sqrt', 'classifier__min_samples_split': 8, 'classifier__n_estimators': 50}",0.851288,0.024117,0.885387,0.04523,0.806098,0.026562,0.697379,0.048722,0.844292,0.020856,0.845742,0.021571,0.691485,0.043141
"{'classifier__criterion': 'gini', 'classifier__max_features': 'sqrt', 'classifier__min_samples_split': 8, 'classifier__n_estimators': 60}",0.852329,0.02258,0.890943,0.043386,0.801098,0.019144,0.69916,0.046123,0.844412,0.018654,0.84602,0.019641,0.69204,0.039282
"{'classifier__criterion': 'gini', 'classifier__max_features': 'sqrt', 'classifier__min_samples_split': 8, 'classifier__n_estimators': 70}",0.855487,0.021128,0.892795,0.042053,0.806037,0.021979,0.705703,0.042996,0.84786,0.017529,0.849416,0.018375,0.698831,0.03675
"{'classifier__criterion': 'gini', 'classifier__max_features': 'sqrt', 'classifier__min_samples_split': 8, 'classifier__n_estimators': 80}",0.857604,0.021681,0.896498,0.043949,0.806098,0.026562,0.710323,0.044482,0.849552,0.018217,0.851298,0.019032,0.702596,0.038064
"{'classifier__criterion': 'gini', 'classifier__max_features': 'sqrt', 'classifier__min_samples_split': 8, 'classifier__n_estimators': 90}",0.85654,0.021737,0.89835,0.043193,0.801098,0.019144,0.707851,0.04469,0.847902,0.017703,0.849724,0.01872,0.699448,0.037439
"{'classifier__criterion': 'gini', 'classifier__max_features': 'sqrt', 'classifier__min_samples_split': 8, 'classifier__n_estimators': 100}",0.858645,0.018461,0.902054,0.038826,0.801098,0.022034,0.712005,0.037861,0.849653,0.015194,0.851576,0.015889,0.703151,0.031778
"{'classifier__criterion': 'gini', 'classifier__max_features': 'sqrt', 'classifier__min_samples_split': 8, 'classifier__n_estimators': 110}",0.855487,0.016404,0.900202,0.036232,0.79622,0.023319,0.705391,0.033349,0.846194,0.013458,0.848211,0.014046,0.696422,0.028091
"{'classifier__criterion': 'gini', 'classifier__max_features': 'sqrt', 'classifier__min_samples_split': 8, 'classifier__n_estimators': 120}",0.854434,0.015516,0.896498,0.036253,0.798659,0.022816,0.703242,0.031555,0.845732,0.012224,0.847578,0.012905,0.695157,0.02581
"{'classifier__criterion': 'gini', 'classifier__max_features': 'sqrt', 'classifier__min_samples_split': 8, 'classifier__n_estimators': 130}",0.857592,0.019064,0.900202,0.038968,0.801098,0.022034,0.709809,0.039182,0.84879,0.015859,0.85065,0.016562,0.7013,0.033124
"{'classifier__criterion': 'gini', 'classifier__max_features': 'sqrt', 'classifier__min_samples_split': 8, 'classifier__n_estimators': 140}",0.857592,0.019637,0.900236,0.041412,0.801098,0.022034,0.710042,0.040601,0.848757,0.015926,0.850667,0.016811,0.701333,0.033621
"{'classifier__criterion': 'gini', 'classifier__max_features': 'sqrt', 'classifier__min_samples_split': 8, 'classifier__n_estimators': 150}",0.857604,0.017747,0.898384,0.039775,0.803598,0.025715,0.710076,0.036587,0.849158,0.014516,0.850991,0.015202,0.701981,0.030403
"{'classifier__criterion': 'gini', 'classifier__max_features': 'sqrt', 'classifier__min_samples_split': 8, 'classifier__n_estimators': 160}",0.857604,0.018361,0.898384,0.041464,0.803598,0.025715,0.710227,0.038037,0.849127,0.014751,0.850991,0.015582,0.701981,0.031164
"{'classifier__criterion': 'gini', 'classifier__max_features': 'sqrt', 'classifier__min_samples_split': 8, 'classifier__n_estimators': 170}",0.856551,0.016399,0.89468,0.040481,0.806037,0.026852,0.708078,0.033457,0.848627,0.012811,0.850358,0.013528,0.700717,0.027056
"{'classifier__criterion': 'gini', 'classifier__max_features': 'sqrt', 'classifier__min_samples_split': 8, 'classifier__n_estimators': 180}",0.857604,0.021681,0.896532,0.043056,0.806037,0.026852,0.710204,0.04457,0.849556,0.01864,0.851284,0.019267,0.702569,0.038534
"{'classifier__criterion': 'gini', 'classifier__max_features': 'sqrt', 'classifier__min_samples_split': 8, 'classifier__n_estimators': 190}",0.860761,0.019886,0.900202,0.04069,0.808476,0.027729,0.716575,0.040774,0.852589,0.017258,0.854339,0.017704,0.708678,0.035409
"{'classifier__criterion': 'gini', 'classifier__max_features': 'sqrt', 'classifier__min_samples_split': 8, 'classifier__n_estimators': 200}",0.858656,0.018942,0.89835,0.043193,0.806037,0.026852,0.712536,0.038722,0.850347,0.015244,0.852193,0.015997,0.704387,0.031994
"{'classifier__criterion': 'gini', 'classifier__max_features': 'sqrt', 'classifier__min_samples_split': 8, 'classifier__n_estimators': 210}",0.857592,0.020689,0.896498,0.044723,0.805976,0.029454,0.710437,0.042183,0.849393,0.017471,0.851237,0.018049,0.702474,0.036098
"{'classifier__criterion': 'gini', 'classifier__max_features': 'sqrt', 'classifier__min_samples_split': 8, 'classifier__n_estimators': 220}",0.856517,0.021337,0.89835,0.044753,0.800976,0.030038,0.708157,0.043527,0.847631,0.018459,0.849663,0.018915,0.699326,0.03783
"{'classifier__criterion': 'gini', 'classifier__max_features': 'sqrt', 'classifier__min_samples_split': 8, 'classifier__n_estimators': 230}",0.858645,0.021206,0.896498,0.046967,0.808415,0.028227,0.71278,0.042824,0.850642,0.017438,0.852456,0.018101,0.704913,0.036202
"{'classifier__criterion': 'gini', 'classifier__max_features': 'sqrt', 'classifier__min_samples_split': 8, 'classifier__n_estimators': 240}",0.856517,0.021851,0.896498,0.046967,0.803415,0.029256,0.708339,0.044275,0.848004,0.018463,0.849956,0.019012,0.699913,0.038024
"{'classifier__criterion': 'gini', 'classifier__max_features': 'sqrt', 'classifier__min_samples_split': 8, 'classifier__n_estimators': 250}",0.85757,0.020855,0.89835,0.044753,0.803415,0.029256,0.710333,0.042433,0.848923,0.017826,0.850882,0.018293,0.701765,0.036586
"{'classifier__criterion': 'gini', 'classifier__max_features': 'sqrt', 'classifier__min_samples_split': 8, 'classifier__n_estimators': 260}",0.858634,0.019647,0.89835,0.044753,0.805915,0.031939,0.71268,0.039863,0.85017,0.016807,0.852132,0.017158,0.704265,0.034316
"{'classifier__criterion': 'gini', 'classifier__max_features': 'sqrt', 'classifier__min_samples_split': 8, 'classifier__n_estimators': 270}",0.85757,0.022392,0.89835,0.047719,0.803415,0.029256,0.710554,0.045351,0.848872,0.01895,0.850882,0.01951,0.701765,0.03902
"{'classifier__criterion': 'gini', 'classifier__max_features': 'sqrt', 'classifier__min_samples_split': 8, 'classifier__n_estimators': 280}",0.85757,0.022392,0.89835,0.047719,0.803415,0.029256,0.710554,0.045351,0.848872,0.01895,0.850882,0.01951,0.701765,0.03902
"{'classifier__criterion': 'gini', 'classifier__max_features': 'sqrt', 'classifier__min_samples_split': 8, 'classifier__n_estimators': 290}",0.856517,0.021851,0.896498,0.046967,0.803415,0.029256,0.708339,0.044275,0.848004,0.018463,0.849956,0.019012,0.699913,0.038024
"{'classifier__criterion': 'gini', 'classifier__max_features': 'sqrt', 'classifier__min_samples_split': 8, 'classifier__n_estimators': 300}",0.855465,0.021759,0.894646,0.046865,0.803415,0.029256,0.706177,0.044174,0.847128,0.018336,0.849031,0.018914,0.698061,0.037827
"{'classifier__criterion': 'gini', 'classifier__max_features': 'sqrt', 'classifier__min_samples_split': 8, 'classifier__n_estimators': 310}",0.856517,0.020812,0.896498,0.044723,0.803415,0.029256,0.708171,0.042429,0.848046,0.017741,0.849956,0.018237,0.699913,0.036475
"{'classifier__criterion': 'gini', 'classifier__max_features': 'sqrt', 'classifier__min_samples_split': 8, 'classifier__n_estimators': 320}",0.856517,0.020812,0.896498,0.044723,0.803415,0.029256,0.708171,0.042429,0.848046,0.017741,0.849956,0.018237,0.699913,0.036475
"{'classifier__criterion': 'gini', 'classifier__max_features': 'sqrt', 'classifier__min_samples_split': 8, 'classifier__n_estimators': 330}",0.857592,0.021218,0.894646,0.046865,0.808415,0.028227,0.710618,0.042944,0.849766,0.017437,0.851531,0.018126,0.703061,0.036251
"{'classifier__criterion': 'gini', 'classifier__max_features': 'sqrt', 'classifier__min_samples_split': 9, 'classifier__n_estimators': 20}",0.845946,0.023074,0.885387,0.04523,0.793659,0.034844,0.686469,0.046042,0.837568,0.021088,0.839523,0.021209,0.679046,0.042419
"{'classifier__criterion': 'gini', 'classifier__max_features': 'sqrt', 'classifier__min_samples_split': 9, 'classifier__n_estimators': 30}",0.84701,0.023526,0.883569,0.050354,0.798598,0.023393,0.688993,0.046537,0.839343,0.01893,0.841083,0.019747,0.682167,0.039494
"{'classifier__criterion': 'gini', 'classifier__max_features': 'sqrt', 'classifier__min_samples_split': 9, 'classifier__n_estimators': 40}",0.854423,0.025814,0.887273,0.048533,0.810915,0.030396,0.704181,0.052201,0.847602,0.022742,0.849094,0.023283,0.698187,0.046566
"{'classifier__criterion': 'gini', 'classifier__max_features': 'sqrt', 'classifier__min_samples_split': 9, 'classifier__n_estimators': 50}",0.859686,0.020714,0.892795,0.04286,0.815854,0.024219,0.714528,0.041401,0.852947,0.017432,0.854324,0.017959,0.708648,0.035918
"{'classifier__criterion': 'gini', 'classifier__max_features': 'sqrt', 'classifier__min_samples_split': 9, 'classifier__n_estimators': 60}",0.854401,0.024186,0.889125,0.046761,0.808415,0.020683,0.703722,0.048373,0.847317,0.020405,0.84877,0.02108,0.697539,0.042161
"{'classifier__criterion': 'gini', 'classifier__max_features': 'sqrt', 'classifier__min_samples_split': 9, 'classifier__n_estimators': 70}",0.856517,0.021382,0.892828,0.041122,0.808415,0.020683,0.707653,0.0434,0.849173,0.018215,0.850621,0.018846,0.701243,0.037691
"{'classifier__criterion': 'gini', 'classifier__max_features': 'sqrt', 'classifier__min_samples_split': 9, 'classifier__n_estimators': 80}",0.856517,0.023832,0.892795,0.045197,0.808415,0.020683,0.707906,0.048303,0.849107,0.020185,0.850605,0.020949,0.701209,0.041898
"{'classifier__criterion': 'gini', 'classifier__max_features': 'sqrt', 'classifier__min_samples_split': 9, 'classifier__n_estimators': 90}",0.857559,0.024884,0.892828,0.048753,0.810915,0.023811,0.710467,0.049774,0.850316,0.021065,0.851871,0.021737,0.703743,0.043474
"{'classifier__criterion': 'gini', 'classifier__max_features': 'sqrt', 'classifier__min_samples_split': 9, 'classifier__n_estimators': 100}",0.854401,0.024186,0.892795,0.050906,0.803537,0.023611,0.704182,0.048078,0.846327,0.019647,0.848166,0.020462,0.696331,0.040924
"{'classifier__criterion': 'gini', 'classifier__max_features': 'sqrt', 'classifier__min_samples_split': 9, 'classifier__n_estimators': 110}",0.854401,0.024186,0.892795,0.050906,0.803537,0.023611,0.704182,0.048078,0.846327,0.019647,0.848166,0.020462,0.696331,0.040924
"{'classifier__criterion': 'gini', 'classifier__max_features': 'sqrt', 'classifier__min_samples_split': 9, 'classifier__n_estimators': 120}",0.858645,0.020181,0.900202,0.043144,0.803537,0.023611,0.712352,0.041254,0.849976,0.016411,0.851869,0.017219,0.703739,0.034437
"{'classifier__criterion': 'gini', 'classifier__max_features': 'sqrt', 'classifier__min_samples_split': 9, 'classifier__n_estimators': 130}",0.858634,0.021873,0.900236,0.047578,0.803537,0.023611,0.712711,0.044284,0.849901,0.01746,0.851886,0.018372,0.703772,0.036745
"{'classifier__criterion': 'gini', 'classifier__max_features': 'sqrt', 'classifier__min_samples_split': 9, 'classifier__n_estimators': 140}",0.856529,0.021843,0.896532,0.04687,0.803537,0.023611,0.708299,0.044377,0.84817,0.017551,0.850034,0.018464,0.700069,0.036929
"{'classifier__criterion': 'gini', 'classifier__max_features': 'sqrt', 'classifier__min_samples_split': 9, 'classifier__n_estimators': 150}",0.856529,0.021843,0.896532,0.04687,0.803537,0.023611,0.708299,0.044377,0.84817,0.017551,0.850034,0.018464,0.700069,0.036929
"{'classifier__criterion': 'gini', 'classifier__max_features': 'sqrt', 'classifier__min_samples_split': 9, 'classifier__n_estimators': 160}",0.858634,0.02136,0.900202,0.046215,0.803537,0.023611,0.712575,0.043128,0.849913,0.017161,0.851869,0.017996,0.703739,0.035992
"{'classifier__criterion': 'gini', 'classifier__max_features': 'sqrt', 'classifier__min_samples_split': 9, 'classifier__n_estimators': 170}",0.860761,0.017516,0.900202,0.041524,0.808476,0.025494,0.716724,0.035385,0.852545,0.013858,0.854339,0.014509,0.708678,0.029018
"{'classifier__criterion': 'gini', 'classifier__max_features': 'sqrt', 'classifier__min_samples_split': 9, 'classifier__n_estimators': 180}",0.858634,0.020238,0.896498,0.044723,0.808415,0.028227,0.712555,0.040561,0.850683,0.016921,0.852456,0.017383,0.704913,0.034767
"{'classifier__criterion': 'gini', 'classifier__max_features': 'sqrt', 'classifier__min_samples_split': 9, 'classifier__n_estimators': 190}",0.859686,0.023286,0.89835,0.04626,0.808415,0.023383,0.714599,0.046991,0.851665,0.019603,0.853382,0.020269,0.706765,0.040538
"{'classifier__criterion': 'gini', 'classifier__max_features': 'sqrt', 'classifier__min_samples_split': 9, 'classifier__n_estimators': 200}",0.861803,0.021426,0.900202,0.046215,0.810915,0.02619,0.719137,0.042928,0.853775,0.017725,0.855558,0.018291,0.711117,0.036582
"{'classifier__criterion': 'gini', 'classifier__max_features': 'sqrt', 'classifier__min_samples_split': 9, 'classifier__n_estimators': 210}",0.859686,0.022805,0.900202,0.046215,0.805976,0.027139,0.714706,0.045883,0.851189,0.019524,0.853089,0.02,0.706178,0.04
"{'classifier__criterion': 'gini', 'classifier__max_features': 'sqrt', 'classifier__min_samples_split': 9, 'classifier__n_estimators': 220}",0.862856,0.021723,0.902054,0.046833,0.810915,0.02619,0.721353,0.043491,0.854642,0.017955,0.856484,0.01853,0.712969,0.03706
"{'classifier__criterion': 'gini', 'classifier__max_features': 'sqrt', 'classifier__min_samples_split': 9, 'classifier__n_estimators': 230}",0.862856,0.021723,0.902054,0.046833,0.810915,0.02619,0.721353,0.043491,0.854642,0.017955,0.856484,0.01853,0.712969,0.03706
"{'classifier__criterion': 'gini', 'classifier__max_features': 'sqrt', 'classifier__min_samples_split': 9, 'classifier__n_estimators': 240}",0.858623,0.019184,0.900202,0.04839,0.803476,0.030979,0.713071,0.038433,0.849649,0.014998,0.851839,0.015644,0.703678,0.031287
"{'classifier__criterion': 'gini', 'classifier__max_features': 'sqrt', 'classifier__min_samples_split': 9, 'classifier__n_estimators': 250}",0.860728,0.020664,0.902054,0.046833,0.805915,0.031939,0.71715,0.0414,0.851882,0.017619,0.853984,0.017914,0.707969,0.035829
"{'classifier__criterion': 'gini', 'classifier__max_features': 'sqrt', 'classifier__min_samples_split': 9, 'classifier__n_estimators': 260}",0.858623,0.022425,0.900202,0.046951,0.803476,0.028682,0.712652,0.045223,0.849812,0.019073,0.851839,0.01958,0.703678,0.03916
"{'classifier__criterion': 'gini', 'classifier__max_features': 'sqrt', 'classifier__min_samples_split': 9, 'classifier__n_estimators': 270}",0.857559,0.02043,0.900202,0.046951,0.800976,0.027988,0.710569,0.041298,0.848449,0.0165,0.850589,0.017194,0.701178,0.034389
"{'classifier__criterion': 'gini', 'classifier__max_features': 'sqrt', 'classifier__min_samples_split': 9, 'classifier__n_estimators': 280}",0.855454,0.020286,0.898384,0.049042,0.798537,0.030607,0.70656,0.041032,0.846185,0.01611,0.84846,0.016841,0.69692,0.033681
"{'classifier__criterion': 'gini', 'classifier__max_features': 'sqrt', 'classifier__min_samples_split': 9, 'classifier__n_estimators': 290}",0.855454,0.020286,0.898384,0.049042,0.798537,0.030607,0.70656,0.041032,0.846185,0.01611,0.84846,0.016841,0.69692,0.033681
"{'classifier__criterion': 'gini', 'classifier__max_features': 'sqrt', 'classifier__min_samples_split': 9, 'classifier__n_estimators': 300}",0.856506,0.022455,0.896532,0.048311,0.803415,0.029256,0.708443,0.045389,0.847993,0.018904,0.849973,0.019472,0.699947,0.038944
"{'classifier__criterion': 'gini', 'classifier__max_features': 'sqrt', 'classifier__min_samples_split': 9, 'classifier__n_estimators': 310}",0.857559,0.022982,0.898384,0.049042,0.803415,0.029256,0.710659,0.046434,0.848861,0.019381,0.850899,0.019958,0.701798,0.039915
"{'classifier__criterion': 'gini', 'classifier__max_features': 'sqrt', 'classifier__min_samples_split': 9, 'classifier__n_estimators': 320}",0.856517,0.022394,0.896532,0.048311,0.803476,0.028682,0.708483,0.045215,0.848033,0.018674,0.850004,0.019295,0.700008,0.038591
"{'classifier__criterion': 'gini', 'classifier__max_features': 'sqrt', 'classifier__min_samples_split': 9, 'classifier__n_estimators': 330}",0.856517,0.022394,0.896532,0.048311,0.803476,0.028682,0.708483,0.045215,0.848033,0.018674,0.850004,0.019295,0.700008,0.038591
"{'classifier__criterion': 'gini', 'classifier__max_features': 'sqrt', 'classifier__min_samples_split': 2, 'classifier__n_estimators': 20}",0.84495,0.017525,0.87064,0.037829,0.811037,0.0337,0.684753,0.035297,0.83971,0.016099,0.840838,0.016356,0.681676,0.032712
"{'classifier__criterion': 'gini', 'classifier__max_features': 'sqrt', 'classifier__min_samples_split': 2, 'classifier__n_estimators': 30}",0.852318,0.014153,0.881717,0.046944,0.813476,0.044834,0.701033,0.028278,0.845754,0.012045,0.847596,0.012165,0.695193,0.024331
"{'classifier__criterion': 'gini', 'classifier__max_features': 'sqrt', 'classifier__min_samples_split': 2, 'classifier__n_estimators': 40}",0.850213,0.017475,0.87798,0.047046,0.813354,0.031081,0.696067,0.033739,0.844231,0.013056,0.845667,0.013759,0.691333,0.027519
"{'classifier__criterion': 'gini', 'classifier__max_features': 'sqrt', 'classifier__min_samples_split': 2, 'classifier__n_estimators': 50}",0.853382,0.017232,0.887273,0.050609,0.808476,0.032015,0.702839,0.034465,0.846012,0.011082,0.847874,0.012513,0.695748,0.025025
"{'classifier__criterion': 'gini', 'classifier__max_features': 'sqrt', 'classifier__min_samples_split': 2, 'classifier__n_estimators': 60}",0.851265,0.024244,0.883535,0.05743,0.808476,0.030099,0.698866,0.047696,0.84418,0.018503,0.846005,0.019598,0.692011,0.039196
"{'classifier__criterion': 'gini', 'classifier__max_features': 'sqrt', 'classifier__min_samples_split': 2, 'classifier__n_estimators': 70}",0.852296,0.025145,0.885387,0.061879,0.808476,0.030099,0.701462,0.048366,0.844906,0.018624,0.846931,0.019585,0.693863,0.039171
"{'classifier__criterion': 'gini', 'classifier__max_features': 'sqrt', 'classifier__min_samples_split': 2, 'classifier__n_estimators': 80}",0.853371,0.01917,0.889091,0.052382,0.806037,0.031258,0.702829,0.037944,0.84559,0.013181,0.847564,0.014434,0.695127,0.028868
"{'classifier__criterion': 'gini', 'classifier__max_features': 'sqrt', 'classifier__min_samples_split': 2, 'classifier__n_estimators': 90}",0.852318,0.018295,0.887273,0.052602,0.806037,0.031258,0.700772,0.036105,0.844697,0.011775,0.846655,0.013202,0.693309,0.026405
"{'classifier__criterion': 'gini', 'classifier__max_features': 'sqrt', 'classifier__min_samples_split': 2, 'classifier__n_estimators': 100}",0.853371,0.018583,0.887273,0.052602,0.808537,0.033588,0.703043,0.036554,0.845973,0.012771,0.847905,0.013924,0.695809,0.027849
"{'classifier__criterion': 'gini', 'classifier__max_features': 'sqrt', 'classifier__min_samples_split': 2, 'classifier__n_estimators': 110}",0.855476,0.02065,0.890976,0.053874,0.808415,0.032354,0.707245,0.04109,0.847704,0.01515,0.849696,0.01624,0.699391,0.03248
"{'classifier__criterion': 'gini', 'classifier__max_features': 'sqrt', 'classifier__min_samples_split': 2, 'classifier__n_estimators': 120}",0.854423,0.021033,0.889125,0.054231,0.808415,0.032354,0.705133,0.042017,0.846818,0.015489,0.84877,0.016633,0.697539,0.033267
"{'classifier__criterion': 'gini', 'classifier__max_features': 'sqrt', 'classifier__min_samples_split': 2, 'classifier__n_estimators': 130}",0.853371,0.018583,0.889091,0.051723,0.805976,0.035164,0.702814,0.036331,0.845495,0.013617,0.847533,0.014435,0.695067,0.02887
"{'classifier__criterion': 'gini', 'classifier__max_features': 'sqrt', 'classifier__min_samples_split': 2, 'classifier__n_estimators': 140}",0.853359,0.019854,0.889091,0.054938,0.805976,0.035164,0.70308,0.037876,0.845404,0.014449,0.847533,0.015139,0.695067,0.030277
"{'classifier__criterion': 'gini', 'classifier__max_features': 'sqrt', 'classifier__min_samples_split': 2, 'classifier__n_estimators': 150}",0.855487,0.01701,0.892795,0.048136,0.805976,0.035164,0.706804,0.033624,0.847345,0.012779,0.849385,0.013481,0.69877,0.026962
"{'classifier__criterion': 'gini', 'classifier__max_features': 'sqrt', 'classifier__min_samples_split': 2, 'classifier__n_estimators': 160}",0.85654,0.015061,0.894646,0.045378,0.805976,0.035164,0.708761,0.030044,0.848274,0.011135,0.850311,0.011782,0.700622,0.023564
"{'classifier__criterion': 'gini', 'classifier__max_features': 'sqrt', 'classifier__min_samples_split': 2, 'classifier__n_estimators': 170}",0.855487,0.015654,0.892828,0.045853,0.805976,0.035164,0.706649,0.03155,0.847408,0.011737,0.849402,0.012453,0.698804,0.024906
"{'classifier__criterion': 'gini', 'classifier__max_features': 'sqrt', 'classifier__min_samples_split': 2, 'classifier__n_estimators': 180}",0.858656,0.014221,0.896498,0.04236,0.808476,0.035537,0.712896,0.028576,0.850537,0.011273,0.852487,0.011667,0.704974,0.023335
"{'classifier__criterion': 'gini', 'classifier__max_features': 'sqrt', 'classifier__min_samples_split': 2, 'classifier__n_estimators': 190}",0.85654,0.018968,0.892828,0.050819,0.808476,0.035537,0.709283,0.038059,0.848626,0.014484,0.850652,0.015297,0.701304,0.030593
"{'classifier__criterion': 'gini', 'classifier__max_features': 'sqrt', 'classifier__min_samples_split': 2, 'classifier__n_estimators': 200}",0.858645,0.019002,0.896498,0.050486,0.808476,0.035537,0.713525,0.03776,0.850381,0.014733,0.852487,0.015402,0.704974,0.030805
"{'classifier__criterion': 'gini', 'classifier__max_features': 'sqrt', 'classifier__min_samples_split': 2, 'classifier__n_estimators': 210}",0.85654,0.020103,0.896498,0.050486,0.803598,0.037325,0.709168,0.040117,0.847794,0.016593,0.850048,0.016981,0.700096,0.033962
"{'classifier__criterion': 'gini', 'classifier__max_features': 'sqrt', 'classifier__min_samples_split': 2, 'classifier__n_estimators': 220}",0.858656,0.018904,0.89835,0.047719,0.806037,0.033106,0.713163,0.03806,0.850108,0.014962,0.852193,0.015681,0.704387,0.031362
"{'classifier__criterion': 'gini', 'classifier__max_features': 'sqrt', 'classifier__min_samples_split': 2, 'classifier__n_estimators': 230}",0.856551,0.01945,0.896532,0.048311,0.803598,0.037325,0.709,0.03936,0.847869,0.016397,0.850065,0.016772,0.70013,0.033544
"{'classifier__criterion': 'gini', 'classifier__max_features': 'sqrt', 'classifier__min_samples_split': 2, 'classifier__n_estimators': 240}",0.857604,0.019494,0.89835,0.047719,0.803598,0.037325,0.71108,0.039258,0.848748,0.016643,0.850974,0.016928,0.701948,0.033856
"{'classifier__criterion': 'gini', 'classifier__max_features': 'sqrt', 'classifier__min_samples_split': 2, 'classifier__n_estimators': 250}",0.857604,0.019494,0.89835,0.047719,0.803598,0.037325,0.71108,0.039258,0.848748,0.016643,0.850974,0.016928,0.701948,0.033856
"{'classifier__criterion': 'gini', 'classifier__max_features': 'sqrt', 'classifier__min_samples_split': 2, 'classifier__n_estimators': 260}",0.857604,0.019494,0.89835,0.047719,0.803598,0.037325,0.71108,0.039258,0.848748,0.016643,0.850974,0.016928,0.701948,0.033856
"{'classifier__criterion': 'gini', 'classifier__max_features': 'sqrt', 'classifier__min_samples_split': 2, 'classifier__n_estimators': 270}",0.857604,0.019494,0.89835,0.047719,0.803598,0.037325,0.71108,0.039258,0.848748,0.016643,0.850974,0.016928,0.701948,0.033856
"{'classifier__criterion': 'gini', 'classifier__max_features': 'sqrt', 'classifier__min_samples_split': 2, 'classifier__n_estimators': 280}",0.854412,0.020564,0.894646,0.053686,0.801098,0.039905,0.705195,0.040516,0.845438,0.016837,0.847872,0.017122,0.695744,0.034244
"{'classifier__criterion': 'gini', 'classifier__max_features': 'sqrt', 'classifier__min_samples_split': 2, 'classifier__n_estimators': 290}",0.85654,0.020103,0.896498,0.050486,0.803598,0.037325,0.709168,0.040117,0.847794,0.016593,0.850048,0.016981,0.700096,0.033962
"{'classifier__criterion': 'gini', 'classifier__max_features': 'sqrt', 'classifier__min_samples_split': 2, 'classifier__n_estimators': 300}",0.855476,0.019511,0.896498,0.050486,0.801098,0.039905,0.707073,0.038967,0.846403,0.016468,0.848798,0.01668,0.697596,0.033361
"{'classifier__criterion': 'gini', 'classifier__max_features': 'sqrt', 'classifier__min_samples_split': 2, 'classifier__n_estimators': 310}",0.85654,0.020103,0.896498,0.050486,0.803598,0.037325,0.709168,0.040117,0.847794,0.016593,0.850048,0.016981,0.700096,0.033962
"{'classifier__criterion': 'gini', 'classifier__max_features': 'sqrt', 'classifier__min_samples_split': 2, 'classifier__n_estimators': 320}",0.855487,0.019442,0.894646,0.049011,0.803598,0.037325,0.706856,0.038663,0.846948,0.016234,0.849122,0.016525,0.698244,0.03305
"{'classifier__criterion': 'gini', 'classifier__max_features': 'sqrt', 'classifier__min_samples_split': 2, 'classifier__n_estimators': 330}",0.853359,0.020358,0.894646,0.050391,0.798598,0.035765,0.702512,0.040771,0.844311,0.016728,0.846622,0.017141,0.693244,0.034283
"{'classifier__criterion': 'gini', 'classifier__max_features': 'sqrt', 'classifier__min_samples_split': 3, 'classifier__n_estimators': 20}",0.843852,0.021174,0.870606,0.043829,0.808476,0.047633,0.683167,0.042425,0.837974,0.021473,0.839541,0.021124,0.679082,0.042249
"{'classifier__criterion': 'gini', 'classifier__max_features': 'sqrt', 'classifier__min_samples_split': 3, 'classifier__n_estimators': 30}",0.850168,0.023832,0.881684,0.054464,0.808537,0.038536,0.69656,0.045736,0.843253,0.020495,0.84511,0.020591,0.69022,0.041182
"{'classifier__criterion': 'gini', 'classifier__max_features': 'sqrt', 'classifier__min_samples_split': 3, 'classifier__n_estimators': 40}",0.851265,0.016659,0.879832,0.044836,0.813476,0.034047,0.698149,0.032185,0.845182,0.013296,0.846654,0.013639,0.693307,0.027277
"{'classifier__criterion': 'gini', 'classifier__max_features': 'sqrt', 'classifier__min_samples_split': 3, 'classifier__n_estimators': 50}",0.853382,0.015181,0.885387,0.042895,0.811037,0.035421,0.70225,0.029767,0.846582,0.012285,0.848212,0.012606,0.696424,0.025213
"{'classifier__criterion': 'gini', 'classifier__max_features': 'sqrt', 'classifier__min_samples_split': 3, 'classifier__n_estimators': 60}",0.851277,0.01903,0.885387,0.046722,0.806098,0.032688,0.698016,0.038914,0.844018,0.015034,0.845742,0.015959,0.691485,0.031918
"{'classifier__criterion': 'gini', 'classifier__max_features': 'sqrt', 'classifier__min_samples_split': 3, 'classifier__n_estimators': 70}",0.852318,0.018891,0.889125,0.046021,0.803598,0.025715,0.69983,0.03839,0.844614,0.014127,0.846361,0.015216,0.692722,0.030433
"{'classifier__criterion': 'gini', 'classifier__max_features': 'sqrt', 'classifier__min_samples_split': 3, 'classifier__n_estimators': 80}",0.852307,0.020142,0.890943,0.048605,0.801159,0.026618,0.699972,0.040127,0.844123,0.015226,0.846051,0.016189,0.692101,0.032378
"{'classifier__criterion': 'gini', 'classifier__max_features': 'sqrt', 'classifier__min_samples_split': 3, 'classifier__n_estimators': 90}",0.854412,0.019506,0.892828,0.047325,0.803598,0.025715,0.704191,0.038949,0.846343,0.014742,0.848213,0.015657,0.696426,0.031314
"{'classifier__criterion': 'gini', 'classifier__max_features': 'sqrt', 'classifier__min_samples_split': 3, 'classifier__n_estimators': 100}",0.856529,0.016592,0.896498,0.041542,0.803598,0.025715,0.708083,0.033658,0.848193,0.01257,0.850048,0.013382,0.700096,0.026765
"{'classifier__criterion': 'gini', 'classifier__max_features': 'sqrt', 'classifier__min_samples_split': 3, 'classifier__n_estimators': 110}",0.851254,0.021942,0.892795,0.053533,0.796159,0.026365,0.698285,0.045106,0.842245,0.015688,0.844477,0.017283,0.688953,0.034566
"{'classifier__criterion': 'gini', 'classifier__max_features': 'sqrt', 'classifier__min_samples_split': 3, 'classifier__n_estimators': 120}",0.852296,0.023316,0.89468,0.051648,0.796098,0.021713,0.700017,0.04809,0.843269,0.017711,0.845389,0.019156,0.690778,0.038312
"{'classifier__criterion': 'gini', 'classifier__max_features': 'sqrt', 'classifier__min_samples_split': 3, 'classifier__n_estimators': 130}",0.851243,0.023981,0.890976,0.050591,0.798537,0.021186,0.6976,0.048506,0.842865,0.019042,0.844757,0.020145,0.689513,0.04029
"{'classifier__criterion': 'gini', 'classifier__max_features': 'sqrt', 'classifier__min_samples_split': 3, 'classifier__n_estimators': 140}",0.852296,0.026012,0.892828,0.053451,0.798537,0.021186,0.700006,0.053309,0.843708,0.02079,0.845682,0.022047,0.691365,0.044094
"{'classifier__criterion': 'gini', 'classifier__max_features': 'sqrt', 'classifier__min_samples_split': 3, 'classifier__n_estimators': 150}",0.852296,0.023787,0.890976,0.050591,0.801037,0.022637,0.699854,0.047932,0.844161,0.018943,0.846007,0.019973,0.692013,0.039945
"{'classifier__criterion': 'gini', 'classifier__max_features': 'sqrt', 'classifier__min_samples_split': 3, 'classifier__n_estimators': 160}",0.853359,0.021973,0.89468,0.048214,0.798537,0.021186,0.701823,0.044889,0.844643,0.017035,0.846608,0.018229,0.693217,0.036458
"{'classifier__criterion': 'gini', 'classifier__max_features': 'sqrt', 'classifier__min_samples_split': 3, 'classifier__n_estimators': 170}",0.853359,0.021973,0.89468,0.048214,0.798537,0.021186,0.701823,0.044889,0.844643,0.017035,0.846608,0.018229,0.693217,0.036458
"{'classifier__criterion': 'gini', 'classifier__max_features': 'sqrt', 'classifier__min_samples_split': 3, 'classifier__n_estimators': 180}",0.854412,0.021141,0.89468,0.048214,0.800976,0.023094,0.704078,0.043098,0.845889,0.016211,0.847828,0.017355,0.695656,0.034709
"{'classifier__criterion': 'gini', 'classifier__max_features': 'sqrt', 'classifier__min_samples_split': 3, 'classifier__n_estimators': 190}",0.854401,0.02277,0.892828,0.05149,0.803415,0.026924,0.704417,0.04584,0.846179,0.017944,0.848121,0.018935,0.696243,0.037869
"{'classifier__criterion': 'gini', 'classifier__max_features': 'sqrt', 'classifier__min_samples_split': 3, 'classifier__n_estimators': 200}",0.855454,0.022418,0.894646,0.051067,0.803415,0.026924,0.70653,0.044921,0.847045,0.017617,0.849031,0.018563,0.698061,0.037126
"{'classifier__criterion': 'gini', 'classifier__max_features': 'sqrt', 'classifier__min_samples_split': 3, 'classifier__n_estimators': 210}",0.854401,0.02277,0.89468,0.051648,0.800976,0.027772,0.704437,0.045837,0.84575,0.017998,0.847828,0.018974,0.695656,0.037949
"{'classifier__criterion': 'gini', 'classifier__max_features': 'sqrt', 'classifier__min_samples_split': 3, 'classifier__n_estimators': 220}",0.85757,0.020363,0.89835,0.047719,0.803476,0.028682,0.710707,0.041105,0.848862,0.016126,0.850913,0.016951,0.701826,0.033902
"{'classifier__criterion': 'gini', 'classifier__max_features': 'sqrt', 'classifier__min_samples_split': 3, 'classifier__n_estimators': 230}",0.854401,0.02277,0.896498,0.051161,0.798537,0.032307,0.704467,0.045637,0.845256,0.018886,0.847517,0.019464,0.695035,0.038928
"{'classifier__criterion': 'gini', 'classifier__max_features': 'sqrt', 'classifier__min_samples_split': 3, 'classifier__n_estimators': 240}",0.854401,0.02277,0.896498,0.051161,0.798537,0.032307,0.704467,0.045637,0.845256,0.018886,0.847517,0.019464,0.695035,0.038928
"{'classifier__criterion': 'gini', 'classifier__max_features': 'sqrt', 'classifier__min_samples_split': 3, 'classifier__n_estimators': 250}",0.852284,0.02436,0.894646,0.054949,0.796098,0.034428,0.700509,0.048163,0.842956,0.020212,0.845372,0.020725,0.690744,0.041449
"{'classifier__criterion': 'gini', 'classifier__max_features': 'sqrt', 'classifier__min_samples_split': 3, 'classifier__n_estimators': 260}",0.853348,0.022087,0.896498,0.051161,0.796098,0.034428,0.702412,0.044236,0.843904,0.018361,0.846298,0.018862,0.692596,0.037724
"{'classifier__criterion': 'gini', 'classifier__max_features': 'sqrt', 'classifier__min_samples_split': 3, 'classifier__n_estimators': 270}",0.853337,0.025026,0.894646,0.054949,0.798537,0.032307,0.702564,0.049532,0.844308,0.020751,0.846592,0.021327,0.693183,0.042654
"{'classifier__criterion': 'gini', 'classifier__max_features': 'sqrt', 'classifier__min_samples_split': 3, 'classifier__n_estimators': 280}",0.852284,0.02436,0.894646,0.054949,0.796098,0.034428,0.700509,0.048163,0.842956,0.020212,0.845372,0.020725,0.690744,0.041449
"{'classifier__criterion': 'gini', 'classifier__max_features': 'sqrt', 'classifier__min_samples_split': 3, 'classifier__n_estimators': 290}",0.852284,0.02436,0.894646,0.054949,0.796098,0.034428,0.700509,0.048163,0.842956,0.020212,0.845372,0.020725,0.690744,0.041449
"{'classifier__criterion': 'gini', 'classifier__max_features': 'sqrt', 'classifier__min_samples_split': 3, 'classifier__n_estimators': 300}",0.853337,0.024579,0.894646,0.054949,0.798537,0.034099,0.702652,0.04851,0.84426,0.020499,0.846592,0.020962,0.693183,0.041925
"{'classifier__criterion': 'gini', 'classifier__max_features': 'sqrt', 'classifier__min_samples_split': 3, 'classifier__n_estimators': 310}",0.853337,0.024579,0.894646,0.054949,0.798537,0.034099,0.702652,0.04851,0.84426,0.020499,0.846592,0.020962,0.693183,0.041925
"{'classifier__criterion': 'gini', 'classifier__max_features': 'sqrt', 'classifier__min_samples_split': 3, 'classifier__n_estimators': 320}",0.854401,0.022278,0.896498,0.051161,0.798537,0.034099,0.704554,0.044523,0.845208,0.01861,0.847517,0.019064,0.695035,0.038127
"{'classifier__criterion': 'gini', 'classifier__max_features': 'sqrt', 'classifier__min_samples_split': 3, 'classifier__n_estimators': 330}",0.853337,0.025896,0.892795,0.057248,0.801037,0.035018,0.702916,0.050816,0.84464,0.021675,0.846916,0.022113,0.693831,0.044226
"{'classifier__criterion': 'gini', 'classifier__max_features': 'sqrt', 'classifier__min_samples_split': 4, 'classifier__n_estimators': 20}",0.84916,0.019397,0.881717,0.048383,0.805976,0.039993,0.69403,0.038514,0.842005,0.016909,0.843846,0.017121,0.687693,0.034243
"{'classifier__criterion': 'gini', 'classifier__max_features': 'sqrt', 'classifier__min_samples_split': 4, 'classifier__n_estimators': 30}",0.848108,0.017689,0.881684,0.040782,0.803598,0.0339,0.690986,0.035725,0.841057,0.015442,0.842641,0.015855,0.685281,0.031709
"{'classifier__criterion': 'gini', 'classifier__max_features': 'sqrt', 'classifier__min_samples_split': 4, 'classifier__n_estimators': 40}",0.851254,0.014584,0.887273,0.035469,0.803537,0.036076,0.697083,0.029856,0.843722,0.014097,0.845405,0.013953,0.690809,0.027907
"{'classifier__criterion': 'gini', 'classifier__max_features': 'sqrt', 'classifier__min_samples_split': 4, 'classifier__n_estimators': 50}",0.848085,0.015918,0.887239,0.044186,0.796159,0.034396,0.691195,0.032091,0.839643,0.012516,0.841699,0.013085,0.683398,0.02617
"{'classifier__criterion': 'gini', 'classifier__max_features': 'sqrt', 'classifier__min_samples_split': 4, 'classifier__n_estimators': 60}",0.85019,0.012541,0.892795,0.042053,0.793659,0.036511,0.69542,0.024777,0.840905,0.010027,0.843227,0.009948,0.686453,0.019896
"{'classifier__criterion': 'gini', 'classifier__max_features': 'sqrt', 'classifier__min_samples_split': 4, 'classifier__n_estimators': 70}",0.853359,0.019806,0.890943,0.048605,0.803598,0.030187,0.702282,0.039651,0.845348,0.015343,0.84727,0.01622,0.69454,0.03244
"{'classifier__criterion': 'gini', 'classifier__max_features': 'sqrt', 'classifier__min_samples_split': 4, 'classifier__n_estimators': 80}",0.859698,0.016424,0.896498,0.041542,0.810976,0.03013,0.71478,0.033233,0.852012,0.013245,0.853737,0.013755,0.707474,0.027511
"{'classifier__criterion': 'gini', 'classifier__max_features': 'sqrt', 'classifier__min_samples_split': 4, 'classifier__n_estimators': 90}",0.852296,0.021331,0.889091,0.047579,0.803537,0.023611,0.699727,0.042682,0.8446,0.016739,0.846314,0.017655,0.692627,0.03531
"{'classifier__criterion': 'gini', 'classifier__max_features': 'sqrt', 'classifier__min_samples_split': 4, 'classifier__n_estimators': 100}",0.856529,0.017247,0.89835,0.040741,0.801098,0.029024,0.708032,0.035108,0.847729,0.014461,0.849724,0.014806,0.699448,0.029612
"{'classifier__criterion': 'gini', 'classifier__max_features': 'sqrt', 'classifier__min_samples_split': 4, 'classifier__n_estimators': 110}",0.854423,0.017591,0.900202,0.042342,0.79372,0.02862,0.70386,0.036193,0.844653,0.014114,0.846961,0.014762,0.693922,0.029524
"{'classifier__criterion': 'gini', 'classifier__max_features': 'sqrt', 'classifier__min_samples_split': 4, 'classifier__n_estimators': 120}",0.854423,0.019388,0.89835,0.045512,0.796159,0.030448,0.704095,0.039333,0.844996,0.015866,0.847254,0.016434,0.694509,0.032868
"{'classifier__criterion': 'gini', 'classifier__max_features': 'sqrt', 'classifier__min_samples_split': 4, 'classifier__n_estimators': 130}",0.85654,0.017762,0.902054,0.043016,0.796159,0.030448,0.708303,0.036045,0.846775,0.014647,0.849106,0.015068,0.698212,0.030135
"{'classifier__criterion': 'gini', 'classifier__max_features': 'sqrt', 'classifier__min_samples_split': 4, 'classifier__n_estimators': 140}",0.854434,0.016156,0.89835,0.04398,0.796159,0.028427,0.704096,0.032978,0.845009,0.011509,0.847254,0.012527,0.694509,0.025054
"{'classifier__criterion': 'gini', 'classifier__max_features': 'sqrt', 'classifier__min_samples_split': 4, 'classifier__n_estimators': 150}",0.855487,0.014167,0.900202,0.04069,0.796159,0.028427,0.706053,0.0295,0.845937,0.009874,0.84818,0.010861,0.696361,0.021721
"{'classifier__criterion': 'gini', 'classifier__max_features': 'sqrt', 'classifier__min_samples_split': 4, 'classifier__n_estimators': 160}",0.855487,0.01701,0.89835,0.041575,0.798598,0.025811,0.705923,0.035373,0.846431,0.012894,0.848474,0.013928,0.696948,0.027855
"{'classifier__criterion': 'gini', 'classifier__max_features': 'sqrt', 'classifier__min_samples_split': 4, 'classifier__n_estimators': 170}",0.855476,0.012613,0.902054,0.040554,0.793659,0.031147,0.706154,0.026271,0.845409,0.008652,0.847856,0.009392,0.695712,0.018783
"{'classifier__criterion': 'gini', 'classifier__max_features': 'sqrt', 'classifier__min_samples_split': 4, 'classifier__n_estimators': 180}",0.851265,0.016616,0.896498,0.044723,0.79122,0.03474,0.697775,0.034091,0.841385,0.013385,0.843859,0.013849,0.687718,0.027698
"{'classifier__criterion': 'gini', 'classifier__max_features': 'sqrt', 'classifier__min_samples_split': 4, 'classifier__n_estimators': 190}",0.854423,0.019916,0.896498,0.044723,0.798537,0.028598,0.703898,0.040755,0.845455,0.016409,0.847517,0.017103,0.695035,0.034207
"{'classifier__criterion': 'gini', 'classifier__max_features': 'sqrt', 'classifier__min_samples_split': 4, 'classifier__n_estimators': 200}",0.853371,0.017937,0.896498,0.044723,0.796098,0.02899,0.701871,0.036815,0.84411,0.013843,0.846298,0.014735,0.692596,0.02947
"{'classifier__criterion': 'gini', 'classifier__max_features': 'sqrt', 'classifier__min_samples_split': 4, 'classifier__n_estimators': 210}",0.854423,0.019916,0.896498,0.044723,0.798537,0.028598,0.703898,0.040755,0.845455,0.016409,0.847517,0.017103,0.695035,0.034207
"{'classifier__criterion': 'gini', 'classifier__max_features': 'sqrt', 'classifier__min_samples_split': 4, 'classifier__n_estimators': 220}",0.855476,0.018935,0.89835,0.04398,0.798537,0.028598,0.706042,0.038653,0.846327,0.015461,0.848443,0.016104,0.696887,0.032208
"{'classifier__criterion': 'gini', 'classifier__max_features': 'sqrt', 'classifier__min_samples_split': 4, 'classifier__n_estimators': 230}",0.855476,0.018935,0.89835,0.04398,0.798537,0.028598,0.706042,0.038653,0.846327,0.015461,0.848443,0.016104,0.696887,0.032208
"{'classifier__criterion': 'gini', 'classifier__max_features': 'sqrt', 'classifier__min_samples_split': 4, 'classifier__n_estimators': 240}",0.855476,0.018935,0.89835,0.04398,0.798537,0.028598,0.706042,0.038653,0.846327,0.015461,0.848443,0.016104,0.696887,0.032208
"{'classifier__criterion': 'gini', 'classifier__max_features': 'sqrt', 'classifier__min_samples_split': 4, 'classifier__n_estimators': 250}",0.855476,0.018935,0.89835,0.04398,0.798537,0.028598,0.706042,0.038653,0.846327,0.015461,0.848443,0.016104,0.696887,0.032208
"{'classifier__criterion': 'gini', 'classifier__max_features': 'sqrt', 'classifier__min_samples_split': 4, 'classifier__n_estimators': 260}",0.855476,0.018935,0.89835,0.04398,0.798537,0.028598,0.706042,0.038653,0.846327,0.015461,0.848443,0.016104,0.696887,0.032208
"{'classifier__criterion': 'gini', 'classifier__max_features': 'sqrt', 'classifier__min_samples_split': 4, 'classifier__n_estimators': 270}",0.854412,0.020018,0.896498,0.046231,0.798537,0.028598,0.70403,0.040695,0.845411,0.016164,0.847517,0.0169,0.695035,0.0338
"{'classifier__criterion': 'gini', 'classifier__max_features': 'sqrt', 'classifier__min_samples_split': 4, 'classifier__n_estimators': 280}",0.852307,0.01896,0.896498,0.046231,0.793598,0.029515,0.699754,0.03872,0.842749,0.014929,0.845048,0.015731,0.690096,0.031461
"{'classifier__criterion': 'gini', 'classifier__max_features': 'sqrt', 'classifier__min_samples_split': 4, 'classifier__n_estimators': 290}",0.853359,0.019239,0.896498,0.046231,0.796098,0.030974,0.701975,0.039095,0.844058,0.015562,0.846298,0.016203,0.692596,0.032406
"{'classifier__criterion': 'gini', 'classifier__max_features': 'sqrt', 'classifier__min_samples_split': 4, 'classifier__n_estimators': 300}",0.853359,0.020358,0.896498,0.046231,0.796098,0.032839,0.701948,0.04136,0.84405,0.017367,0.846298,0.017744,0.692596,0.035488
"{'classifier__criterion': 'gini', 'classifier__max_features': 'sqrt', 'classifier__min_samples_split': 4, 'classifier__n_estimators': 310}",0.853359,0.020358,0.896498,0.046231,0.796098,0.032839,0.701948,0.04136,0.84405,0.017367,0.846298,0.017744,0.692596,0.035488
"{'classifier__criterion': 'gini', 'classifier__max_features': 'sqrt', 'classifier__min_samples_split': 4, 'classifier__n_estimators': 320}",0.853359,0.020358,0.896498,0.046231,0.796098,0.032839,0.701948,0.04136,0.84405,0.017367,0.846298,0.017744,0.692596,0.035488
"{'classifier__criterion': 'gini', 'classifier__max_features': 'sqrt', 'classifier__min_samples_split': 4, 'classifier__n_estimators': 330}",0.852307,0.019536,0.896498,0.046231,0.793659,0.034757,0.699893,0.039679,0.842698,0.016698,0.845078,0.016994,0.690157,0.033989
"{'classifier__criterion': 'gini', 'classifier__max_features': 'sqrt', 'classifier__min_samples_split': 5, 'classifier__n_estimators': 20}",0.856495,0.022505,0.892828,0.046595,0.808354,0.037756,0.70854,0.046143,0.84874,0.020682,0.850591,0.020791,0.701182,0.041582
"{'classifier__criterion': 'gini', 'classifier__max_features': 'sqrt', 'classifier__min_samples_split': 5, 'classifier__n_estimators': 30}",0.850168,0.022789,0.885387,0.044465,0.803415,0.036823,0.69521,0.046224,0.84269,0.021285,0.844401,0.021358,0.688802,0.042716
"{'classifier__criterion': 'gini', 'classifier__max_features': 'sqrt', 'classifier__min_samples_split': 5, 'classifier__n_estimators': 40}",0.849115,0.027308,0.887239,0.051364,0.798598,0.039258,0.693573,0.055774,0.840904,0.02506,0.842918,0.025399,0.685837,0.050797
"{'classifier__criterion': 'gini', 'classifier__max_features': 'sqrt', 'classifier__min_samples_split': 5, 'classifier__n_estimators': 50}",0.854423,0.020465,0.892795,0.048136,0.803598,0.037325,0.704577,0.041717,0.846127,0.01755,0.848196,0.017986,0.696392,0.035971
"{'classifier__criterion': 'gini', 'classifier__max_features': 'sqrt', 'classifier__min_samples_split': 5, 'classifier__n_estimators': 60}",0.852307,0.018935,0.892795,0.045197,0.798598,0.039104,0.699927,0.038878,0.843503,0.017023,0.845696,0.017175,0.691392,0.034351
"{'classifier__criterion': 'gini', 'classifier__max_features': 'sqrt', 'classifier__min_samples_split': 5, 'classifier__n_estimators': 70}",0.851243,0.0187,0.892795,0.045197,0.796159,0.034396,0.697634,0.038014,0.842298,0.015902,0.844477,0.016223,0.688953,0.032446
"{'classifier__criterion': 'gini', 'classifier__max_features': 'sqrt', 'classifier__min_samples_split': 5, 'classifier__n_estimators': 80}",0.855476,0.018379,0.896498,0.043949,0.801159,0.030765,0.706172,0.036892,0.846789,0.01526,0.848828,0.0156,0.697657,0.031201
"{'classifier__criterion': 'gini', 'classifier__max_features': 'sqrt', 'classifier__min_samples_split': 5, 'classifier__n_estimators': 90}",0.855476,0.016471,0.896498,0.044723,0.801159,0.030765,0.706371,0.032841,0.846727,0.012532,0.848828,0.013045,0.697657,0.026091
"{'classifier__criterion': 'gini', 'classifier__max_features': 'sqrt', 'classifier__min_samples_split': 5, 'classifier__n_estimators': 100}",0.854412,0.018879,0.894646,0.044616,0.801098,0.0312,0.704012,0.038134,0.845866,0.015749,0.847872,0.016139,0.695744,0.032278
"{'classifier__criterion': 'gini', 'classifier__max_features': 'sqrt', 'classifier__min_samples_split': 5, 'classifier__n_estimators': 110}",0.856529,0.017838,0.89835,0.044753,0.801159,0.036352,0.708593,0.036005,0.84753,0.015374,0.849754,0.015559,0.699509,0.031117
"{'classifier__criterion': 'gini', 'classifier__max_features': 'sqrt', 'classifier__min_samples_split': 5, 'classifier__n_estimators': 120}",0.854412,0.017027,0.896498,0.04236,0.798659,0.031757,0.703856,0.033721,0.845464,0.014349,0.847578,0.014505,0.695157,0.029009
"{'classifier__criterion': 'gini', 'classifier__max_features': 'sqrt', 'classifier__min_samples_split': 5, 'classifier__n_estimators': 130}",0.854423,0.015541,0.894646,0.042247,0.801159,0.036352,0.704093,0.030894,0.845803,0.013417,0.847903,0.013442,0.695805,0.026884
"{'classifier__criterion': 'gini', 'classifier__max_features': 'sqrt', 'classifier__min_samples_split': 5, 'classifier__n_estimators': 140}",0.854423,0.015541,0.896498,0.044723,0.79872,0.036836,0.704403,0.031514,0.845309,0.012509,0.847609,0.012875,0.695218,0.025749
"{'classifier__criterion': 'gini', 'classifier__max_features': 'sqrt', 'classifier__min_samples_split': 5, 'classifier__n_estimators': 150}",0.854423,0.015541,0.896498,0.044723,0.79872,0.036836,0.704403,0.031514,0.845309,0.012509,0.847609,0.012875,0.695218,0.025749
"{'classifier__criterion': 'gini', 'classifier__max_features': 'sqrt', 'classifier__min_samples_split': 5, 'classifier__n_estimators': 160}",0.853371,0.01374,0.894646,0.042247,0.79872,0.036836,0.702025,0.027219,0.844471,0.011249,0.846683,0.011349,0.693366,0.022699
"{'classifier__criterion': 'gini', 'classifier__max_features': 'sqrt', 'classifier__min_samples_split': 5, 'classifier__n_estimators': 170}",0.854423,0.017591,0.89835,0.04626,0.79622,0.032121,0.704347,0.035609,0.844937,0.013547,0.847285,0.014209,0.69457,0.028417
"{'classifier__criterion': 'gini', 'classifier__max_features': 'sqrt', 'classifier__min_samples_split': 5, 'classifier__n_estimators': 180}",0.853371,0.016022,0.896498,0.043949,0.79622,0.032121,0.701969,0.031867,0.844099,0.012368,0.846359,0.01282,0.692718,0.025639
"{'classifier__criterion': 'gini', 'classifier__max_features': 'sqrt', 'classifier__min_samples_split': 5, 'classifier__n_estimators': 190}",0.852318,0.019468,0.892795,0.04669,0.798659,0.031757,0.699885,0.03869,0.843638,0.015913,0.845727,0.016358,0.691453,0.032717
"{'classifier__criterion': 'gini', 'classifier__max_features': 'sqrt', 'classifier__min_samples_split': 5, 'classifier__n_estimators': 200}",0.855487,0.02055,0.896498,0.049108,0.801159,0.036352,0.706784,0.041346,0.846581,0.017274,0.848828,0.017697,0.697657,0.035394
"{'classifier__criterion': 'gini', 'classifier__max_features': 'sqrt', 'classifier__min_samples_split': 5, 'classifier__n_estimators': 210}",0.854412,0.023102,0.896498,0.049108,0.798598,0.035765,0.704333,0.046425,0.845298,0.020453,0.847548,0.020635,0.695096,0.041271
"{'classifier__criterion': 'gini', 'classifier__max_features': 'sqrt', 'classifier__min_samples_split': 5, 'classifier__n_estimators': 220}",0.853359,0.020895,0.896498,0.049108,0.796159,0.034396,0.702289,0.04202,0.843974,0.017498,0.846328,0.017909,0.692657,0.035819
"{'classifier__criterion': 'gini', 'classifier__max_features': 'sqrt', 'classifier__min_samples_split': 5, 'classifier__n_estimators': 230}",0.854423,0.019916,0.894646,0.050391,0.801098,0.039905,0.704878,0.039982,0.845539,0.016919,0.847872,0.017174,0.695744,0.034347
"{'classifier__criterion': 'gini', 'classifier__max_features': 'sqrt', 'classifier__min_samples_split': 5, 'classifier__n_estimators': 240}",0.853359,0.020895,0.894646,0.050391,0.798598,0.035765,0.702478,0.041912,0.844324,0.017389,0.846622,0.017788,0.693244,0.035576
"{'classifier__criterion': 'gini', 'classifier__max_features': 'sqrt', 'classifier__min_samples_split': 5, 'classifier__n_estimators': 250}",0.853371,0.019704,0.892795,0.050228,0.801098,0.039905,0.702716,0.039682,0.844663,0.016652,0.846946,0.016951,0.693892,0.033902
"{'classifier__criterion': 'gini', 'classifier__max_features': 'sqrt', 'classifier__min_samples_split': 5, 'classifier__n_estimators': 260}",0.854412,0.022617,0.894646,0.050391,0.801037,0.036923,0.704555,0.045287,0.845635,0.019776,0.847842,0.019955,0.695683,0.039909
"{'classifier__criterion': 'gini', 'classifier__max_features': 'sqrt', 'classifier__min_samples_split': 5, 'classifier__n_estimators': 270}",0.855465,0.022754,0.896498,0.050486,0.801037,0.036923,0.706717,0.045463,0.846512,0.019959,0.848767,0.020103,0.697535,0.040206
"{'classifier__criterion': 'gini', 'classifier__max_features': 'sqrt', 'classifier__min_samples_split': 5, 'classifier__n_estimators': 280}",0.854412,0.020564,0.896498,0.050486,0.798598,0.035765,0.704673,0.041074,0.845188,0.017012,0.847548,0.017379,0.695096,0.034758
"{'classifier__criterion': 'gini', 'classifier__max_features': 'sqrt', 'classifier__min_samples_split': 5, 'classifier__n_estimators': 290}",0.854412,0.020564,0.896498,0.050486,0.798598,0.035765,0.704673,0.041074,0.845188,0.017012,0.847548,0.017379,0.695096,0.034758
"{'classifier__criterion': 'gini', 'classifier__max_features': 'sqrt', 'classifier__min_samples_split': 5, 'classifier__n_estimators': 300}",0.853359,0.020358,0.894646,0.050391,0.798598,0.035765,0.702512,0.040771,0.844311,0.016728,0.846622,0.017141,0.693244,0.034283
"{'classifier__criterion': 'gini', 'classifier__max_features': 'sqrt', 'classifier__min_samples_split': 5, 'classifier__n_estimators': 310}",0.854412,0.021096,0.89468,0.048214,0.801037,0.036923,0.704432,0.04267,0.845685,0.01852,0.847858,0.018678,0.695717,0.037355
"{'classifier__criterion': 'gini', 'classifier__max_features': 'sqrt', 'classifier__min_samples_split': 5, 'classifier__n_estimators': 320}",0.853359,0.020358,0.892795,0.050228,0.801037,0.031724,0.702398,0.040921,0.844808,0.015893,0.846916,0.016695,0.693831,0.033389
"{'classifier__criterion': 'gini', 'classifier__max_features': 'sqrt', 'classifier__min_samples_split': 5, 'classifier__n_estimators': 330}",0.855465,0.021243,0.896498,0.047691,0.801037,0.036923,0.706512,0.042799,0.846564,0.018841,0.848767,0.018924,0.697535,0.037848
"{'classifier__criterion': 'gini', 'classifier__max_features': 'sqrt', 'classifier__min_samples_split': 6, 'classifier__n_estimators': 20}",0.847032,0.014456,0.887273,0.037353,0.793598,0.038524,0.688471,0.029428,0.838375,0.01452,0.840435,0.013896,0.68087,0.027793
"{'classifier__criterion': 'gini', 'classifier__max_features': 'sqrt', 'classifier__min_samples_split': 6, 'classifier__n_estimators': 30}",0.84916,0.014122,0.892795,0.040389,0.791159,0.033551,0.693059,0.029156,0.839706,0.011398,0.841977,0.011685,0.683953,0.023369
"{'classifier__criterion': 'gini', 'classifier__max_features': 'sqrt', 'classifier__min_samples_split': 6, 'classifier__n_estimators': 40}",0.847032,0.016597,0.889091,0.043037,0.79122,0.04576,0.689172,0.033105,0.837688,0.017058,0.840155,0.016113,0.68031,0.032227
"{'classifier__criterion': 'gini', 'classifier__max_features': 'sqrt', 'classifier__min_samples_split': 6, 'classifier__n_estimators': 50}",0.857615,0.018234,0.896498,0.040709,0.806037,0.02919,0.710216,0.036654,0.849484,0.015514,0.851267,0.015946,0.702535,0.031891
"{'classifier__criterion': 'gini', 'classifier__max_features': 'sqrt', 'classifier__min_samples_split': 6, 'classifier__n_estimators': 60}",0.854423,0.018808,0.896498,0.046967,0.798537,0.023829,0.704102,0.038308,0.845431,0.013419,0.847517,0.014725,0.695035,0.029451
"{'classifier__criterion': 'gini', 'classifier__max_features': 'sqrt', 'classifier__min_samples_split': 6, 'classifier__n_estimators': 70}",0.856551,0.020592,0.89835,0.044753,0.801037,0.022503,0.708106,0.042049,0.847755,0.016389,0.849693,0.017337,0.699387,0.034674
"{'classifier__criterion': 'gini', 'classifier__max_features': 'sqrt', 'classifier__min_samples_split': 6, 'classifier__n_estimators': 80}",0.854434,0.021969,0.894646,0.044616,0.801159,0.030765,0.703889,0.044546,0.845983,0.019296,0.847903,0.019674,0.695805,0.039348
"{'classifier__criterion': 'gini', 'classifier__max_features': 'sqrt', 'classifier__min_samples_split': 6, 'classifier__n_estimators': 90}",0.854434,0.019849,0.89468,0.043738,0.801098,0.022034,0.703719,0.040503,0.84607,0.015698,0.847889,0.016644,0.695778,0.033287
"{'classifier__criterion': 'gini', 'classifier__max_features': 'sqrt', 'classifier__min_samples_split': 6, 'classifier__n_estimators': 100}",0.855487,0.020004,0.89835,0.042391,0.798659,0.027542,0.705829,0.040564,0.846474,0.017147,0.848504,0.017547,0.697009,0.035093
"{'classifier__criterion': 'gini', 'classifier__max_features': 'sqrt', 'classifier__min_samples_split': 6, 'classifier__n_estimators': 110}",0.852329,0.021011,0.892828,0.045099,0.798659,0.027542,0.699571,0.042807,0.843814,0.017595,0.845743,0.018211,0.691487,0.036422
"{'classifier__criterion': 'gini', 'classifier__max_features': 'sqrt', 'classifier__min_samples_split': 6, 'classifier__n_estimators': 120}",0.853371,0.019704,0.896498,0.043162,0.79622,0.033922,0.701753,0.040022,0.84417,0.017544,0.846359,0.017731,0.692718,0.035463
"{'classifier__criterion': 'gini', 'classifier__max_features': 'sqrt', 'classifier__min_samples_split': 6, 'classifier__n_estimators': 130}",0.855487,0.021602,0.900202,0.043932,0.796159,0.032342,0.706014,0.043838,0.845934,0.019358,0.84818,0.019533,0.696361,0.039065
"{'classifier__criterion': 'gini', 'classifier__max_features': 'sqrt', 'classifier__min_samples_split': 6, 'classifier__n_estimators': 140}",0.857604,0.023637,0.900202,0.043932,0.801159,0.034416,0.710326,0.047883,0.848605,0.021935,0.85068,0.021964,0.701361,0.043927
"{'classifier__criterion': 'gini', 'classifier__max_features': 'sqrt', 'classifier__min_samples_split': 6, 'classifier__n_estimators': 150}",0.855498,0.019949,0.900202,0.043932,0.79628,0.033532,0.706255,0.040495,0.845937,0.017464,0.848241,0.017729,0.696483,0.035457
"{'classifier__criterion': 'gini', 'classifier__max_features': 'sqrt', 'classifier__min_samples_split': 6, 'classifier__n_estimators': 160}",0.857604,0.021681,0.902054,0.040554,0.798659,0.031567,0.710045,0.044362,0.848245,0.020028,0.850356,0.0201,0.700712,0.040201
"{'classifier__criterion': 'gini', 'classifier__max_features': 'sqrt', 'classifier__min_samples_split': 6, 'classifier__n_estimators': 170}",0.85654,0.022734,0.900202,0.043144,0.798659,0.031567,0.708033,0.046327,0.847329,0.020661,0.84943,0.020829,0.698861,0.041657
"{'classifier__criterion': 'gini', 'classifier__max_features': 'sqrt', 'classifier__min_samples_split': 6, 'classifier__n_estimators': 180}",0.85654,0.021176,0.900202,0.04069,0.798598,0.030069,0.707831,0.043509,0.847352,0.019177,0.8494,0.019406,0.6988,0.038812
"{'classifier__criterion': 'gini', 'classifier__max_features': 'sqrt', 'classifier__min_samples_split': 6, 'classifier__n_estimators': 190}",0.855487,0.022604,0.89835,0.04398,0.798598,0.030069,0.705874,0.046015,0.846423,0.020133,0.848474,0.020441,0.696948,0.040882
"{'classifier__criterion': 'gini', 'classifier__max_features': 'sqrt', 'classifier__min_samples_split': 6, 'classifier__n_estimators': 200}",0.855487,0.02055,0.900202,0.04069,0.796159,0.032342,0.705776,0.042202,0.845999,0.018812,0.84818,0.018924,0.696361,0.037847
"{'classifier__criterion': 'gini', 'classifier__max_features': 'sqrt', 'classifier__min_samples_split': 6, 'classifier__n_estimators': 210}",0.855487,0.02055,0.900202,0.04069,0.796159,0.032342,0.705776,0.042202,0.845999,0.018812,0.84818,0.018924,0.696361,0.037847
"{'classifier__criterion': 'gini', 'classifier__max_features': 'sqrt', 'classifier__min_samples_split': 6, 'classifier__n_estimators': 220}",0.855476,0.020616,0.900202,0.04069,0.796098,0.032839,0.705736,0.042385,0.84596,0.019037,0.84815,0.019101,0.6963,0.038202
"{'classifier__criterion': 'gini', 'classifier__max_features': 'sqrt', 'classifier__min_samples_split': 6, 'classifier__n_estimators': 230}",0.853359,0.01805,0.89835,0.043193,0.793659,0.034757,0.70185,0.037061,0.843627,0.015753,0.846004,0.015933,0.692009,0.031866
"{'classifier__criterion': 'gini', 'classifier__max_features': 'sqrt', 'classifier__min_samples_split': 6, 'classifier__n_estimators': 240}",0.853359,0.020895,0.89835,0.043193,0.793659,0.034757,0.701669,0.042759,0.843692,0.019075,0.846004,0.019152,0.692009,0.038303
"{'classifier__criterion': 'gini', 'classifier__max_features': 'sqrt', 'classifier__min_samples_split': 6, 'classifier__n_estimators': 250}",0.854423,0.019916,0.89835,0.043193,0.796159,0.037697,0.704016,0.040712,0.844939,0.018483,0.847254,0.018405,0.694509,0.03681
"{'classifier__criterion': 'gini', 'classifier__max_features': 'sqrt', 'classifier__min_samples_split': 6, 'classifier__n_estimators': 260}",0.856529,0.019613,0.902054,0.040554,0.796098,0.036281,0.708067,0.040168,0.846743,0.01862,0.849076,0.018422,0.698151,0.036844
"{'classifier__criterion': 'gini', 'classifier__max_features': 'sqrt', 'classifier__min_samples_split': 6, 'classifier__n_estimators': 270}",0.85654,0.01952,0.902054,0.040554,0.796159,0.037697,0.708159,0.040002,0.846745,0.018711,0.849106,0.018478,0.698212,0.036956
"{'classifier__criterion': 'gini', 'classifier__max_features': 'sqrt', 'classifier__min_samples_split': 6, 'classifier__n_estimators': 280}",0.855476,0.020071,0.902054,0.040554,0.793659,0.034757,0.705843,0.041177,0.845485,0.018811,0.847856,0.018734,0.695712,0.037467
"{'classifier__criterion': 'gini', 'classifier__max_features': 'sqrt', 'classifier__min_samples_split': 6, 'classifier__n_estimators': 290}",0.855476,0.020071,0.902054,0.040554,0.793659,0.034757,0.705843,0.041177,0.845485,0.018811,0.847856,0.018734,0.695712,0.037467
"{'classifier__criterion': 'gini', 'classifier__max_features': 'sqrt', 'classifier__min_samples_split': 6, 'classifier__n_estimators': 300}",0.855476,0.019511,0.900202,0.04069,0.796098,0.036281,0.705905,0.040042,0.845867,0.018435,0.84815,0.018276,0.6963,0.036551
"{'classifier__criterion': 'gini', 'classifier__max_features': 'sqrt', 'classifier__min_samples_split': 6, 'classifier__n_estimators': 310}",0.856529,0.019613,0.902054,0.040554,0.796098,0.036281,0.708067,0.040168,0.846743,0.01862,0.849076,0.018422,0.698151,0.036844
"{'classifier__criterion': 'gini', 'classifier__max_features': 'sqrt', 'classifier__min_samples_split': 6, 'classifier__n_estimators': 320}",0.856529,0.019613,0.902054,0.040554,0.796098,0.036281,0.708067,0.040168,0.846743,0.01862,0.849076,0.018422,0.698151,0.036844
"{'classifier__criterion': 'gini', 'classifier__max_features': 'sqrt', 'classifier__min_samples_split': 6, 'classifier__n_estimators': 330}",0.855465,0.020715,0.900202,0.043144,0.796098,0.036281,0.706056,0.042234,0.845827,0.019228,0.84815,0.019152,0.6963,0.038305
"{'classifier__criterion': 'gini', 'classifier__max_features': 'sqrt', 'classifier__min_samples_split': 7, 'classifier__n_estimators': 20}",0.844916,0.020703,0.883535,0.043103,0.793537,0.035583,0.684177,0.041256,0.836613,0.01926,0.838536,0.019182,0.677072,0.038363
"{'classifier__criterion': 'gini', 'classifier__max_features': 'sqrt', 'classifier__min_samples_split': 7, 'classifier__n_estimators': 30}",0.848096,0.019579,0.889125,0.050971,0.793659,0.029277,0.691607,0.039609,0.83917,0.01394,0.841392,0.015276,0.682783,0.030552
"{'classifier__criterion': 'gini', 'classifier__max_features': 'sqrt', 'classifier__min_samples_split': 7, 'classifier__n_estimators': 40}",0.84916,0.018271,0.887273,0.044861,0.798659,0.025408,0.693181,0.037337,0.841159,0.013545,0.842966,0.014707,0.685931,0.029414
"{'classifier__criterion': 'gini', 'classifier__max_features': 'sqrt', 'classifier__min_samples_split': 7, 'classifier__n_estimators': 50}",0.852307,0.015769,0.89468,0.042947,0.796159,0.026365,0.699518,0.032085,0.843333,0.011096,0.845419,0.012167,0.690839,0.024335
"{'classifier__criterion': 'gini', 'classifier__max_features': 'sqrt', 'classifier__min_samples_split': 7, 'classifier__n_estimators': 60}",0.85654,0.01578,0.898384,0.039775,0.801098,0.02217,0.707863,0.032391,0.847844,0.011472,0.849741,0.012549,0.699481,0.025099
"{'classifier__criterion': 'gini', 'classifier__max_features': 'sqrt', 'classifier__min_samples_split': 7, 'classifier__n_estimators': 70}",0.856529,0.019077,0.898384,0.043875,0.801037,0.016384,0.707952,0.038565,0.847827,0.014122,0.84971,0.015317,0.69942,0.030634
"{'classifier__criterion': 'gini', 'classifier__max_features': 'sqrt', 'classifier__min_samples_split': 7, 'classifier__n_estimators': 80}",0.857592,0.017177,0.896532,0.040597,0.806037,0.024537,0.710132,0.03502,0.849553,0.013461,0.851284,0.014291,0.702569,0.028581
"{'classifier__criterion': 'gini', 'classifier__max_features': 'sqrt', 'classifier__min_samples_split': 7, 'classifier__n_estimators': 90}",0.857581,0.017298,0.898384,0.042283,0.803537,0.017875,0.710147,0.0354,0.849144,0.012103,0.85096,0.013454,0.70192,0.026908
"{'classifier__criterion': 'gini', 'classifier__max_features': 'sqrt', 'classifier__min_samples_split': 7, 'classifier__n_estimators': 100}",0.857581,0.017298,0.898384,0.042283,0.803537,0.017875,0.710147,0.0354,0.849144,0.012103,0.85096,0.013454,0.70192,0.026908
"{'classifier__criterion': 'gini', 'classifier__max_features': 'sqrt', 'classifier__min_samples_split': 7, 'classifier__n_estimators': 110}",0.856517,0.014544,0.898384,0.039775,0.801037,0.025128,0.707964,0.030254,0.847751,0.010297,0.84971,0.011311,0.69942,0.022623
"{'classifier__criterion': 'gini', 'classifier__max_features': 'sqrt', 'classifier__min_samples_split': 7, 'classifier__n_estimators': 120}",0.859698,0.014257,0.900236,0.041412,0.805976,0.029454,0.714813,0.029483,0.851126,0.010197,0.853106,0.01101,0.706211,0.022019
"{'classifier__criterion': 'gini', 'classifier__max_features': 'sqrt', 'classifier__min_samples_split': 7, 'classifier__n_estimators': 130}",0.858634,0.015241,0.902054,0.040554,0.801037,0.025128,0.712388,0.031513,0.849473,0.010872,0.851545,0.011886,0.70309,0.023772
"{'classifier__criterion': 'gini', 'classifier__max_features': 'sqrt', 'classifier__min_samples_split': 7, 'classifier__n_estimators': 140}",0.858645,0.016563,0.900236,0.041412,0.803537,0.023611,0.712415,0.034247,0.849963,0.012134,0.851886,0.013185,0.703772,0.026369
"{'classifier__criterion': 'gini', 'classifier__max_features': 'sqrt', 'classifier__min_samples_split': 7, 'classifier__n_estimators': 150}",0.856529,0.018551,0.896532,0.044621,0.803537,0.023611,0.708281,0.03789,0.84816,0.013808,0.850034,0.014891,0.700069,0.029782
"{'classifier__criterion': 'gini', 'classifier__max_features': 'sqrt', 'classifier__min_samples_split': 7, 'classifier__n_estimators': 160}",0.857581,0.021371,0.896532,0.04687,0.805976,0.022329,0.710476,0.043297,0.849462,0.016842,0.851254,0.017801,0.702508,0.035603
"{'classifier__criterion': 'gini', 'classifier__max_features': 'sqrt', 'classifier__min_samples_split': 7, 'classifier__n_estimators': 170}",0.857559,0.018732,0.900236,0.044601,0.800976,0.027988,0.71043,0.038134,0.848497,0.01504,0.850606,0.015692,0.701211,0.031383
"{'classifier__criterion': 'gini', 'classifier__max_features': 'sqrt', 'classifier__min_samples_split': 7, 'classifier__n_estimators': 180}",0.856506,0.019268,0.900236,0.044601,0.798537,0.032493,0.708348,0.039185,0.847136,0.016581,0.849386,0.016823,0.698772,0.033646
"{'classifier__criterion': 'gini', 'classifier__max_features': 'sqrt', 'classifier__min_samples_split': 7, 'classifier__n_estimators': 190}",0.856506,0.019268,0.900236,0.044601,0.798537,0.032493,0.708348,0.039185,0.847136,0.016581,0.849386,0.016823,0.698772,0.033646
"{'classifier__criterion': 'gini', 'classifier__max_features': 'sqrt', 'classifier__min_samples_split': 7, 'classifier__n_estimators': 200}",0.856506,0.019268,0.902054,0.043806,0.796098,0.032839,0.708285,0.039114,0.846711,0.016807,0.849076,0.016989,0.698151,0.033978
"{'classifier__criterion': 'gini', 'classifier__max_features': 'sqrt', 'classifier__min_samples_split': 7, 'classifier__n_estimators': 210}",0.853348,0.018737,0.89468,0.046769,0.798598,0.035765,0.702167,0.037914,0.844408,0.015923,0.846639,0.016157,0.693278,0.032315
"{'classifier__criterion': 'gini', 'classifier__max_features': 'sqrt', 'classifier__min_samples_split': 7, 'classifier__n_estimators': 220}",0.85439,0.019654,0.89835,0.04398,0.796098,0.032839,0.703866,0.039888,0.844973,0.017257,0.847224,0.017447,0.694448,0.034894
"{'classifier__criterion': 'gini', 'classifier__max_features': 'sqrt', 'classifier__min_samples_split': 7, 'classifier__n_estimators': 230}",0.85439,0.019654,0.89835,0.04398,0.796098,0.032839,0.703866,0.039888,0.844973,0.017257,0.847224,0.017447,0.694448,0.034894
"{'classifier__criterion': 'gini', 'classifier__max_features': 'sqrt', 'classifier__min_samples_split': 7, 'classifier__n_estimators': 240}",0.85439,0.019654,0.89835,0.04398,0.796098,0.032839,0.703866,0.039888,0.844973,0.017257,0.847224,0.017447,0.694448,0.034894
"{'classifier__criterion': 'gini', 'classifier__max_features': 'sqrt', 'classifier__min_samples_split': 7, 'classifier__n_estimators': 250}",0.85439,0.019654,0.89835,0.04398,0.796098,0.032839,0.703866,0.039888,0.844973,0.017257,0.847224,0.017447,0.694448,0.034894
"{'classifier__criterion': 'gini', 'classifier__max_features': 'sqrt', 'classifier__min_samples_split': 7, 'classifier__n_estimators': 260}",0.855454,0.021318,0.89835,0.043193,0.798537,0.034275,0.705887,0.043351,0.846305,0.01965,0.848443,0.019652,0.696887,0.039303
"{'classifier__criterion': 'gini', 'classifier__max_features': 'sqrt', 'classifier__min_samples_split': 7, 'classifier__n_estimators': 270}",0.85439,0.022787,0.896498,0.046231,0.798537,0.034275,0.703915,0.046002,0.845378,0.02063,0.847517,0.020727,0.695035,0.041454
"{'classifier__criterion': 'gini', 'classifier__max_features': 'sqrt', 'classifier__min_samples_split': 7, 'classifier__n_estimators': 280}",0.855454,0.022855,0.89835,0.047719,0.798537,0.034275,0.706298,0.046123,0.846207,0.020294,0.848443,0.020485,0.696887,0.04097
"{'classifier__criterion': 'gini', 'classifier__max_features': 'sqrt', 'classifier__min_samples_split': 7, 'classifier__n_estimators': 290}",0.855442,0.021936,0.89835,0.04398,0.798537,0.034275,0.70591,0.044432,0.846297,0.020183,0.848443,0.020181,0.696887,0.040363
"{'classifier__criterion': 'gini', 'classifier__max_features': 'sqrt', 'classifier__min_samples_split': 7, 'classifier__n_estimators': 300}",0.85757,0.020316,0.902054,0.042212,0.798537,0.034275,0.710265,0.041492,0.848052,0.018689,0.850295,0.018675,0.70059,0.03735
"{'classifier__criterion': 'gini', 'classifier__max_features': 'sqrt', 'classifier__min_samples_split': 7, 'classifier__n_estimators': 310}",0.856506,0.021956,0.900202,0.045467,0.798537,0.034275,0.708293,0.04445,0.847126,0.0198,0.849369,0.01989,0.698739,0.039779
"{'classifier__criterion': 'gini', 'classifier__max_features': 'sqrt', 'classifier__min_samples_split': 7, 'classifier__n_estimators': 320}",0.854401,0.0232,0.896498,0.047691,0.798537,0.034275,0.704102,0.046947,0.845344,0.020653,0.847517,0.020873,0.695035,0.041745
"{'classifier__criterion': 'gini', 'classifier__max_features': 'sqrt', 'classifier__min_samples_split': 7, 'classifier__n_estimators': 330}",0.854401,0.0232,0.896498,0.047691,0.798537,0.034275,0.704102,0.046947,0.845344,0.020653,0.847517,0.020873,0.695035,0.041745
"{'classifier__criterion': 'gini', 'classifier__max_features': 'sqrt', 'classifier__min_samples_split': 8, 'classifier__n_estimators': 20}",0.850202,0.019435,0.883569,0.043008,0.806037,0.036441,0.695464,0.038481,0.843156,0.017594,0.844803,0.017637,0.689606,0.035273
"{'classifier__criterion': 'gini', 'classifier__max_features': 'sqrt', 'classifier__min_samples_split': 8, 'classifier__n_estimators': 30}",0.849149,0.023722,0.881717,0.049781,0.805976,0.016144,0.693349,0.047013,0.842436,0.018552,0.843846,0.019621,0.687693,0.039242
"{'classifier__criterion': 'gini', 'classifier__max_features': 'sqrt', 'classifier__min_samples_split': 8, 'classifier__n_estimators': 40}",0.84916,0.024082,0.881717,0.047669,0.806037,0.021979,0.693252,0.048383,0.84249,0.019878,0.843877,0.020808,0.687754,0.041616
"{'classifier__criterion': 'gini', 'classifier__max_features': 'sqrt', 'classifier__min_samples_split': 8, 'classifier__n_estimators': 50}",0.851288,0.024117,0.885387,0.04523,0.806098,0.026562,0.697379,0.048722,0.844292,0.020856,0.845742,0.021571,0.691485,0.043141
"{'classifier__criterion': 'gini', 'classifier__max_features': 'sqrt', 'classifier__min_samples_split': 8, 'classifier__n_estimators': 60}",0.852329,0.02258,0.890943,0.043386,0.801098,0.019144,0.69916,0.046123,0.844412,0.018654,0.84602,0.019641,0.69204,0.039282
"{'classifier__criterion': 'gini', 'classifier__max_features': 'sqrt', 'classifier__min_samples_split': 8, 'classifier__n_estimators': 70}",0.855487,0.021128,0.892795,0.042053,0.806037,0.021979,0.705703,0.042996,0.84786,0.017529,0.849416,0.018375,0.698831,0.03675
"{'classifier__criterion': 'gini', 'classifier__max_features': 'sqrt', 'classifier__min_samples_split': 8, 'classifier__n_estimators': 80}",0.857604,0.021681,0.896498,0.043949,0.806098,0.026562,0.710323,0.044482,0.849552,0.018217,0.851298,0.019032,0.702596,0.038064
"{'classifier__criterion': 'gini', 'classifier__max_features': 'sqrt', 'classifier__min_samples_split': 8, 'classifier__n_estimators': 90}",0.85654,0.021737,0.89835,0.043193,0.801098,0.019144,0.707851,0.04469,0.847902,0.017703,0.849724,0.01872,0.699448,0.037439
"{'classifier__criterion': 'gini', 'classifier__max_features': 'sqrt', 'classifier__min_samples_split': 8, 'classifier__n_estimators': 100}",0.858645,0.018461,0.902054,0.038826,0.801098,0.022034,0.712005,0.037861,0.849653,0.015194,0.851576,0.015889,0.703151,0.031778
"{'classifier__criterion': 'gini', 'classifier__max_features': 'sqrt', 'classifier__min_samples_split': 8, 'classifier__n_estimators': 110}",0.855487,0.016404,0.900202,0.036232,0.79622,0.023319,0.705391,0.033349,0.846194,0.013458,0.848211,0.014046,0.696422,0.028091
"{'classifier__criterion': 'gini', 'classifier__max_features': 'sqrt', 'classifier__min_samples_split': 8, 'classifier__n_estimators': 120}",0.854434,0.015516,0.896498,0.036253,0.798659,0.022816,0.703242,0.031555,0.845732,0.012224,0.847578,0.012905,0.695157,0.02581
"{'classifier__criterion': 'gini', 'classifier__max_features': 'sqrt', 'classifier__min_samples_split': 8, 'classifier__n_estimators': 130}",0.857592,0.019064,0.900202,0.038968,0.801098,0.022034,0.709809,0.039182,0.84879,0.015859,0.85065,0.016562,0.7013,0.033124
"{'classifier__criterion': 'gini', 'classifier__max_features': 'sqrt', 'classifier__min_samples_split': 8, 'classifier__n_estimators': 140}",0.857592,0.019637,0.900236,0.041412,0.801098,0.022034,0.710042,0.040601,0.848757,0.015926,0.850667,0.016811,0.701333,0.033621
"{'classifier__criterion': 'gini', 'classifier__max_features': 'sqrt', 'classifier__min_samples_split': 8, 'classifier__n_estimators': 150}",0.857604,0.017747,0.898384,0.039775,0.803598,0.025715,0.710076,0.036587,0.849158,0.014516,0.850991,0.015202,0.701981,0.030403
"{'classifier__criterion': 'gini', 'classifier__max_features': 'sqrt', 'classifier__min_samples_split': 8, 'classifier__n_estimators': 160}",0.857604,0.018361,0.898384,0.041464,0.803598,0.025715,0.710227,0.038037,0.849127,0.014751,0.850991,0.015582,0.701981,0.031164
"{'classifier__criterion': 'gini', 'classifier__max_features': 'sqrt', 'classifier__min_samples_split': 8, 'classifier__n_estimators': 170}",0.856551,0.016399,0.89468,0.040481,0.806037,0.026852,0.708078,0.033457,0.848627,0.012811,0.850358,0.013528,0.700717,0.027056
"{'classifier__criterion': 'gini', 'classifier__max_features': 'sqrt', 'classifier__min_samples_split': 8, 'classifier__n_estimators': 180}",0.857604,0.021681,0.896532,0.043056,0.806037,0.026852,0.710204,0.04457,0.849556,0.01864,0.851284,0.019267,0.702569,0.038534
"{'classifier__criterion': 'gini', 'classifier__max_features': 'sqrt', 'classifier__min_samples_split': 8, 'classifier__n_estimators': 190}",0.860761,0.019886,0.900202,0.04069,0.808476,0.027729,0.716575,0.040774,0.852589,0.017258,0.854339,0.017704,0.708678,0.035409
"{'classifier__criterion': 'gini', 'classifier__max_features': 'sqrt', 'classifier__min_samples_split': 8, 'classifier__n_estimators': 200}",0.858656,0.018942,0.89835,0.043193,0.806037,0.026852,0.712536,0.038722,0.850347,0.015244,0.852193,0.015997,0.704387,0.031994
"{'classifier__criterion': 'gini', 'classifier__max_features': 'sqrt', 'classifier__min_samples_split': 8, 'classifier__n_estimators': 210}",0.857592,0.020689,0.896498,0.044723,0.805976,0.029454,0.710437,0.042183,0.849393,0.017471,0.851237,0.018049,0.702474,0.036098
"{'classifier__criterion': 'gini', 'classifier__max_features': 'sqrt', 'classifier__min_samples_split': 8, 'classifier__n_estimators': 220}",0.856517,0.021337,0.89835,0.044753,0.800976,0.030038,0.708157,0.043527,0.847631,0.018459,0.849663,0.018915,0.699326,0.03783
"{'classifier__criterion': 'gini', 'classifier__max_features': 'sqrt', 'classifier__min_samples_split': 8, 'classifier__n_estimators': 230}",0.858645,0.021206,0.896498,0.046967,0.808415,0.028227,0.71278,0.042824,0.850642,0.017438,0.852456,0.018101,0.704913,0.036202
"{'classifier__criterion': 'gini', 'classifier__max_features': 'sqrt', 'classifier__min_samples_split': 8, 'classifier__n_estimators': 240}",0.856517,0.021851,0.896498,0.046967,0.803415,0.029256,0.708339,0.044275,0.848004,0.018463,0.849956,0.019012,0.699913,0.038024
"{'classifier__criterion': 'gini', 'classifier__max_features': 'sqrt', 'classifier__min_samples_split': 8, 'classifier__n_estimators': 250}",0.85757,0.020855,0.89835,0.044753,0.803415,0.029256,0.710333,0.042433,0.848923,0.017826,0.850882,0.018293,0.701765,0.036586
"{'classifier__criterion': 'gini', 'classifier__max_features': 'sqrt', 'classifier__min_samples_split': 8, 'classifier__n_estimators': 260}",0.858634,0.019647,0.89835,0.044753,0.805915,0.031939,0.71268,0.039863,0.85017,0.016807,0.852132,0.017158,0.704265,0.034316
"{'classifier__criterion': 'gini', 'classifier__max_features': 'sqrt', 'classifier__min_samples_split': 8, 'classifier__n_estimators': 270}",0.85757,0.022392,0.89835,0.047719,0.803415,0.029256,0.710554,0.045351,0.848872,0.01895,0.850882,0.01951,0.701765,0.03902
"{'classifier__criterion': 'gini', 'classifier__max_features': 'sqrt', 'classifier__min_samples_split': 8, 'classifier__n_estimators': 280}",0.85757,0.022392,0.89835,0.047719,0.803415,0.029256,0.710554,0.045351,0.848872,0.01895,0.850882,0.01951,0.701765,0.03902
"{'classifier__criterion': 'gini', 'classifier__max_features': 'sqrt', 'classifier__min_samples_split': 8, 'classifier__n_estimators': 290}",0.856517,0.021851,0.896498,0.046967,0.803415,0.029256,0.708339,0.044275,0.848004,0.018463,0.849956,0.019012,0.699913,0.038024
"{'classifier__criterion': 'gini', 'classifier__max_features': 'sqrt', 'classifier__min_samples_split': 8, 'classifier__n_estimators': 300}",0.855465,0.021759,0.894646,0.046865,0.803415,0.029256,0.706177,0.044174,0.847128,0.018336,0.849031,0.018914,0.698061,0.037827
"{'classifier__criterion': 'gini', 'classifier__max_features': 'sqrt', 'classifier__min_samples_split': 8, 'classifier__n_estimators': 310}",0.856517,0.020812,0.896498,0.044723,0.803415,0.029256,0.708171,0.042429,0.848046,0.017741,0.849956,0.018237,0.699913,0.036475
"{'classifier__criterion': 'gini', 'classifier__max_features': 'sqrt', 'classifier__min_samples_split': 8, 'classifier__n_estimators': 320}",0.856517,0.020812,0.896498,0.044723,0.803415,0.029256,0.708171,0.042429,0.848046,0.017741,0.849956,0.018237,0.699913,0.036475
"{'classifier__criterion': 'gini', 'classifier__max_features': 'sqrt', 'classifier__min_samples_split': 8, 'classifier__n_estimators': 330}",0.857592,0.021218,0.894646,0.046865,0.808415,0.028227,0.710618,0.042944,0.849766,0.017437,0.851531,0.018126,0.703061,0.036251
"{'classifier__criterion': 'gini', 'classifier__max_features': 'sqrt', 'classifier__min_samples_split': 9, 'classifier__n_estimators': 20}",0.845946,0.023074,0.885387,0.04523,0.793659,0.034844,0.686469,0.046042,0.837568,0.021088,0.839523,0.021209,0.679046,0.042419
"{'classifier__criterion': 'gini', 'classifier__max_features': 'sqrt', 'classifier__min_samples_split': 9, 'classifier__n_estimators': 30}",0.84701,0.023526,0.883569,0.050354,0.798598,0.023393,0.688993,0.046537,0.839343,0.01893,0.841083,0.019747,0.682167,0.039494
"{'classifier__criterion': 'gini', 'classifier__max_features': 'sqrt', 'classifier__min_samples_split': 9, 'classifier__n_estimators': 40}",0.854423,0.025814,0.887273,0.048533,0.810915,0.030396,0.704181,0.052201,0.847602,0.022742,0.849094,0.023283,0.698187,0.046566
"{'classifier__criterion': 'gini', 'classifier__max_features': 'sqrt', 'classifier__min_samples_split': 9, 'classifier__n_estimators': 50}",0.859686,0.020714,0.892795,0.04286,0.815854,0.024219,0.714528,0.041401,0.852947,0.017432,0.854324,0.017959,0.708648,0.035918
"{'classifier__criterion': 'gini', 'classifier__max_features': 'sqrt', 'classifier__min_samples_split': 9, 'classifier__n_estimators': 60}",0.854401,0.024186,0.889125,0.046761,0.808415,0.020683,0.703722,0.048373,0.847317,0.020405,0.84877,0.02108,0.697539,0.042161
"{'classifier__criterion': 'gini', 'classifier__max_features': 'sqrt', 'classifier__min_samples_split': 9, 'classifier__n_estimators': 70}",0.856517,0.021382,0.892828,0.041122,0.808415,0.020683,0.707653,0.0434,0.849173,0.018215,0.850621,0.018846,0.701243,0.037691
"{'classifier__criterion': 'gini', 'classifier__max_features': 'sqrt', 'classifier__min_samples_split': 9, 'classifier__n_estimators': 80}",0.856517,0.023832,0.892795,0.045197,0.808415,0.020683,0.707906,0.048303,0.849107,0.020185,0.850605,0.020949,0.701209,0.041898
"{'classifier__criterion': 'gini', 'classifier__max_features': 'sqrt', 'classifier__min_samples_split': 9, 'classifier__n_estimators': 90}",0.857559,0.024884,0.892828,0.048753,0.810915,0.023811,0.710467,0.049774,0.850316,0.021065,0.851871,0.021737,0.703743,0.043474
"{'classifier__criterion': 'gini', 'classifier__max_features': 'sqrt', 'classifier__min_samples_split': 9, 'classifier__n_estimators': 100}",0.854401,0.024186,0.892795,0.050906,0.803537,0.023611,0.704182,0.048078,0.846327,0.019647,0.848166,0.020462,0.696331,0.040924
"{'classifier__criterion': 'gini', 'classifier__max_features': 'sqrt', 'classifier__min_samples_split': 9, 'classifier__n_estimators': 110}",0.854401,0.024186,0.892795,0.050906,0.803537,0.023611,0.704182,0.048078,0.846327,0.019647,0.848166,0.020462,0.696331,0.040924
"{'classifier__criterion': 'gini', 'classifier__max_features': 'sqrt', 'classifier__min_samples_split': 9, 'classifier__n_estimators': 120}",0.858645,0.020181,0.900202,0.043144,0.803537,0.023611,0.712352,0.041254,0.849976,0.016411,0.851869,0.017219,0.703739,0.034437
"{'classifier__criterion': 'gini', 'classifier__max_features': 'sqrt', 'classifier__min_samples_split': 9, 'classifier__n_estimators': 130}",0.858634,0.021873,0.900236,0.047578,0.803537,0.023611,0.712711,0.044284,0.849901,0.01746,0.851886,0.018372,0.703772,0.036745
"{'classifier__criterion': 'gini', 'classifier__max_features': 'sqrt', 'classifier__min_samples_split': 9, 'classifier__n_estimators': 140}",0.856529,0.021843,0.896532,0.04687,0.803537,0.023611,0.708299,0.044377,0.84817,0.017551,0.850034,0.018464,0.700069,0.036929
"{'classifier__criterion': 'gini', 'classifier__max_features': 'sqrt', 'classifier__min_samples_split': 9, 'classifier__n_estimators': 150}",0.856529,0.021843,0.896532,0.04687,0.803537,0.023611,0.708299,0.044377,0.84817,0.017551,0.850034,0.018464,0.700069,0.036929
"{'classifier__criterion': 'gini', 'classifier__max_features': 'sqrt', 'classifier__min_samples_split': 9, 'classifier__n_estimators': 160}",0.858634,0.02136,0.900202,0.046215,0.803537,0.023611,0.712575,0.043128,0.849913,0.017161,0.851869,0.017996,0.703739,0.035992
"{'classifier__criterion': 'gini', 'classifier__max_features': 'sqrt', 'classifier__min_samples_split': 9, 'classifier__n_estimators': 170}",0.860761,0.017516,0.900202,0.041524,0.808476,0.025494,0.716724,0.035385,0.852545,0.013858,0.854339,0.014509,0.708678,0.029018
"{'classifier__criterion': 'gini', 'classifier__max_features': 'sqrt', 'classifier__min_samples_split': 9, 'classifier__n_estimators': 180}",0.858634,0.020238,0.896498,0.044723,0.808415,0.028227,0.712555,0.040561,0.850683,0.016921,0.852456,0.017383,0.704913,0.034767
"{'classifier__criterion': 'gini', 'classifier__max_features': 'sqrt', 'classifier__min_samples_split': 9, 'classifier__n_estimators': 190}",0.859686,0.023286,0.89835,0.04626,0.808415,0.023383,0.714599,0.046991,0.851665,0.019603,0.853382,0.020269,0.706765,0.040538
"{'classifier__criterion': 'gini', 'classifier__max_features': 'sqrt', 'classifier__min_samples_split': 9, 'classifier__n_estimators': 200}",0.861803,0.021426,0.900202,0.046215,0.810915,0.02619,0.719137,0.042928,0.853775,0.017725,0.855558,0.018291,0.711117,0.036582
"{'classifier__criterion': 'gini', 'classifier__max_features': 'sqrt', 'classifier__min_samples_split': 9, 'classifier__n_estimators': 210}",0.859686,0.022805,0.900202,0.046215,0.805976,0.027139,0.714706,0.045883,0.851189,0.019524,0.853089,0.02,0.706178,0.04
"{'classifier__criterion': 'gini', 'classifier__max_features': 'sqrt', 'classifier__min_samples_split': 9, 'classifier__n_estimators': 220}",0.862856,0.021723,0.902054,0.046833,0.810915,0.02619,0.721353,0.043491,0.854642,0.017955,0.856484,0.01853,0.712969,0.03706
"{'classifier__criterion': 'gini', 'classifier__max_features': 'sqrt', 'classifier__min_samples_split': 9, 'classifier__n_estimators': 230}",0.862856,0.021723,0.902054,0.046833,0.810915,0.02619,0.721353,0.043491,0.854642,0.017955,0.856484,0.01853,0.712969,0.03706
"{'classifier__criterion': 'gini', 'classifier__max_features': 'sqrt', 'classifier__min_samples_split': 9, 'classifier__n_estimators': 240}",0.858623,0.019184,0.900202,0.04839,0.803476,0.030979,0.713071,0.038433,0.849649,0.014998,0.851839,0.015644,0.703678,0.031287
"{'classifier__criterion': 'gini', 'classifier__max_features': 'sqrt', 'classifier__min_samples_split': 9, 'classifier__n_estimators': 250}",0.860728,0.020664,0.902054,0.046833,0.805915,0.031939,0.71715,0.0414,0.851882,0.017619,0.853984,0.017914,0.707969,0.035829
"{'classifier__criterion': 'gini', 'classifier__max_features': 'sqrt', 'classifier__min_samples_split': 9, 'classifier__n_estimators': 260}",0.858623,0.022425,0.900202,0.046951,0.803476,0.028682,0.712652,0.045223,0.849812,0.019073,0.851839,0.01958,0.703678,0.03916
"{'classifier__criterion': 'gini', 'classifier__max_features': 'sqrt', 'classifier__min_samples_split': 9, 'classifier__n_estimators': 270}",0.857559,0.02043,0.900202,0.046951,0.800976,0.027988,0.710569,0.041298,0.848449,0.0165,0.850589,0.017194,0.701178,0.034389
"{'classifier__criterion': 'gini', 'classifier__max_features': 'sqrt', 'classifier__min_samples_split': 9, 'classifier__n_estimators': 280}",0.855454,0.020286,0.898384,0.049042,0.798537,0.030607,0.70656,0.041032,0.846185,0.01611,0.84846,0.016841,0.69692,0.033681
"{'classifier__criterion': 'gini', 'classifier__max_features': 'sqrt', 'classifier__min_samples_split': 9, 'classifier__n_estimators': 290}",0.855454,0.020286,0.898384,0.049042,0.798537,0.030607,0.70656,0.041032,0.846185,0.01611,0.84846,0.016841,0.69692,0.033681
"{'classifier__criterion': 'gini', 'classifier__max_features': 'sqrt', 'classifier__min_samples_split': 9, 'classifier__n_estimators': 300}",0.856506,0.022455,0.896532,0.048311,0.803415,0.029256,0.708443,0.045389,0.847993,0.018904,0.849973,0.019472,0.699947,0.038944
"{'classifier__criterion': 'gini', 'classifier__max_features': 'sqrt', 'classifier__min_samples_split': 9, 'classifier__n_estimators': 310}",0.857559,0.022982,0.898384,0.049042,0.803415,0.029256,0.710659,0.046434,0.848861,0.019381,0.850899,0.019958,0.701798,0.039915
"{'classifier__criterion': 'gini', 'classifier__max_features': 'sqrt', 'classifier__min_samples_split': 9, 'classifier__n_estimators': 320}",0.856517,0.022394,0.896532,0.048311,0.803476,0.028682,0.708483,0.045215,0.848033,0.018674,0.850004,0.019295,0.700008,0.038591
"{'classifier__criterion': 'gini', 'classifier__max_features': 'sqrt', 'classifier__min_samples_split': 9, 'classifier__n_estimators': 330}",0.856517,0.022394,0.896532,0.048311,0.803476,0.028682,0.708483,0.045215,0.848033,0.018674,0.850004,0.019295,0.700008,0.038591
