params,mean_test_accuracy,std_test_accuracy,mean_test_recall,std_test_recall,mean_test_specificity,std_test_specificity,mean_test_mcc,std_test_mcc,mean_test_gm,std_test_gm,mean_test_uar,std_test_uar,mean_test_bm,std_test_bm
"{'classifier__criterion': 'gini', 'classifier__max_features': 'sqrt', 'classifier__min_samples_split': 2, 'classifier__n_estimators': 20}",0.802344,0.048984,0.805021,0.064228,0.797385,0.082385,0.592772,0.099783,0.799394,0.050144,0.801203,0.050449,0.602406,0.100898
"{'classifier__criterion': 'gini', 'classifier__max_features': 'sqrt', 'classifier__min_samples_split': 2, 'classifier__n_estimators': 30}",0.819842,0.055686,0.834778,0.043485,0.793846,0.116479,0.620862,0.125233,0.811855,0.068973,0.814312,0.066744,0.628624,0.133488
"{'classifier__criterion': 'gini', 'classifier__max_features': 'sqrt', 'classifier__min_samples_split': 2, 'classifier__n_estimators': 40}",0.818329,0.057008,0.823309,0.061527,0.809538,0.082851,0.622712,0.116511,0.81528,0.059611,0.816424,0.059413,0.632847,0.118827
"{'classifier__criterion': 'gini', 'classifier__max_features': 'sqrt', 'classifier__min_samples_split': 2, 'classifier__n_estimators': 50}",0.812575,0.058735,0.823414,0.068515,0.793692,0.081071,0.609537,0.118867,0.80711,0.059854,0.808553,0.059602,0.617107,0.119203
"{'classifier__criterion': 'gini', 'classifier__max_features': 'sqrt', 'classifier__min_samples_split': 2, 'classifier__n_estimators': 60}",0.812596,0.062475,0.821142,0.073379,0.797846,0.081979,0.610972,0.125254,0.808099,0.062621,0.809494,0.062665,0.618988,0.12533
"{'classifier__criterion': 'gini', 'classifier__max_features': 'sqrt', 'classifier__min_samples_split': 2, 'classifier__n_estimators': 70}",0.821355,0.060561,0.823467,0.068925,0.817846,0.076985,0.630615,0.120111,0.819631,0.060991,0.820657,0.060763,0.641313,0.121526
"{'classifier__criterion': 'gini', 'classifier__max_features': 'sqrt', 'classifier__min_samples_split': 2, 'classifier__n_estimators': 80}",0.812681,0.069065,0.821247,0.068665,0.798,0.099003,0.609877,0.142477,0.808298,0.073225,0.809624,0.072836,0.619247,0.145672
"{'classifier__criterion': 'gini', 'classifier__max_features': 'sqrt', 'classifier__min_samples_split': 2, 'classifier__n_estimators': 90}",0.811211,0.070725,0.823467,0.069775,0.789846,0.097107,0.605198,0.146368,0.805413,0.074476,0.806657,0.074071,0.613313,0.148142
"{'classifier__criterion': 'gini', 'classifier__max_features': 'sqrt', 'classifier__min_samples_split': 2, 'classifier__n_estimators': 100}",0.81413,0.064425,0.825793,0.066781,0.793846,0.089749,0.611568,0.132601,0.808536,0.067526,0.809819,0.067066,0.619639,0.134132
"{'classifier__criterion': 'gini', 'classifier__max_features': 'sqrt', 'classifier__min_samples_split': 2, 'classifier__n_estimators': 110}",0.814109,0.06479,0.825793,0.069063,0.793692,0.081071,0.611522,0.132208,0.808731,0.06627,0.809743,0.065888,0.619485,0.131776
"{'classifier__criterion': 'gini', 'classifier__max_features': 'sqrt', 'classifier__min_samples_split': 2, 'classifier__n_estimators': 120}",0.819928,0.06298,0.834937,0.06249,0.793846,0.089749,0.62172,0.131294,0.813105,0.067014,0.814391,0.06633,0.628783,0.132661
"{'classifier__criterion': 'gini', 'classifier__max_features': 'sqrt', 'classifier__min_samples_split': 2, 'classifier__n_estimators': 130}",0.822826,0.061813,0.839482,0.065218,0.793692,0.081071,0.627287,0.127295,0.815377,0.064014,0.816587,0.063484,0.633174,0.126968
"{'classifier__criterion': 'gini', 'classifier__max_features': 'sqrt', 'classifier__min_samples_split': 2, 'classifier__n_estimators': 140}",0.821398,0.064543,0.834884,0.065894,0.797692,0.086064,0.625376,0.133442,0.815175,0.067362,0.816288,0.066867,0.632576,0.133734
"{'classifier__criterion': 'gini', 'classifier__max_features': 'sqrt', 'classifier__min_samples_split': 2, 'classifier__n_estimators': 150}",0.821398,0.065512,0.837156,0.06567,0.793846,0.089749,0.624526,0.135916,0.814234,0.068982,0.815501,0.06836,0.631003,0.136719
"{'classifier__criterion': 'gini', 'classifier__max_features': 'sqrt', 'classifier__min_samples_split': 2, 'classifier__n_estimators': 160}",0.81705,0.062922,0.830338,0.061238,0.793846,0.089749,0.616196,0.131007,0.81092,0.067137,0.812092,0.066487,0.624184,0.132974
"{'classifier__criterion': 'gini', 'classifier__max_features': 'sqrt', 'classifier__min_samples_split': 2, 'classifier__n_estimators': 170}",0.81705,0.062922,0.832664,0.061013,0.789846,0.090276,0.615297,0.131189,0.809994,0.067287,0.811255,0.066627,0.62251,0.133253
"{'classifier__criterion': 'gini', 'classifier__max_features': 'sqrt', 'classifier__min_samples_split': 2, 'classifier__n_estimators': 180}",0.81558,0.060828,0.832664,0.061013,0.785846,0.085161,0.611886,0.126307,0.807987,0.064407,0.809255,0.063767,0.61851,0.127533
"{'classifier__criterion': 'gini', 'classifier__max_features': 'sqrt', 'classifier__min_samples_split': 2, 'classifier__n_estimators': 190}",0.819949,0.062266,0.837262,0.063815,0.789846,0.090276,0.621277,0.129205,0.812034,0.066146,0.813554,0.065485,0.627108,0.130971
"{'classifier__criterion': 'gini', 'classifier__max_features': 'sqrt', 'classifier__min_samples_split': 2, 'classifier__n_estimators': 200}",0.817029,0.063257,0.837209,0.066307,0.781846,0.085342,0.614352,0.130868,0.808038,0.06586,0.809528,0.065324,0.619055,0.130647
"{'classifier__criterion': 'gini', 'classifier__max_features': 'sqrt', 'classifier__min_samples_split': 2, 'classifier__n_estimators': 210}",0.81705,0.062922,0.832611,0.066039,0.789846,0.084792,0.616036,0.129568,0.809947,0.065324,0.811229,0.064892,0.622457,0.129784
"{'classifier__criterion': 'gini', 'classifier__max_features': 'sqrt', 'classifier__min_samples_split': 2, 'classifier__n_estimators': 220}",0.818521,0.063907,0.832611,0.066039,0.793846,0.089749,0.619644,0.132307,0.811876,0.066988,0.813229,0.066607,0.626457,0.133214
"{'classifier__criterion': 'gini', 'classifier__max_features': 'sqrt', 'classifier__min_samples_split': 2, 'classifier__n_estimators': 230}",0.81705,0.062922,0.832611,0.066039,0.789846,0.084792,0.616036,0.129568,0.809947,0.065324,0.811229,0.064892,0.622457,0.129784
"{'classifier__criterion': 'gini', 'classifier__max_features': 'sqrt', 'classifier__min_samples_split': 2, 'classifier__n_estimators': 240}",0.8185,0.061597,0.834937,0.063349,0.789846,0.084792,0.618331,0.127192,0.81111,0.064598,0.812391,0.064043,0.624783,0.128086
"{'classifier__criterion': 'gini', 'classifier__max_features': 'sqrt', 'classifier__min_samples_split': 2, 'classifier__n_estimators': 250}",0.817029,0.060929,0.832611,0.063649,0.789846,0.084792,0.615796,0.125799,0.80991,0.063816,0.811229,0.063294,0.622457,0.126589
"{'classifier__criterion': 'gini', 'classifier__max_features': 'sqrt', 'classifier__min_samples_split': 2, 'classifier__n_estimators': 260}",0.81413,0.062141,0.828013,0.06221,0.789846,0.084792,0.610055,0.128834,0.807843,0.065271,0.808929,0.064801,0.617859,0.129602
"{'classifier__criterion': 'gini', 'classifier__max_features': 'sqrt', 'classifier__min_samples_split': 2, 'classifier__n_estimators': 270}",0.80974,0.057111,0.82574,0.058692,0.781846,0.075387,0.600101,0.117458,0.802778,0.059449,0.803793,0.058948,0.607586,0.117896
"{'classifier__criterion': 'gini', 'classifier__max_features': 'sqrt', 'classifier__min_samples_split': 2, 'classifier__n_estimators': 280}",0.814109,0.059429,0.830338,0.059486,0.785846,0.081317,0.608981,0.122659,0.806982,0.062516,0.808092,0.061991,0.616184,0.123983
"{'classifier__criterion': 'gini', 'classifier__max_features': 'sqrt', 'classifier__min_samples_split': 2, 'classifier__n_estimators': 290}",0.81266,0.061041,0.830391,0.059412,0.781846,0.087196,0.605393,0.127342,0.804835,0.065256,0.806119,0.064597,0.612237,0.129194
"{'classifier__criterion': 'gini', 'classifier__max_features': 'sqrt', 'classifier__min_samples_split': 2, 'classifier__n_estimators': 300}",0.814109,0.057998,0.830391,0.059412,0.785846,0.081317,0.609128,0.119689,0.806901,0.061202,0.808119,0.060608,0.616237,0.121216
"{'classifier__criterion': 'gini', 'classifier__max_features': 'sqrt', 'classifier__min_samples_split': 2, 'classifier__n_estimators': 310}",0.80974,0.057907,0.828118,0.059401,0.777846,0.079511,0.599343,0.11943,0.801744,0.060788,0.802982,0.06027,0.605965,0.120541
"{'classifier__criterion': 'gini', 'classifier__max_features': 'sqrt', 'classifier__min_samples_split': 2, 'classifier__n_estimators': 320}",0.808269,0.058458,0.825793,0.058538,0.777846,0.079511,0.596462,0.120728,0.800699,0.061452,0.801819,0.060951,0.603639,0.121902
"{'classifier__criterion': 'gini', 'classifier__max_features': 'sqrt', 'classifier__min_samples_split': 2, 'classifier__n_estimators': 330}",0.811168,0.060318,0.830391,0.062793,0.777846,0.079511,0.602231,0.124236,0.80286,0.062615,0.804119,0.062135,0.608237,0.124269
"{'classifier__criterion': 'gini', 'classifier__max_features': 'sqrt', 'classifier__min_samples_split': 3, 'classifier__n_estimators': 20}",0.802366,0.039896,0.816332,0.056597,0.777846,0.096304,0.588193,0.086222,0.794156,0.047865,0.797089,0.046003,0.594178,0.092005
"{'classifier__criterion': 'gini', 'classifier__max_features': 'sqrt', 'classifier__min_samples_split': 3, 'classifier__n_estimators': 30}",0.816944,0.053743,0.837156,0.062484,0.782308,0.086058,0.615153,0.111112,0.80765,0.057432,0.809732,0.056296,0.619464,0.112591
"{'classifier__criterion': 'gini', 'classifier__max_features': 'sqrt', 'classifier__min_samples_split': 3, 'classifier__n_estimators': 40}",0.825661,0.050015,0.843975,0.059437,0.794154,0.077746,0.633608,0.103385,0.817352,0.052322,0.819064,0.051691,0.638128,0.103383
"{'classifier__criterion': 'gini', 'classifier__max_features': 'sqrt', 'classifier__min_samples_split': 3, 'classifier__n_estimators': 50}",0.824233,0.048418,0.841755,0.048259,0.794,0.076276,0.629233,0.102667,0.816655,0.05273,0.817877,0.052085,0.635755,0.10417
"{'classifier__criterion': 'gini', 'classifier__max_features': 'sqrt', 'classifier__min_samples_split': 3, 'classifier__n_estimators': 60}",0.822762,0.046377,0.839535,0.048578,0.794,0.064946,0.626412,0.09589,0.815844,0.04856,0.816767,0.048258,0.633535,0.096516
"{'classifier__criterion': 'gini', 'classifier__max_features': 'sqrt', 'classifier__min_samples_split': 3, 'classifier__n_estimators': 70}",0.831543,0.050784,0.846459,0.054568,0.806,0.068542,0.645449,0.103048,0.825287,0.052416,0.826229,0.052141,0.652459,0.104282
"{'classifier__criterion': 'gini', 'classifier__max_features': 'sqrt', 'classifier__min_samples_split': 3, 'classifier__n_estimators': 80}",0.821398,0.059431,0.839535,0.056533,0.79,0.080957,0.622952,0.123778,0.813781,0.062736,0.814767,0.06252,0.629535,0.12504
"{'classifier__criterion': 'gini', 'classifier__max_features': 'sqrt', 'classifier__min_samples_split': 3, 'classifier__n_estimators': 90}",0.81413,0.061057,0.830338,0.059404,0.786,0.085194,0.608979,0.1261,0.80706,0.064617,0.808169,0.0643,0.616338,0.128601
"{'classifier__criterion': 'gini', 'classifier__max_features': 'sqrt', 'classifier__min_samples_split': 3, 'classifier__n_estimators': 100}",0.81266,0.059555,0.830338,0.059404,0.782,0.081547,0.605526,0.122542,0.805033,0.062522,0.806169,0.062256,0.612338,0.124512
"{'classifier__criterion': 'gini', 'classifier__max_features': 'sqrt', 'classifier__min_samples_split': 3, 'classifier__n_estimators': 110}",0.818457,0.057366,0.837262,0.055042,0.786,0.081351,0.616845,0.119834,0.810522,0.060838,0.811631,0.060755,0.623262,0.12151
"{'classifier__criterion': 'gini', 'classifier__max_features': 'sqrt', 'classifier__min_samples_split': 3, 'classifier__n_estimators': 120}",0.822805,0.060104,0.841755,0.061522,0.789846,0.087075,0.626457,0.125158,0.814327,0.06361,0.8158,0.063251,0.631601,0.126502
"{'classifier__criterion': 'gini', 'classifier__max_features': 'sqrt', 'classifier__min_samples_split': 3, 'classifier__n_estimators': 130}",0.822826,0.058654,0.841808,0.059654,0.789846,0.077344,0.626085,0.121449,0.814737,0.060822,0.815827,0.060695,0.631654,0.121391
"{'classifier__criterion': 'gini', 'classifier__max_features': 'sqrt', 'classifier__min_samples_split': 3, 'classifier__n_estimators': 140}",0.819928,0.059841,0.841808,0.059654,0.782154,0.080845,0.619193,0.124284,0.810697,0.062577,0.811981,0.062328,0.623961,0.124656
"{'classifier__criterion': 'gini', 'classifier__max_features': 'sqrt', 'classifier__min_samples_split': 3, 'classifier__n_estimators': 150}",0.819928,0.061571,0.84408,0.062537,0.778154,0.084718,0.618757,0.128048,0.809529,0.064595,0.811117,0.064143,0.622234,0.128287
"{'classifier__criterion': 'gini', 'classifier__max_features': 'sqrt', 'classifier__min_samples_split': 3, 'classifier__n_estimators': 160}",0.816986,0.059175,0.841755,0.060556,0.774154,0.082622,0.612431,0.123022,0.806326,0.062123,0.807954,0.061724,0.615909,0.123448
"{'classifier__criterion': 'gini', 'classifier__max_features': 'sqrt', 'classifier__min_samples_split': 3, 'classifier__n_estimators': 170}",0.815516,0.05807,0.841755,0.060556,0.770154,0.076182,0.608824,0.119853,0.804397,0.060147,0.805954,0.059693,0.611909,0.119386
"{'classifier__criterion': 'gini', 'classifier__max_features': 'sqrt', 'classifier__min_samples_split': 3, 'classifier__n_estimators': 180}",0.815537,0.059818,0.841808,0.064641,0.77,0.076588,0.609247,0.123036,0.804254,0.061211,0.805904,0.060837,0.611808,0.121673
"{'classifier__criterion': 'gini', 'classifier__max_features': 'sqrt', 'classifier__min_samples_split': 3, 'classifier__n_estimators': 190}",0.812617,0.058911,0.839482,0.062642,0.766154,0.075557,0.602811,0.121169,0.801201,0.060478,0.802818,0.060104,0.605636,0.120208
"{'classifier__criterion': 'gini', 'classifier__max_features': 'sqrt', 'classifier__min_samples_split': 3, 'classifier__n_estimators': 200}",0.817008,0.061245,0.841808,0.064641,0.774,0.079055,0.612614,0.126256,0.806358,0.06314,0.807904,0.062669,0.615808,0.125338
"{'classifier__criterion': 'gini', 'classifier__max_features': 'sqrt', 'classifier__min_samples_split': 3, 'classifier__n_estimators': 210}",0.814088,0.060071,0.839482,0.066005,0.77,0.076588,0.606712,0.12325,0.803088,0.061186,0.804741,0.060843,0.609482,0.121685
"{'classifier__criterion': 'gini', 'classifier__max_features': 'sqrt', 'classifier__min_samples_split': 3, 'classifier__n_estimators': 220}",0.812639,0.060636,0.839482,0.066005,0.766154,0.075557,0.603188,0.124321,0.801162,0.061581,0.802818,0.06129,0.605636,0.122579
"{'classifier__criterion': 'gini', 'classifier__max_features': 'sqrt', 'classifier__min_samples_split': 3, 'classifier__n_estimators': 230}",0.812639,0.061345,0.839482,0.066005,0.766154,0.073409,0.602979,0.125505,0.801292,0.062152,0.802818,0.061773,0.605636,0.123547
"{'classifier__criterion': 'gini', 'classifier__max_features': 'sqrt', 'classifier__min_samples_split': 3, 'classifier__n_estimators': 240}",0.815516,0.058081,0.84408,0.062537,0.766,0.071622,0.608166,0.119297,0.8034,0.059154,0.80504,0.058759,0.61008,0.117517
"{'classifier__criterion': 'gini', 'classifier__max_features': 'sqrt', 'classifier__min_samples_split': 3, 'classifier__n_estimators': 250}",0.812596,0.057875,0.841755,0.063217,0.762,0.070723,0.601961,0.118602,0.800174,0.058641,0.801877,0.058304,0.603755,0.116609
"{'classifier__criterion': 'gini', 'classifier__max_features': 'sqrt', 'classifier__min_samples_split': 3, 'classifier__n_estimators': 260}",0.812596,0.056776,0.841808,0.060514,0.762,0.070723,0.601686,0.116829,0.800254,0.058058,0.801904,0.057669,0.603808,0.115338
"{'classifier__criterion': 'gini', 'classifier__max_features': 'sqrt', 'classifier__min_samples_split': 3, 'classifier__n_estimators': 270}",0.815516,0.056232,0.841808,0.058782,0.77,0.076588,0.608679,0.116243,0.80428,0.058668,0.805904,0.058208,0.611808,0.116416
"{'classifier__criterion': 'gini', 'classifier__max_features': 'sqrt', 'classifier__min_samples_split': 3, 'classifier__n_estimators': 280}",0.814066,0.055374,0.841808,0.058782,0.766,0.075958,0.605275,0.114402,0.802147,0.057634,0.803904,0.057228,0.607808,0.114456
"{'classifier__criterion': 'gini', 'classifier__max_features': 'sqrt', 'classifier__min_samples_split': 3, 'classifier__n_estimators': 290}",0.816986,0.057373,0.841808,0.058782,0.774,0.077004,0.612036,0.118705,0.806436,0.059965,0.807904,0.059452,0.615808,0.118903
"{'classifier__criterion': 'gini', 'classifier__max_features': 'sqrt', 'classifier__min_samples_split': 3, 'classifier__n_estimators': 300}",0.816965,0.058135,0.844133,0.060739,0.77,0.076588,0.611464,0.120381,0.805439,0.060333,0.807067,0.059863,0.614133,0.119726
"{'classifier__criterion': 'gini', 'classifier__max_features': 'sqrt', 'classifier__min_samples_split': 3, 'classifier__n_estimators': 310}",0.812596,0.055655,0.839535,0.057439,0.765846,0.07407,0.6021,0.115254,0.801136,0.057983,0.802691,0.057526,0.605381,0.115053
"{'classifier__criterion': 'gini', 'classifier__max_features': 'sqrt', 'classifier__min_samples_split': 3, 'classifier__n_estimators': 320}",0.815537,0.060537,0.841808,0.060514,0.77,0.074469,0.608235,0.125293,0.804599,0.062657,0.805904,0.062119,0.611808,0.124238
"{'classifier__criterion': 'gini', 'classifier__max_features': 'sqrt', 'classifier__min_samples_split': 3, 'classifier__n_estimators': 330}",0.815537,0.060537,0.841808,0.060514,0.77,0.074469,0.608235,0.125293,0.804599,0.062657,0.805904,0.062119,0.611808,0.124238
"{'classifier__criterion': 'gini', 'classifier__max_features': 'sqrt', 'classifier__min_samples_split': 4, 'classifier__n_estimators': 20}",0.812617,0.037578,0.832717,0.034783,0.778308,0.0645,0.603817,0.079916,0.804405,0.042504,0.805512,0.041532,0.611024,0.083064
"{'classifier__criterion': 'gini', 'classifier__max_features': 'sqrt', 'classifier__min_samples_split': 4, 'classifier__n_estimators': 30}",0.82419,0.040983,0.84186,0.050252,0.793846,0.059791,0.629685,0.082608,0.816669,0.04191,0.817853,0.041519,0.635707,0.083039
"{'classifier__criterion': 'gini', 'classifier__max_features': 'sqrt', 'classifier__min_samples_split': 4, 'classifier__n_estimators': 40}",0.824169,0.050265,0.846353,0.055739,0.786,0.078442,0.628396,0.103144,0.814431,0.053683,0.816177,0.052799,0.632353,0.105598
"{'classifier__criterion': 'gini', 'classifier__max_features': 'sqrt', 'classifier__min_samples_split': 4, 'classifier__n_estimators': 50}",0.825639,0.042779,0.841702,0.049566,0.798,0.068423,0.63322,0.088749,0.818579,0.045415,0.819851,0.044859,0.639702,0.089718
"{'classifier__criterion': 'gini', 'classifier__max_features': 'sqrt', 'classifier__min_samples_split': 4, 'classifier__n_estimators': 60}",0.82419,0.041522,0.839482,0.04434,0.797846,0.059334,0.629575,0.08513,0.817849,0.0436,0.818664,0.043269,0.637328,0.086539
"{'classifier__criterion': 'gini', 'classifier__max_features': 'sqrt', 'classifier__min_samples_split': 4, 'classifier__n_estimators': 70}",0.827131,0.042925,0.841808,0.039947,0.802,0.069582,0.635612,0.091037,0.821007,0.047594,0.821904,0.046944,0.643808,0.093888
"{'classifier__criterion': 'gini', 'classifier__max_features': 'sqrt', 'classifier__min_samples_split': 4, 'classifier__n_estimators': 80}",0.816965,0.053636,0.839482,0.057651,0.778154,0.074681,0.613189,0.110387,0.807366,0.055807,0.808818,0.055494,0.617636,0.110988
"{'classifier__criterion': 'gini', 'classifier__max_features': 'sqrt', 'classifier__min_samples_split': 4, 'classifier__n_estimators': 90}",0.816965,0.054413,0.839429,0.058582,0.778,0.063953,0.6127,0.110419,0.807628,0.055011,0.808715,0.054653,0.617429,0.109307
"{'classifier__criterion': 'gini', 'classifier__max_features': 'sqrt', 'classifier__min_samples_split': 4, 'classifier__n_estimators': 100}",0.821334,0.054725,0.846353,0.05752,0.778,0.07295,0.620938,0.112455,0.810712,0.056867,0.812177,0.056306,0.624353,0.112613
"{'classifier__criterion': 'gini', 'classifier__max_features': 'sqrt', 'classifier__min_samples_split': 4, 'classifier__n_estimators': 110}",0.818393,0.051712,0.84408,0.056331,0.773846,0.061654,0.614474,0.105104,0.80769,0.052296,0.808963,0.051944,0.617926,0.103887
"{'classifier__criterion': 'gini', 'classifier__max_features': 'sqrt', 'classifier__min_samples_split': 4, 'classifier__n_estimators': 120}",0.821334,0.054339,0.841808,0.055023,0.785692,0.071607,0.621947,0.112263,0.812673,0.056733,0.81375,0.056265,0.6275,0.11253
"{'classifier__criterion': 'gini', 'classifier__max_features': 'sqrt', 'classifier__min_samples_split': 4, 'classifier__n_estimators': 130}",0.821334,0.058437,0.841808,0.055023,0.785538,0.082135,0.621684,0.122733,0.812498,0.062489,0.813673,0.061936,0.627346,0.123872
"{'classifier__criterion': 'gini', 'classifier__max_features': 'sqrt', 'classifier__min_samples_split': 4, 'classifier__n_estimators': 140}",0.824275,0.058895,0.841755,0.057042,0.793538,0.085475,0.629113,0.123576,0.816419,0.063074,0.817647,0.062586,0.635293,0.125172
"{'classifier__criterion': 'gini', 'classifier__max_features': 'sqrt', 'classifier__min_samples_split': 4, 'classifier__n_estimators': 150}",0.818457,0.058812,0.841702,0.060759,0.777846,0.087189,0.615948,0.122907,0.807992,0.062509,0.809774,0.062009,0.619548,0.124018
"{'classifier__criterion': 'gini', 'classifier__max_features': 'sqrt', 'classifier__min_samples_split': 4, 'classifier__n_estimators': 160}",0.816986,0.060578,0.841702,0.060759,0.773692,0.085792,0.612015,0.127096,0.806017,0.064408,0.807697,0.063713,0.615394,0.127426
"{'classifier__criterion': 'gini', 'classifier__max_features': 'sqrt', 'classifier__min_samples_split': 4, 'classifier__n_estimators': 170}",0.814066,0.0594,0.839429,0.060319,0.769692,0.083509,0.605822,0.124565,0.802867,0.062876,0.804561,0.062261,0.609121,0.124521
"{'classifier__criterion': 'gini', 'classifier__max_features': 'sqrt', 'classifier__min_samples_split': 4, 'classifier__n_estimators': 180}",0.815516,0.055858,0.839429,0.060319,0.773692,0.075896,0.609562,0.1155,0.804999,0.05782,0.806561,0.057474,0.613121,0.114948
"{'classifier__criterion': 'gini', 'classifier__max_features': 'sqrt', 'classifier__min_samples_split': 4, 'classifier__n_estimators': 190}",0.816965,0.055925,0.839429,0.060319,0.777692,0.076123,0.61308,0.115571,0.807076,0.057956,0.808561,0.057574,0.617121,0.115149
"{'classifier__criterion': 'gini', 'classifier__max_features': 'sqrt', 'classifier__min_samples_split': 4, 'classifier__n_estimators': 200}",0.818436,0.057401,0.843975,0.054876,0.773692,0.085792,0.614182,0.122116,0.807127,0.062471,0.808833,0.061504,0.617667,0.123009
"{'classifier__criterion': 'gini', 'classifier__max_features': 'sqrt', 'classifier__min_samples_split': 4, 'classifier__n_estimators': 210}",0.815537,0.058397,0.837156,0.051431,0.777692,0.085992,0.608932,0.125005,0.806156,0.064077,0.807424,0.063098,0.614849,0.126195
"{'classifier__criterion': 'gini', 'classifier__max_features': 'sqrt', 'classifier__min_samples_split': 4, 'classifier__n_estimators': 220}",0.816986,0.057738,0.839429,0.052045,0.777692,0.085992,0.611793,0.123384,0.807171,0.063354,0.808561,0.062339,0.617121,0.124678
"{'classifier__criterion': 'gini', 'classifier__max_features': 'sqrt', 'classifier__min_samples_split': 4, 'classifier__n_estimators': 230}",0.816986,0.057738,0.839429,0.052045,0.777692,0.085992,0.611793,0.123384,0.807171,0.063354,0.808561,0.062339,0.617121,0.124678
"{'classifier__criterion': 'gini', 'classifier__max_features': 'sqrt', 'classifier__min_samples_split': 4, 'classifier__n_estimators': 240}",0.814066,0.053061,0.834831,0.0519,0.777692,0.078196,0.606755,0.11231,0.804959,0.057099,0.806262,0.056487,0.612523,0.112975
"{'classifier__criterion': 'gini', 'classifier__max_features': 'sqrt', 'classifier__min_samples_split': 4, 'classifier__n_estimators': 250}",0.818414,0.050439,0.837104,0.052609,0.785692,0.071607,0.616686,0.105226,0.810236,0.05317,0.811398,0.052687,0.622796,0.105373
"{'classifier__criterion': 'gini', 'classifier__max_features': 'sqrt', 'classifier__min_samples_split': 4, 'classifier__n_estimators': 260}",0.815516,0.053172,0.834831,0.0519,0.781692,0.078212,0.610273,0.112471,0.807036,0.057238,0.808262,0.0566,0.616523,0.113201
"{'classifier__criterion': 'gini', 'classifier__max_features': 'sqrt', 'classifier__min_samples_split': 4, 'classifier__n_estimators': 270}",0.815516,0.054344,0.837104,0.052609,0.777692,0.080216,0.609415,0.115122,0.806033,0.058637,0.807398,0.057967,0.614796,0.115934
"{'classifier__criterion': 'gini', 'classifier__max_features': 'sqrt', 'classifier__min_samples_split': 4, 'classifier__n_estimators': 280}",0.817008,0.056239,0.839429,0.052045,0.777692,0.084111,0.61194,0.119537,0.807157,0.061261,0.808561,0.060535,0.617121,0.121071
"{'classifier__criterion': 'gini', 'classifier__max_features': 'sqrt', 'classifier__min_samples_split': 4, 'classifier__n_estimators': 290}",0.817008,0.056239,0.839429,0.052045,0.777692,0.084111,0.61194,0.119537,0.807157,0.061261,0.808561,0.060535,0.617121,0.121071
"{'classifier__criterion': 'gini', 'classifier__max_features': 'sqrt', 'classifier__min_samples_split': 4, 'classifier__n_estimators': 300}",0.814088,0.055717,0.837156,0.053402,0.773692,0.080001,0.60587,0.117801,0.804056,0.059817,0.805424,0.059196,0.610849,0.118391
"{'classifier__criterion': 'gini', 'classifier__max_features': 'sqrt', 'classifier__min_samples_split': 4, 'classifier__n_estimators': 310}",0.815558,0.058012,0.839482,0.05583,0.773692,0.080001,0.608659,0.122476,0.80524,0.061704,0.806587,0.061143,0.613174,0.122286
"{'classifier__criterion': 'gini', 'classifier__max_features': 'sqrt', 'classifier__min_samples_split': 4, 'classifier__n_estimators': 320}",0.816986,0.056264,0.841702,0.055424,0.773692,0.080001,0.611497,0.118539,0.806188,0.059994,0.807697,0.059397,0.615394,0.118794
"{'classifier__criterion': 'gini', 'classifier__max_features': 'sqrt', 'classifier__min_samples_split': 4, 'classifier__n_estimators': 330}",0.812617,0.055997,0.837156,0.05436,0.769692,0.075457,0.602301,0.117837,0.802126,0.059246,0.803424,0.058687,0.606849,0.117373
"{'classifier__criterion': 'gini', 'classifier__max_features': 'sqrt', 'classifier__min_samples_split': 5, 'classifier__n_estimators': 20}",0.814066,0.053155,0.834884,0.052844,0.777692,0.077576,0.606861,0.111646,0.804971,0.056772,0.806288,0.056229,0.612576,0.112459
"{'classifier__criterion': 'gini', 'classifier__max_features': 'sqrt', 'classifier__min_samples_split': 5, 'classifier__n_estimators': 30}",0.816986,0.050793,0.834989,0.053412,0.785692,0.078023,0.614383,0.106557,0.808967,0.054462,0.810341,0.053939,0.620682,0.107878
"{'classifier__criterion': 'gini', 'classifier__max_features': 'sqrt', 'classifier__min_samples_split': 5, 'classifier__n_estimators': 40}",0.815516,0.045046,0.837209,0.045928,0.777846,0.075858,0.609667,0.096091,0.806006,0.049803,0.807528,0.049179,0.615055,0.098359
"{'classifier__criterion': 'gini', 'classifier__max_features': 'sqrt', 'classifier__min_samples_split': 5, 'classifier__n_estimators': 50}",0.819906,0.048256,0.834937,0.051673,0.793846,0.072439,0.621366,0.099996,0.813265,0.051092,0.814391,0.050783,0.628783,0.101566
"{'classifier__criterion': 'gini', 'classifier__max_features': 'sqrt', 'classifier__min_samples_split': 5, 'classifier__n_estimators': 60}",0.814152,0.058977,0.834989,0.052529,0.777846,0.085758,0.606486,0.125011,0.80523,0.064037,0.806418,0.063484,0.612836,0.126967
"{'classifier__criterion': 'gini', 'classifier__max_features': 'sqrt', 'classifier__min_samples_split': 5, 'classifier__n_estimators': 70}",0.819906,0.055884,0.834884,0.05066,0.793846,0.090152,0.620915,0.119011,0.813093,0.061851,0.814365,0.06133,0.62873,0.122659
"{'classifier__criterion': 'gini', 'classifier__max_features': 'sqrt', 'classifier__min_samples_split': 5, 'classifier__n_estimators': 80}",0.814109,0.056814,0.830338,0.05389,0.785846,0.083695,0.608622,0.119165,0.806979,0.061071,0.808092,0.060751,0.616184,0.121502
"{'classifier__criterion': 'gini', 'classifier__max_features': 'sqrt', 'classifier__min_samples_split': 5, 'classifier__n_estimators': 90}",0.817029,0.064245,0.834937,0.060774,0.785846,0.089246,0.614093,0.134173,0.80924,0.068334,0.810391,0.067958,0.620783,0.135916
"{'classifier__criterion': 'gini', 'classifier__max_features': 'sqrt', 'classifier__min_samples_split': 5, 'classifier__n_estimators': 100}",0.819928,0.060212,0.841755,0.058025,0.781846,0.083879,0.618608,0.125817,0.8105,0.063904,0.8118,0.06353,0.623601,0.127061
"{'classifier__criterion': 'gini', 'classifier__max_features': 'sqrt', 'classifier__min_samples_split': 5, 'classifier__n_estimators': 110}",0.819928,0.059489,0.839429,0.056748,0.785846,0.089246,0.619565,0.125364,0.811235,0.064042,0.812638,0.063771,0.625275,0.127541
"{'classifier__criterion': 'gini', 'classifier__max_features': 'sqrt', 'classifier__min_samples_split': 5, 'classifier__n_estimators': 120}",0.822847,0.061437,0.844027,0.059269,0.785846,0.089246,0.625084,0.128884,0.813488,0.065628,0.814937,0.065318,0.629874,0.130636
"{'classifier__criterion': 'gini', 'classifier__max_features': 'sqrt', 'classifier__min_samples_split': 5, 'classifier__n_estimators': 130}",0.817029,0.060522,0.837209,0.058798,0.781846,0.083879,0.613351,0.126589,0.8083,0.063999,0.809528,0.063724,0.619055,0.127448
"{'classifier__criterion': 'gini', 'classifier__max_features': 'sqrt', 'classifier__min_samples_split': 5, 'classifier__n_estimators': 140}",0.824297,0.06268,0.84408,0.062615,0.789846,0.085218,0.628848,0.130391,0.815685,0.065805,0.816963,0.06546,0.633926,0.13092
"{'classifier__criterion': 'gini', 'classifier__max_features': 'sqrt', 'classifier__min_samples_split': 5, 'classifier__n_estimators': 150}",0.821398,0.063199,0.841808,0.061441,0.785846,0.089246,0.622452,0.132307,0.812432,0.067342,0.813827,0.066783,0.627654,0.133567
"{'classifier__criterion': 'gini', 'classifier__max_features': 'sqrt', 'classifier__min_samples_split': 5, 'classifier__n_estimators': 160}",0.819949,0.063572,0.839535,0.06101,0.785846,0.089246,0.619661,0.13334,0.811391,0.067743,0.812691,0.067243,0.625381,0.134487
"{'classifier__criterion': 'gini', 'classifier__max_features': 'sqrt', 'classifier__min_samples_split': 5, 'classifier__n_estimators': 170}",0.822847,0.062117,0.841808,0.062276,0.789846,0.087075,0.62625,0.129452,0.814467,0.065696,0.815827,0.065207,0.631654,0.130415
"{'classifier__criterion': 'gini', 'classifier__max_features': 'sqrt', 'classifier__min_samples_split': 5, 'classifier__n_estimators': 180}",0.822847,0.063123,0.84408,0.064244,0.785846,0.089246,0.625767,0.131595,0.813382,0.066674,0.814963,0.066199,0.629926,0.132399
"{'classifier__criterion': 'gini', 'classifier__max_features': 'sqrt', 'classifier__min_samples_split': 5, 'classifier__n_estimators': 190}",0.817008,0.0566,0.837209,0.05967,0.781846,0.077946,0.613816,0.116964,0.808181,0.058993,0.809528,0.058675,0.619055,0.11735
"{'classifier__criterion': 'gini', 'classifier__max_features': 'sqrt', 'classifier__min_samples_split': 5, 'classifier__n_estimators': 200}",0.818478,0.058069,0.834937,0.058168,0.789846,0.077344,0.617755,0.120324,0.811428,0.060535,0.812391,0.060381,0.624783,0.120762
"{'classifier__criterion': 'gini', 'classifier__max_features': 'sqrt', 'classifier__min_samples_split': 5, 'classifier__n_estimators': 210}",0.817029,0.058402,0.832664,0.058334,0.789846,0.077344,0.615094,0.121066,0.810341,0.060838,0.811255,0.060701,0.62251,0.121402
"{'classifier__criterion': 'gini', 'classifier__max_features': 'sqrt', 'classifier__min_samples_split': 5, 'classifier__n_estimators': 220}",0.817072,0.065507,0.832717,0.060044,0.789846,0.088894,0.614782,0.137602,0.81039,0.069576,0.811281,0.069313,0.622563,0.138626
"{'classifier__criterion': 'gini', 'classifier__max_features': 'sqrt', 'classifier__min_samples_split': 5, 'classifier__n_estimators': 230}",0.814152,0.064068,0.832717,0.060044,0.781846,0.087611,0.607852,0.134686,0.80619,0.068111,0.807281,0.067696,0.614563,0.135392
"{'classifier__criterion': 'gini', 'classifier__max_features': 'sqrt', 'classifier__min_samples_split': 5, 'classifier__n_estimators': 240}",0.812681,0.062292,0.830391,0.05752,0.781846,0.087611,0.605029,0.131284,0.805037,0.066709,0.806119,0.066291,0.612237,0.132581
"{'classifier__criterion': 'gini', 'classifier__max_features': 'sqrt', 'classifier__min_samples_split': 5, 'classifier__n_estimators': 250}",0.81705,0.062557,0.834989,0.059012,0.785846,0.083695,0.613988,0.13112,0.809456,0.066051,0.810418,0.065772,0.620836,0.131543
"{'classifier__criterion': 'gini', 'classifier__max_features': 'sqrt', 'classifier__min_samples_split': 5, 'classifier__n_estimators': 260}",0.817029,0.060522,0.837209,0.057014,0.781846,0.087611,0.613167,0.127427,0.808213,0.065077,0.809528,0.064569,0.619055,0.129137
"{'classifier__criterion': 'gini', 'classifier__max_features': 'sqrt', 'classifier__min_samples_split': 5, 'classifier__n_estimators': 270}",0.81413,0.061741,0.832611,0.056616,0.782,0.095717,0.608016,0.131001,0.805813,0.067525,0.807305,0.06699,0.614611,0.133979
"{'classifier__criterion': 'gini', 'classifier__max_features': 'sqrt', 'classifier__min_samples_split': 5, 'classifier__n_estimators': 280}",0.819928,0.05842,0.839482,0.050756,0.785846,0.092762,0.619019,0.125469,0.81127,0.064773,0.812664,0.06419,0.625328,0.128381
"{'classifier__criterion': 'gini', 'classifier__max_features': 'sqrt', 'classifier__min_samples_split': 5, 'classifier__n_estimators': 290}",0.8185,0.063249,0.837209,0.058798,0.785846,0.092762,0.61679,0.133348,0.810195,0.068219,0.811528,0.067761,0.623055,0.135522
"{'classifier__criterion': 'gini', 'classifier__max_features': 'sqrt', 'classifier__min_samples_split': 5, 'classifier__n_estimators': 300}",0.821398,0.063199,0.841808,0.057812,0.785846,0.092762,0.622029,0.133448,0.812463,0.068342,0.813827,0.067855,0.627654,0.13571
"{'classifier__criterion': 'gini', 'classifier__max_features': 'sqrt', 'classifier__min_samples_split': 5, 'classifier__n_estimators': 310}",0.819949,0.063572,0.839482,0.059334,0.785846,0.092762,0.619494,0.133887,0.811296,0.06846,0.812664,0.067996,0.625328,0.135992
"{'classifier__criterion': 'gini', 'classifier__max_features': 'sqrt', 'classifier__min_samples_split': 5, 'classifier__n_estimators': 320}",0.81558,0.062174,0.832611,0.057521,0.785846,0.092762,0.611424,0.131488,0.807941,0.067272,0.809229,0.066882,0.618457,0.133765
"{'classifier__criterion': 'gini', 'classifier__max_features': 'sqrt', 'classifier__min_samples_split': 5, 'classifier__n_estimators': 330}",0.817029,0.062589,0.837262,0.057704,0.781846,0.087611,0.613002,0.13159,0.808373,0.067055,0.809554,0.066541,0.619108,0.133082
"{'classifier__criterion': 'gini', 'classifier__max_features': 'sqrt', 'classifier__min_samples_split': 6, 'classifier__n_estimators': 20}",0.822762,0.058393,0.846564,0.057026,0.781538,0.086527,0.624084,0.123277,0.812426,0.063247,0.814051,0.062383,0.628103,0.124766
"{'classifier__criterion': 'gini', 'classifier__max_features': 'sqrt', 'classifier__min_samples_split': 6, 'classifier__n_estimators': 30}",0.825661,0.049555,0.841913,0.046597,0.797385,0.07269,0.631887,0.104694,0.818758,0.053521,0.819649,0.053048,0.639298,0.106096
"{'classifier__criterion': 'gini', 'classifier__max_features': 'sqrt', 'classifier__min_samples_split': 6, 'classifier__n_estimators': 40}",0.812617,0.058596,0.84408,0.050579,0.757846,0.092023,0.599601,0.126402,0.798812,0.066003,0.800963,0.064373,0.601926,0.128747
"{'classifier__criterion': 'gini', 'classifier__max_features': 'sqrt', 'classifier__min_samples_split': 6, 'classifier__n_estimators': 50}",0.817008,0.055107,0.839482,0.051904,0.777846,0.079965,0.612043,0.116244,0.807361,0.05946,0.808664,0.05884,0.617328,0.117679
"{'classifier__criterion': 'gini', 'classifier__max_features': 'sqrt', 'classifier__min_samples_split': 6, 'classifier__n_estimators': 60}",0.825703,0.056212,0.848679,0.054949,0.785846,0.081761,0.63048,0.119171,0.815827,0.060245,0.817262,0.059688,0.634525,0.119375
"{'classifier__criterion': 'gini', 'classifier__max_features': 'sqrt', 'classifier__min_samples_split': 6, 'classifier__n_estimators': 70}",0.821377,0.062899,0.844186,0.058844,0.781846,0.081949,0.621116,0.131729,0.81192,0.066417,0.813016,0.065921,0.626032,0.131842
"{'classifier__criterion': 'gini', 'classifier__max_features': 'sqrt', 'classifier__min_samples_split': 6, 'classifier__n_estimators': 80}",0.827174,0.058195,0.84408,0.054511,0.797692,0.091735,0.63548,0.124377,0.819473,0.064003,0.820886,0.06328,0.641773,0.12656
"{'classifier__criterion': 'gini', 'classifier__max_features': 'sqrt', 'classifier__min_samples_split': 6, 'classifier__n_estimators': 90}",0.821377,0.059797,0.84186,0.056738,0.785692,0.09152,0.622347,0.12652,0.812229,0.065182,0.813776,0.064494,0.627553,0.128988
"{'classifier__criterion': 'gini', 'classifier__max_features': 'sqrt', 'classifier__min_samples_split': 6, 'classifier__n_estimators': 100}",0.821355,0.059822,0.84408,0.057198,0.781692,0.09341,0.62163,0.12681,0.811113,0.065472,0.812886,0.064724,0.625773,0.129448
"{'classifier__criterion': 'gini', 'classifier__max_features': 'sqrt', 'classifier__min_samples_split': 6, 'classifier__n_estimators': 110}",0.822826,0.061452,0.844133,0.056197,0.785846,0.089246,0.624675,0.12984,0.813672,0.066419,0.81499,0.065864,0.629979,0.131728
"{'classifier__criterion': 'gini', 'classifier__max_features': 'sqrt', 'classifier__min_samples_split': 6, 'classifier__n_estimators': 120}",0.819906,0.060215,0.844133,0.056197,0.777846,0.089411,0.617809,0.127307,0.809394,0.065384,0.81099,0.064667,0.621979,0.129333
"{'classifier__criterion': 'gini', 'classifier__max_features': 'sqrt', 'classifier__min_samples_split': 6, 'classifier__n_estimators': 130}",0.821334,0.059505,0.846406,0.056479,0.777538,0.086645,0.620353,0.125602,0.810383,0.064193,0.811972,0.063546,0.623944,0.127092
"{'classifier__criterion': 'gini', 'classifier__max_features': 'sqrt', 'classifier__min_samples_split': 6, 'classifier__n_estimators': 140}",0.818478,0.059498,0.839588,0.052474,0.781692,0.091681,0.615449,0.126691,0.80922,0.065645,0.81064,0.06491,0.62128,0.129821
"{'classifier__criterion': 'gini', 'classifier__max_features': 'sqrt', 'classifier__min_samples_split': 6, 'classifier__n_estimators': 150}",0.819885,0.058839,0.844133,0.057109,0.777692,0.086273,0.617993,0.123995,0.809307,0.063307,0.810913,0.062698,0.621826,0.125396
"{'classifier__criterion': 'gini', 'classifier__max_features': 'sqrt', 'classifier__min_samples_split': 6, 'classifier__n_estimators': 160}",0.822805,0.060094,0.846459,0.059112,0.781692,0.082495,0.624299,0.126119,0.812686,0.06344,0.814076,0.063096,0.628151,0.126192
"{'classifier__criterion': 'gini', 'classifier__max_features': 'sqrt', 'classifier__min_samples_split': 6, 'classifier__n_estimators': 170}",0.822826,0.061452,0.846459,0.059112,0.781846,0.084023,0.624239,0.129047,0.812808,0.065073,0.814152,0.06468,0.628305,0.12936
"{'classifier__criterion': 'gini', 'classifier__max_features': 'sqrt', 'classifier__min_samples_split': 6, 'classifier__n_estimators': 180}",0.824254,0.06033,0.846406,0.05828,0.785692,0.084237,0.627643,0.126729,0.814722,0.064127,0.816049,0.063702,0.632098,0.127405
"{'classifier__criterion': 'gini', 'classifier__max_features': 'sqrt', 'classifier__min_samples_split': 6, 'classifier__n_estimators': 190}",0.821334,0.059151,0.844133,0.05527,0.781692,0.082495,0.620987,0.124538,0.81167,0.063214,0.812913,0.062776,0.625826,0.125552
"{'classifier__criterion': 'gini', 'classifier__max_features': 'sqrt', 'classifier__min_samples_split': 6, 'classifier__n_estimators': 200}",0.815516,0.05843,0.837315,0.052858,0.777692,0.076439,0.608884,0.122842,0.806592,0.062161,0.807504,0.061645,0.615007,0.12329
"{'classifier__criterion': 'gini', 'classifier__max_features': 'sqrt', 'classifier__min_samples_split': 6, 'classifier__n_estimators': 210}",0.815516,0.05843,0.837315,0.052858,0.777692,0.076439,0.608884,0.122842,0.806592,0.062161,0.807504,0.061645,0.615007,0.12329
"{'classifier__criterion': 'gini', 'classifier__max_features': 'sqrt', 'classifier__min_samples_split': 6, 'classifier__n_estimators': 220}",0.814088,0.060071,0.835042,0.052162,0.777692,0.080517,0.606009,0.126964,0.805494,0.064572,0.806367,0.063977,0.612735,0.127953
"{'classifier__criterion': 'gini', 'classifier__max_features': 'sqrt', 'classifier__min_samples_split': 6, 'classifier__n_estimators': 230}",0.815537,0.059839,0.835042,0.052162,0.781692,0.07852,0.609491,0.126028,0.807622,0.06407,0.808367,0.063462,0.616735,0.126925
"{'classifier__criterion': 'gini', 'classifier__max_features': 'sqrt', 'classifier__min_samples_split': 6, 'classifier__n_estimators': 240}",0.816986,0.061969,0.837315,0.055713,0.781692,0.07852,0.612402,0.13026,0.808733,0.065642,0.809504,0.065077,0.619007,0.130153
"{'classifier__criterion': 'gini', 'classifier__max_features': 'sqrt', 'classifier__min_samples_split': 6, 'classifier__n_estimators': 250}",0.819928,0.064262,0.837315,0.055713,0.789692,0.087603,0.619459,0.136044,0.812688,0.069132,0.813504,0.068591,0.627007,0.137183
"{'classifier__criterion': 'gini', 'classifier__max_features': 'sqrt', 'classifier__min_samples_split': 6, 'classifier__n_estimators': 260}",0.818436,0.061996,0.839588,0.056274,0.781692,0.07852,0.61516,0.130176,0.809806,0.065569,0.81064,0.065008,0.62128,0.130016
"{'classifier__criterion': 'gini', 'classifier__max_features': 'sqrt', 'classifier__min_samples_split': 6, 'classifier__n_estimators': 270}",0.816965,0.060621,0.837262,0.054865,0.781692,0.07852,0.612444,0.127537,0.808638,0.064368,0.809477,0.063817,0.618954,0.127633
"{'classifier__criterion': 'gini', 'classifier__max_features': 'sqrt', 'classifier__min_samples_split': 6, 'classifier__n_estimators': 280}",0.819885,0.062326,0.839535,0.055436,0.785692,0.084237,0.618694,0.131637,0.811695,0.066712,0.812614,0.066209,0.625227,0.132417
"{'classifier__criterion': 'gini', 'classifier__max_features': 'sqrt', 'classifier__min_samples_split': 6, 'classifier__n_estimators': 290}",0.815516,0.062299,0.839588,0.056274,0.773692,0.080303,0.608087,0.13109,0.805593,0.06628,0.80664,0.065566,0.61328,0.131132
"{'classifier__criterion': 'gini', 'classifier__max_features': 'sqrt', 'classifier__min_samples_split': 6, 'classifier__n_estimators': 300}",0.815516,0.05951,0.84186,0.053938,0.769692,0.083798,0.607356,0.125604,0.804303,0.064748,0.805776,0.063592,0.611553,0.127184
"{'classifier__criterion': 'gini', 'classifier__max_features': 'sqrt', 'classifier__min_samples_split': 6, 'classifier__n_estimators': 310}",0.816986,0.06023,0.839588,0.053449,0.777692,0.08248,0.611557,0.127209,0.80755,0.064942,0.80864,0.064198,0.61728,0.128395
"{'classifier__criterion': 'gini', 'classifier__max_features': 'sqrt', 'classifier__min_samples_split': 6, 'classifier__n_estimators': 320}",0.818478,0.06427,0.839588,0.053449,0.781692,0.09341,0.614886,0.136923,0.809485,0.070536,0.81064,0.069762,0.62128,0.139524
"{'classifier__criterion': 'gini', 'classifier__max_features': 'sqrt', 'classifier__min_samples_split': 6, 'classifier__n_estimators': 330}",0.818478,0.062949,0.839588,0.053449,0.781692,0.091681,0.615028,0.133882,0.809454,0.068939,0.81064,0.068194,0.62128,0.136388
"{'classifier__criterion': 'gini', 'classifier__max_features': 'sqrt', 'classifier__min_samples_split': 7, 'classifier__n_estimators': 20}",0.82272,0.053616,0.846406,0.054575,0.781385,0.065606,0.623474,0.11037,0.812842,0.05506,0.813895,0.054845,0.627791,0.10969
"{'classifier__criterion': 'gini', 'classifier__max_features': 'sqrt', 'classifier__min_samples_split': 7, 'classifier__n_estimators': 30}",0.819842,0.053721,0.841808,0.056997,0.781538,0.064919,0.618577,0.110257,0.810626,0.054475,0.811673,0.054357,0.623346,0.108714
"{'classifier__criterion': 'gini', 'classifier__max_features': 'sqrt', 'classifier__min_samples_split': 7, 'classifier__n_estimators': 40}",0.827089,0.057987,0.855603,0.051715,0.777692,0.084111,0.630834,0.12361,0.815048,0.063291,0.816647,0.062399,0.633295,0.124798
"{'classifier__criterion': 'gini', 'classifier__max_features': 'sqrt', 'classifier__min_samples_split': 7, 'classifier__n_estimators': 50}",0.82419,0.04762,0.848679,0.039478,0.781538,0.071934,0.625339,0.102269,0.813966,0.052745,0.815109,0.052026,0.630217,0.104053
"{'classifier__criterion': 'gini', 'classifier__max_features': 'sqrt', 'classifier__min_samples_split': 7, 'classifier__n_estimators': 60}",0.821313,0.050368,0.84408,0.047365,0.781846,0.0669,0.620621,0.105536,0.812,0.053199,0.812963,0.052878,0.625926,0.105755
"{'classifier__criterion': 'gini', 'classifier__max_features': 'sqrt', 'classifier__min_samples_split': 7, 'classifier__n_estimators': 70}",0.818414,0.052066,0.841755,0.047125,0.778,0.075111,0.61444,0.10988,0.808697,0.056349,0.809877,0.055732,0.619755,0.111464
"{'classifier__criterion': 'gini', 'classifier__max_features': 'sqrt', 'classifier__min_samples_split': 7, 'classifier__n_estimators': 80}",0.819864,0.058156,0.848573,0.052258,0.769846,0.094106,0.616032,0.124493,0.807084,0.065378,0.80921,0.06396,0.618419,0.127919
"{'classifier__criterion': 'gini', 'classifier__max_features': 'sqrt', 'classifier__min_samples_split': 7, 'classifier__n_estimators': 90}",0.814045,0.056917,0.837156,0.052286,0.773846,0.087414,0.605939,0.120518,0.803966,0.062384,0.805501,0.061685,0.611003,0.12337
"{'classifier__criterion': 'gini', 'classifier__max_features': 'sqrt', 'classifier__min_samples_split': 7, 'classifier__n_estimators': 100}",0.814045,0.050669,0.839482,0.051717,0.769846,0.073048,0.605376,0.105177,0.803159,0.053717,0.804664,0.053304,0.609328,0.106609
"{'classifier__criterion': 'gini', 'classifier__max_features': 'sqrt', 'classifier__min_samples_split': 7, 'classifier__n_estimators': 110}",0.815516,0.054333,0.839482,0.051717,0.773846,0.073493,0.608392,0.113254,0.805491,0.057466,0.806664,0.057125,0.613328,0.11425
"{'classifier__criterion': 'gini', 'classifier__max_features': 'sqrt', 'classifier__min_samples_split': 7, 'classifier__n_estimators': 120}",0.818414,0.054817,0.846353,0.05476,0.769846,0.070823,0.613365,0.113475,0.806688,0.056971,0.8081,0.056733,0.616199,0.113467
"{'classifier__criterion': 'gini', 'classifier__max_features': 'sqrt', 'classifier__min_samples_split': 7, 'classifier__n_estimators': 130}",0.816944,0.057818,0.844027,0.053605,0.769846,0.081339,0.610336,0.121619,0.805427,0.062236,0.806937,0.061479,0.613874,0.122957
"{'classifier__criterion': 'gini', 'classifier__max_features': 'sqrt', 'classifier__min_samples_split': 7, 'classifier__n_estimators': 140}",0.814066,0.057605,0.841755,0.053206,0.766,0.082328,0.604242,0.121368,0.802289,0.062191,0.803877,0.061462,0.607755,0.122924
"{'classifier__criterion': 'gini', 'classifier__max_features': 'sqrt', 'classifier__min_samples_split': 7, 'classifier__n_estimators': 150}",0.815494,0.053209,0.844027,0.047473,0.765846,0.080739,0.606595,0.113686,0.803262,0.058711,0.804937,0.05774,0.609874,0.115479
"{'classifier__criterion': 'gini', 'classifier__max_features': 'sqrt', 'classifier__min_samples_split': 7, 'classifier__n_estimators': 160}",0.815473,0.052874,0.844027,0.047473,0.765846,0.076673,0.606524,0.11256,0.803412,0.057529,0.804937,0.056795,0.609874,0.11359
"{'classifier__criterion': 'gini', 'classifier__max_features': 'sqrt', 'classifier__min_samples_split': 7, 'classifier__n_estimators': 170}",0.818414,0.057801,0.844027,0.056422,0.773846,0.077725,0.614163,0.120525,0.807543,0.060994,0.808937,0.06046,0.617874,0.120919
"{'classifier__criterion': 'gini', 'classifier__max_features': 'sqrt', 'classifier__min_samples_split': 7, 'classifier__n_estimators': 180}",0.818436,0.059202,0.846353,0.050847,0.769846,0.088859,0.612814,0.127253,0.806443,0.06529,0.8081,0.064391,0.616199,0.128781
"{'classifier__criterion': 'gini', 'classifier__max_features': 'sqrt', 'classifier__min_samples_split': 7, 'classifier__n_estimators': 190}",0.814045,0.056546,0.844027,0.049602,0.761846,0.081911,0.60296,0.120977,0.801268,0.061871,0.802937,0.060928,0.605874,0.121855
"{'classifier__criterion': 'gini', 'classifier__max_features': 'sqrt', 'classifier__min_samples_split': 7, 'classifier__n_estimators': 200}",0.815516,0.061591,0.839429,0.055743,0.773692,0.087912,0.608354,0.130661,0.805171,0.066564,0.806561,0.065912,0.613121,0.131825
"{'classifier__criterion': 'gini', 'classifier__max_features': 'sqrt', 'classifier__min_samples_split': 7, 'classifier__n_estimators': 210}",0.812596,0.059662,0.839429,0.055743,0.765692,0.081262,0.601342,0.125785,0.80111,0.063718,0.802561,0.063038,0.605121,0.126076
"{'classifier__criterion': 'gini', 'classifier__max_features': 'sqrt', 'classifier__min_samples_split': 7, 'classifier__n_estimators': 220}",0.814045,0.059796,0.839429,0.055743,0.769538,0.082096,0.604761,0.126185,0.803093,0.064044,0.804484,0.063288,0.608968,0.126576
"{'classifier__criterion': 'gini', 'classifier__max_features': 'sqrt', 'classifier__min_samples_split': 7, 'classifier__n_estimators': 230}",0.814066,0.060452,0.839429,0.055743,0.769692,0.083798,0.604839,0.127708,0.803158,0.064922,0.804561,0.064191,0.609121,0.128382
"{'classifier__criterion': 'gini', 'classifier__max_features': 'sqrt', 'classifier__min_samples_split': 7, 'classifier__n_estimators': 240}",0.814045,0.056917,0.834884,0.053541,0.777538,0.074587,0.606235,0.11915,0.805256,0.060192,0.806211,0.059669,0.612422,0.119339
"{'classifier__criterion': 'gini', 'classifier__max_features': 'sqrt', 'classifier__min_samples_split': 7, 'classifier__n_estimators': 250}",0.814045,0.056917,0.834884,0.053541,0.777538,0.074587,0.606235,0.11915,0.805256,0.060192,0.806211,0.059669,0.612422,0.119339
"{'classifier__criterion': 'gini', 'classifier__max_features': 'sqrt', 'classifier__min_samples_split': 7, 'classifier__n_estimators': 260}",0.815494,0.061623,0.839482,0.054631,0.773538,0.084424,0.607944,0.130644,0.805312,0.06639,0.80651,0.065648,0.61302,0.131296
"{'classifier__criterion': 'gini', 'classifier__max_features': 'sqrt', 'classifier__min_samples_split': 7, 'classifier__n_estimators': 270}",0.812596,0.058954,0.837209,0.051101,0.769692,0.081866,0.601588,0.124941,0.802266,0.063911,0.803451,0.063159,0.606902,0.126317
"{'classifier__criterion': 'gini', 'classifier__max_features': 'sqrt', 'classifier__min_samples_split': 7, 'classifier__n_estimators': 280}",0.816922,0.057499,0.841755,0.04917,0.773538,0.080545,0.610307,0.123025,0.806456,0.062791,0.807647,0.061791,0.615293,0.123582
"{'classifier__criterion': 'gini', 'classifier__max_features': 'sqrt', 'classifier__min_samples_split': 7, 'classifier__n_estimators': 290}",0.812575,0.060055,0.837209,0.053084,0.769538,0.080124,0.601559,0.127044,0.802252,0.064496,0.803374,0.063726,0.606748,0.127452
"{'classifier__criterion': 'gini', 'classifier__max_features': 'sqrt', 'classifier__min_samples_split': 7, 'classifier__n_estimators': 300}",0.814024,0.060189,0.839482,0.054631,0.769538,0.080124,0.604481,0.127094,0.803283,0.064347,0.80451,0.063611,0.60902,0.127222
"{'classifier__criterion': 'gini', 'classifier__max_features': 'sqrt', 'classifier__min_samples_split': 7, 'classifier__n_estimators': 310}",0.814045,0.061868,0.837209,0.055927,0.773538,0.082507,0.605361,0.130644,0.804259,0.066167,0.805374,0.065436,0.610748,0.130873
"{'classifier__criterion': 'gini', 'classifier__max_features': 'sqrt', 'classifier__min_samples_split': 7, 'classifier__n_estimators': 320}",0.811125,0.059535,0.839482,0.054631,0.761692,0.076375,0.597518,0.125304,0.799271,0.063136,0.800587,0.06246,0.601174,0.124919
"{'classifier__criterion': 'gini', 'classifier__max_features': 'sqrt', 'classifier__min_samples_split': 7, 'classifier__n_estimators': 330}",0.815516,0.062269,0.841808,0.055954,0.769692,0.079888,0.607198,0.131208,0.804594,0.066262,0.80575,0.065517,0.6115,0.131034
"{'classifier__criterion': 'gini', 'classifier__max_features': 'sqrt', 'classifier__min_samples_split': 8, 'classifier__n_estimators': 20}",0.811104,0.055597,0.830338,0.047896,0.777692,0.089636,0.600899,0.119934,0.802651,0.062392,0.804015,0.061477,0.608031,0.122954
"{'classifier__criterion': 'gini', 'classifier__max_features': 'sqrt', 'classifier__min_samples_split': 8, 'classifier__n_estimators': 30}",0.811104,0.056392,0.82574,0.051122,0.785385,0.074869,0.60231,0.118691,0.804938,0.060031,0.805562,0.059645,0.611125,0.119289
"{'classifier__criterion': 'gini', 'classifier__max_features': 'sqrt', 'classifier__min_samples_split': 8, 'classifier__n_estimators': 40}",0.814024,0.052797,0.832664,0.047557,0.781385,0.075049,0.606805,0.112259,0.806098,0.057357,0.807024,0.056572,0.614048,0.113145
"{'classifier__criterion': 'gini', 'classifier__max_features': 'sqrt', 'classifier__min_samples_split': 8, 'classifier__n_estimators': 50}",0.822762,0.058076,0.832664,0.051719,0.805385,0.077136,0.627973,0.1221,0.818549,0.06207,0.819024,0.061535,0.638048,0.123069
"{'classifier__criterion': 'gini', 'classifier__max_features': 'sqrt', 'classifier__min_samples_split': 8, 'classifier__n_estimators': 60}",0.824211,0.049309,0.839482,0.049826,0.797692,0.071882,0.629847,0.103497,0.817619,0.052426,0.818587,0.052088,0.637174,0.104177
"{'classifier__criterion': 'gini', 'classifier__max_features': 'sqrt', 'classifier__min_samples_split': 8, 'classifier__n_estimators': 70}",0.821355,0.054686,0.839535,0.04412,0.789692,0.089411,0.621904,0.118464,0.813391,0.062095,0.814614,0.061061,0.629227,0.122121
"{'classifier__criterion': 'gini', 'classifier__max_features': 'sqrt', 'classifier__min_samples_split': 8, 'classifier__n_estimators': 80}",0.824318,0.056693,0.84186,0.054073,0.793846,0.086529,0.629173,0.118603,0.816551,0.061539,0.817853,0.060992,0.635707,0.121985
"{'classifier__criterion': 'gini', 'classifier__max_features': 'sqrt', 'classifier__min_samples_split': 8, 'classifier__n_estimators': 90}",0.822847,0.058311,0.839588,0.054541,0.793846,0.080792,0.626193,0.121616,0.815793,0.062104,0.816717,0.061736,0.633434,0.123472
"{'classifier__criterion': 'gini', 'classifier__max_features': 'sqrt', 'classifier__min_samples_split': 8, 'classifier__n_estimators': 100}",0.819906,0.051584,0.835042,0.054241,0.793692,0.065822,0.621131,0.105503,0.813572,0.052962,0.814367,0.052797,0.628735,0.105595
"{'classifier__criterion': 'gini', 'classifier__max_features': 'sqrt', 'classifier__min_samples_split': 8, 'classifier__n_estimators': 110}",0.819906,0.049118,0.83277,0.053465,0.797692,0.059724,0.621973,0.099105,0.814558,0.049782,0.815231,0.04951,0.630462,0.09902
"{'classifier__criterion': 'gini', 'classifier__max_features': 'sqrt', 'classifier__min_samples_split': 8, 'classifier__n_estimators': 120}",0.818457,0.055549,0.835042,0.056113,0.789692,0.068892,0.617423,0.114183,0.811603,0.057307,0.812367,0.057028,0.624735,0.114057
"{'classifier__criterion': 'gini', 'classifier__max_features': 'sqrt', 'classifier__min_samples_split': 8, 'classifier__n_estimators': 130}",0.818457,0.05921,0.839641,0.054362,0.781846,0.079519,0.615395,0.123878,0.809729,0.063099,0.810743,0.062495,0.621487,0.124991
"{'classifier__criterion': 'gini', 'classifier__max_features': 'sqrt', 'classifier__min_samples_split': 8, 'classifier__n_estimators': 140}",0.818436,0.058193,0.839641,0.053403,0.781692,0.074008,0.615112,0.121419,0.809838,0.061365,0.810666,0.060936,0.621333,0.121873
"{'classifier__criterion': 'gini', 'classifier__max_features': 'sqrt', 'classifier__min_samples_split': 8, 'classifier__n_estimators': 150}",0.819885,0.057822,0.84186,0.05502,0.781692,0.074008,0.618066,0.120202,0.810806,0.06069,0.811776,0.060273,0.623553,0.120545
"{'classifier__criterion': 'gini', 'classifier__max_features': 'sqrt', 'classifier__min_samples_split': 8, 'classifier__n_estimators': 160}",0.821355,0.059916,0.84186,0.05502,0.785692,0.080047,0.621477,0.125154,0.812814,0.063648,0.813776,0.063211,0.627553,0.126422
"{'classifier__criterion': 'gini', 'classifier__max_features': 'sqrt', 'classifier__min_samples_split': 8, 'classifier__n_estimators': 170}",0.821355,0.063324,0.846406,0.058405,0.777692,0.091404,0.620373,0.133566,0.81045,0.068596,0.812049,0.067731,0.624098,0.135461
"{'classifier__criterion': 'gini', 'classifier__max_features': 'sqrt', 'classifier__min_samples_split': 8, 'classifier__n_estimators': 180}",0.818436,0.061355,0.844133,0.056326,0.773692,0.085792,0.61384,0.129286,0.807454,0.066187,0.808913,0.065303,0.617826,0.130607
"{'classifier__criterion': 'gini', 'classifier__max_features': 'sqrt', 'classifier__min_samples_split': 8, 'classifier__n_estimators': 190}",0.816965,0.060652,0.839535,0.054586,0.777538,0.084636,0.611596,0.128111,0.80733,0.065562,0.808537,0.064731,0.617073,0.129462
"{'classifier__criterion': 'gini', 'classifier__max_features': 'sqrt', 'classifier__min_samples_split': 8, 'classifier__n_estimators': 200}",0.812596,0.058975,0.832664,0.050615,0.777538,0.084636,0.603209,0.125373,0.80406,0.064475,0.805101,0.063654,0.610202,0.127309
"{'classifier__criterion': 'gini', 'classifier__max_features': 'sqrt', 'classifier__min_samples_split': 8, 'classifier__n_estimators': 210}",0.815537,0.060883,0.834989,0.052344,0.781538,0.086527,0.609479,0.129301,0.807249,0.066436,0.808264,0.065581,0.616528,0.131162
"{'classifier__criterion': 'gini', 'classifier__max_features': 'sqrt', 'classifier__min_samples_split': 8, 'classifier__n_estimators': 220}",0.814088,0.06044,0.832717,0.051538,0.781538,0.086527,0.606775,0.128533,0.806148,0.066121,0.807128,0.065261,0.614255,0.130521
"{'classifier__criterion': 'gini', 'classifier__max_features': 'sqrt', 'classifier__min_samples_split': 8, 'classifier__n_estimators': 230}",0.815537,0.062287,0.837315,0.054911,0.777538,0.084636,0.608748,0.131714,0.806381,0.067175,0.807427,0.066359,0.614853,0.132717
"{'classifier__criterion': 'gini', 'classifier__max_features': 'sqrt', 'classifier__min_samples_split': 8, 'classifier__n_estimators': 240}",0.815558,0.063571,0.835042,0.056113,0.781538,0.086527,0.609685,0.134427,0.807328,0.068527,0.80829,0.067731,0.616581,0.135462
"{'classifier__criterion': 'gini', 'classifier__max_features': 'sqrt', 'classifier__min_samples_split': 8, 'classifier__n_estimators': 250}",0.817029,0.064245,0.835042,0.056113,0.785538,0.089992,0.613262,0.136273,0.809302,0.069673,0.81029,0.068882,0.620581,0.137764
"{'classifier__criterion': 'gini', 'classifier__max_features': 'sqrt', 'classifier__min_samples_split': 8, 'classifier__n_estimators': 260}",0.814109,0.063781,0.83277,0.058095,0.781538,0.086527,0.607341,0.134593,0.806159,0.068319,0.807154,0.067635,0.614308,0.13527
"{'classifier__criterion': 'gini', 'classifier__max_features': 'sqrt', 'classifier__min_samples_split': 8, 'classifier__n_estimators': 270}",0.815558,0.062542,0.835042,0.056113,0.781538,0.086527,0.609877,0.132435,0.807248,0.067431,0.80829,0.066693,0.616581,0.133386
"{'classifier__criterion': 'gini', 'classifier__max_features': 'sqrt', 'classifier__min_samples_split': 8, 'classifier__n_estimators': 280}",0.815558,0.062542,0.83277,0.055364,0.785385,0.086749,0.610545,0.132656,0.808156,0.067611,0.809077,0.06685,0.618154,0.133701
"{'classifier__criterion': 'gini', 'classifier__max_features': 'sqrt', 'classifier__min_samples_split': 8, 'classifier__n_estimators': 290}",0.812639,0.061345,0.83277,0.055364,0.777538,0.082723,0.603596,0.129614,0.804173,0.065834,0.805154,0.065087,0.610308,0.130174
"{'classifier__criterion': 'gini', 'classifier__max_features': 'sqrt', 'classifier__min_samples_split': 8, 'classifier__n_estimators': 300}",0.809719,0.060657,0.830444,0.052618,0.773538,0.088133,0.59717,0.129185,0.800789,0.066696,0.801991,0.065572,0.603982,0.131144
"{'classifier__criterion': 'gini', 'classifier__max_features': 'sqrt', 'classifier__min_samples_split': 8, 'classifier__n_estimators': 310}",0.809719,0.060657,0.830444,0.052618,0.773538,0.088133,0.59717,0.129185,0.800789,0.066696,0.801991,0.065572,0.603982,0.131144
"{'classifier__criterion': 'gini', 'classifier__max_features': 'sqrt', 'classifier__min_samples_split': 8, 'classifier__n_estimators': 320}",0.809719,0.060657,0.830444,0.052618,0.773538,0.088133,0.59717,0.129185,0.800789,0.066696,0.801991,0.065572,0.603982,0.131144
"{'classifier__criterion': 'gini', 'classifier__max_features': 'sqrt', 'classifier__min_samples_split': 8, 'classifier__n_estimators': 330}",0.811168,0.057302,0.830444,0.052618,0.777538,0.080766,0.600911,0.120736,0.802921,0.062024,0.803991,0.06113,0.607982,0.122259
"{'classifier__criterion': 'gini', 'classifier__max_features': 'sqrt', 'classifier__min_samples_split': 9, 'classifier__n_estimators': 20}",0.814109,0.060429,0.839641,0.050514,0.769846,0.097075,0.604745,0.130362,0.802953,0.06813,0.804743,0.066965,0.609487,0.133929
"{'classifier__criterion': 'gini', 'classifier__max_features': 'sqrt', 'classifier__min_samples_split': 9, 'classifier__n_estimators': 30}",0.818436,0.064649,0.839535,0.04963,0.781692,0.106005,0.614668,0.14046,0.809006,0.073784,0.810614,0.072549,0.621227,0.145097
"{'classifier__criterion': 'gini', 'classifier__max_features': 'sqrt', 'classifier__min_samples_split': 9, 'classifier__n_estimators': 40}",0.80682,0.062881,0.837156,0.048223,0.753692,0.122194,0.587942,0.141374,0.791992,0.077102,0.795424,0.073708,0.590849,0.147417
"{'classifier__criterion': 'gini', 'classifier__max_features': 'sqrt', 'classifier__min_samples_split': 9, 'classifier__n_estimators': 50}",0.814066,0.052664,0.837156,0.03595,0.773538,0.111781,0.604937,0.120414,0.802715,0.067211,0.805347,0.063992,0.610695,0.127984
"{'classifier__criterion': 'gini', 'classifier__max_features': 'sqrt', 'classifier__min_samples_split': 9, 'classifier__n_estimators': 60}",0.806799,0.055834,0.828066,0.042027,0.769692,0.103524,0.590906,0.124025,0.796894,0.06666,0.798879,0.064689,0.597758,0.129377
"{'classifier__criterion': 'gini', 'classifier__max_features': 'sqrt', 'classifier__min_samples_split': 9, 'classifier__n_estimators': 70}",0.812617,0.052099,0.834884,0.039158,0.773846,0.09741,0.602428,0.115873,0.802468,0.062686,0.804365,0.060512,0.60873,0.121024
"{'classifier__criterion': 'gini', 'classifier__max_features': 'sqrt', 'classifier__min_samples_split': 9, 'classifier__n_estimators': 80}",0.81266,0.059201,0.832664,0.051766,0.777692,0.098156,0.603943,0.127243,0.803472,0.066891,0.805178,0.065735,0.610356,0.131469
"{'classifier__criterion': 'gini', 'classifier__max_features': 'sqrt', 'classifier__min_samples_split': 9, 'classifier__n_estimators': 90}",0.80974,0.057046,0.832664,0.051766,0.769846,0.090241,0.596994,0.12152,0.799611,0.063285,0.801255,0.062335,0.60251,0.124671
"{'classifier__criterion': 'gini', 'classifier__max_features': 'sqrt', 'classifier__min_samples_split': 9, 'classifier__n_estimators': 100}",0.80535,0.057728,0.828066,0.051014,0.765846,0.094902,0.588071,0.124548,0.79516,0.065192,0.796956,0.063884,0.593912,0.127767
"{'classifier__criterion': 'gini', 'classifier__max_features': 'sqrt', 'classifier__min_samples_split': 9, 'classifier__n_estimators': 110}",0.80974,0.057046,0.832664,0.050759,0.769846,0.09372,0.597019,0.122315,0.799507,0.06385,0.801255,0.063026,0.60251,0.126053
"{'classifier__criterion': 'gini', 'classifier__max_features': 'sqrt', 'classifier__min_samples_split': 9, 'classifier__n_estimators': 120}",0.809719,0.055964,0.834989,0.050331,0.765846,0.087899,0.596044,0.119293,0.798729,0.062032,0.800418,0.061123,0.600836,0.122246
"{'classifier__criterion': 'gini', 'classifier__max_features': 'sqrt', 'classifier__min_samples_split': 9, 'classifier__n_estimators': 130}",0.811211,0.063167,0.839588,0.054496,0.762,0.098515,0.597958,0.135084,0.798751,0.070603,0.800794,0.069134,0.601588,0.138267
"{'classifier__criterion': 'gini', 'classifier__max_features': 'sqrt', 'classifier__min_samples_split': 9, 'classifier__n_estimators': 140}",0.81558,0.062531,0.839588,0.05548,0.773846,0.09741,0.608623,0.133338,0.804926,0.069604,0.806717,0.068271,0.613434,0.136542
"{'classifier__criterion': 'gini', 'classifier__max_features': 'sqrt', 'classifier__min_samples_split': 9, 'classifier__n_estimators': 150}",0.814109,0.061803,0.839588,0.05548,0.769846,0.09372,0.605047,0.131324,0.802952,0.06833,0.804717,0.067003,0.609434,0.134006
"{'classifier__criterion': 'gini', 'classifier__max_features': 'sqrt', 'classifier__min_samples_split': 9, 'classifier__n_estimators': 160}",0.811211,0.062529,0.834989,0.056325,0.769846,0.09372,0.599652,0.132897,0.800773,0.068855,0.802418,0.067615,0.604836,0.135231
"{'classifier__criterion': 'gini', 'classifier__max_features': 'sqrt', 'classifier__min_samples_split': 9, 'classifier__n_estimators': 170}",0.815558,0.059443,0.839429,0.053993,0.773692,0.096334,0.608682,0.127776,0.804635,0.066737,0.806561,0.065304,0.613121,0.130608
"{'classifier__criterion': 'gini', 'classifier__max_features': 'sqrt', 'classifier__min_samples_split': 9, 'classifier__n_estimators': 180}",0.812639,0.057088,0.839482,0.050995,0.765692,0.088517,0.601204,0.122451,0.800793,0.063678,0.802587,0.06228,0.605174,0.124561
"{'classifier__criterion': 'gini', 'classifier__max_features': 'sqrt', 'classifier__min_samples_split': 9, 'classifier__n_estimators': 190}",0.815537,0.058776,0.844027,0.055761,0.765692,0.088517,0.607154,0.125282,0.802876,0.064567,0.80486,0.063191,0.60972,0.126382
"{'classifier__criterion': 'gini', 'classifier__max_features': 'sqrt', 'classifier__min_samples_split': 9, 'classifier__n_estimators': 200}",0.815558,0.056916,0.839482,0.052982,0.773538,0.091692,0.608626,0.122102,0.804655,0.063725,0.80651,0.062312,0.61302,0.124625
"{'classifier__criterion': 'gini', 'classifier__max_features': 'sqrt', 'classifier__min_samples_split': 9, 'classifier__n_estimators': 210}",0.814109,0.057548,0.837209,0.051386,0.773538,0.091692,0.605586,0.123892,0.803683,0.064572,0.805374,0.06319,0.610748,0.126379
"{'classifier__criterion': 'gini', 'classifier__max_features': 'sqrt', 'classifier__min_samples_split': 9, 'classifier__n_estimators': 220}",0.815516,0.056985,0.841755,0.054347,0.769538,0.087748,0.607824,0.121696,0.803773,0.062973,0.805647,0.061566,0.611293,0.123131
"{'classifier__criterion': 'gini', 'classifier__max_features': 'sqrt', 'classifier__min_samples_split': 9, 'classifier__n_estimators': 230}",0.815537,0.057673,0.841755,0.054347,0.769538,0.093058,0.607939,0.12388,0.803586,0.064506,0.805647,0.063067,0.611293,0.126134
"{'classifier__criterion': 'gini', 'classifier__max_features': 'sqrt', 'classifier__min_samples_split': 9, 'classifier__n_estimators': 240}",0.815558,0.06084,0.839535,0.054764,0.773538,0.091692,0.608342,0.130768,0.804916,0.06723,0.806537,0.065957,0.613073,0.131913
"{'classifier__criterion': 'gini', 'classifier__max_features': 'sqrt', 'classifier__min_samples_split': 9, 'classifier__n_estimators': 250}",0.821377,0.061186,0.84408,0.054689,0.781538,0.096989,0.620934,0.13192,0.811051,0.068432,0.812809,0.067095,0.625619,0.134191
"{'classifier__criterion': 'gini', 'classifier__max_features': 'sqrt', 'classifier__min_samples_split': 9, 'classifier__n_estimators': 260}",0.822847,0.06279,0.84408,0.054689,0.785538,0.100093,0.624319,0.135497,0.813105,0.070532,0.814809,0.069141,0.629619,0.138282
"{'classifier__criterion': 'gini', 'classifier__max_features': 'sqrt', 'classifier__min_samples_split': 9, 'classifier__n_estimators': 270}",0.81558,0.063199,0.837262,0.056973,0.777692,0.096513,0.609404,0.134499,0.805848,0.069876,0.807477,0.068635,0.614954,0.137271
"{'classifier__criterion': 'gini', 'classifier__max_features': 'sqrt', 'classifier__min_samples_split': 9, 'classifier__n_estimators': 280}",0.81413,0.064098,0.834989,0.056325,0.777692,0.096513,0.606494,0.13671,0.804863,0.070811,0.806341,0.069634,0.612682,0.139269
"{'classifier__criterion': 'gini', 'classifier__max_features': 'sqrt', 'classifier__min_samples_split': 9, 'classifier__n_estimators': 290}",0.809761,0.063997,0.832717,0.055577,0.769692,0.099266,0.596653,0.137128,0.799459,0.071786,0.801205,0.070086,0.602409,0.140172
"{'classifier__criterion': 'gini', 'classifier__max_features': 'sqrt', 'classifier__min_samples_split': 9, 'classifier__n_estimators': 300}",0.812639,0.061345,0.839535,0.053812,0.765692,0.095474,0.601211,0.132453,0.800673,0.069033,0.802614,0.067166,0.605227,0.134332
"{'classifier__criterion': 'gini', 'classifier__max_features': 'sqrt', 'classifier__min_samples_split': 9, 'classifier__n_estimators': 310}",0.811211,0.063167,0.832664,0.052755,0.773692,0.102763,0.600018,0.136202,0.801396,0.071927,0.803178,0.070196,0.606356,0.140393
"{'classifier__criterion': 'gini', 'classifier__max_features': 'sqrt', 'classifier__min_samples_split': 9, 'classifier__n_estimators': 320}",0.81266,0.063656,0.834937,0.053545,0.773692,0.102763,0.602722,0.137061,0.802497,0.07229,0.804314,0.070558,0.608629,0.141116
"{'classifier__criterion': 'gini', 'classifier__max_features': 'sqrt', 'classifier__min_samples_split': 9, 'classifier__n_estimators': 330}",0.81558,0.067381,0.837262,0.059631,0.777538,0.1018,0.609209,0.144185,0.805705,0.074864,0.8074,0.073215,0.614801,0.146431
"{'classifier__criterion': 'gini', 'classifier__max_features': 'sqrt', 'classifier__min_samples_split': 2, 'classifier__n_estimators': 20}",0.802344,0.048984,0.805021,0.064228,0.797385,0.082385,0.592772,0.099783,0.799394,0.050144,0.801203,0.050449,0.602406,0.100898
"{'classifier__criterion': 'gini', 'classifier__max_features': 'sqrt', 'classifier__min_samples_split': 2, 'classifier__n_estimators': 30}",0.819842,0.055686,0.834778,0.043485,0.793846,0.116479,0.620862,0.125233,0.811855,0.068973,0.814312,0.066744,0.628624,0.133488
"{'classifier__criterion': 'gini', 'classifier__max_features': 'sqrt', 'classifier__min_samples_split': 2, 'classifier__n_estimators': 40}",0.818329,0.057008,0.823309,0.061527,0.809538,0.082851,0.622712,0.116511,0.81528,0.059611,0.816424,0.059413,0.632847,0.118827
"{'classifier__criterion': 'gini', 'classifier__max_features': 'sqrt', 'classifier__min_samples_split': 2, 'classifier__n_estimators': 50}",0.812575,0.058735,0.823414,0.068515,0.793692,0.081071,0.609537,0.118867,0.80711,0.059854,0.808553,0.059602,0.617107,0.119203
"{'classifier__criterion': 'gini', 'classifier__max_features': 'sqrt', 'classifier__min_samples_split': 2, 'classifier__n_estimators': 60}",0.812596,0.062475,0.821142,0.073379,0.797846,0.081979,0.610972,0.125254,0.808099,0.062621,0.809494,0.062665,0.618988,0.12533
"{'classifier__criterion': 'gini', 'classifier__max_features': 'sqrt', 'classifier__min_samples_split': 2, 'classifier__n_estimators': 70}",0.821355,0.060561,0.823467,0.068925,0.817846,0.076985,0.630615,0.120111,0.819631,0.060991,0.820657,0.060763,0.641313,0.121526
"{'classifier__criterion': 'gini', 'classifier__max_features': 'sqrt', 'classifier__min_samples_split': 2, 'classifier__n_estimators': 80}",0.812681,0.069065,0.821247,0.068665,0.798,0.099003,0.609877,0.142477,0.808298,0.073225,0.809624,0.072836,0.619247,0.145672
"{'classifier__criterion': 'gini', 'classifier__max_features': 'sqrt', 'classifier__min_samples_split': 2, 'classifier__n_estimators': 90}",0.811211,0.070725,0.823467,0.069775,0.789846,0.097107,0.605198,0.146368,0.805413,0.074476,0.806657,0.074071,0.613313,0.148142
"{'classifier__criterion': 'gini', 'classifier__max_features': 'sqrt', 'classifier__min_samples_split': 2, 'classifier__n_estimators': 100}",0.81413,0.064425,0.825793,0.066781,0.793846,0.089749,0.611568,0.132601,0.808536,0.067526,0.809819,0.067066,0.619639,0.134132
"{'classifier__criterion': 'gini', 'classifier__max_features': 'sqrt', 'classifier__min_samples_split': 2, 'classifier__n_estimators': 110}",0.814109,0.06479,0.825793,0.069063,0.793692,0.081071,0.611522,0.132208,0.808731,0.06627,0.809743,0.065888,0.619485,0.131776
"{'classifier__criterion': 'gini', 'classifier__max_features': 'sqrt', 'classifier__min_samples_split': 2, 'classifier__n_estimators': 120}",0.819928,0.06298,0.834937,0.06249,0.793846,0.089749,0.62172,0.131294,0.813105,0.067014,0.814391,0.06633,0.628783,0.132661
"{'classifier__criterion': 'gini', 'classifier__max_features': 'sqrt', 'classifier__min_samples_split': 2, 'classifier__n_estimators': 130}",0.822826,0.061813,0.839482,0.065218,0.793692,0.081071,0.627287,0.127295,0.815377,0.064014,0.816587,0.063484,0.633174,0.126968
"{'classifier__criterion': 'gini', 'classifier__max_features': 'sqrt', 'classifier__min_samples_split': 2, 'classifier__n_estimators': 140}",0.821398,0.064543,0.834884,0.065894,0.797692,0.086064,0.625376,0.133442,0.815175,0.067362,0.816288,0.066867,0.632576,0.133734
"{'classifier__criterion': 'gini', 'classifier__max_features': 'sqrt', 'classifier__min_samples_split': 2, 'classifier__n_estimators': 150}",0.821398,0.065512,0.837156,0.06567,0.793846,0.089749,0.624526,0.135916,0.814234,0.068982,0.815501,0.06836,0.631003,0.136719
"{'classifier__criterion': 'gini', 'classifier__max_features': 'sqrt', 'classifier__min_samples_split': 2, 'classifier__n_estimators': 160}",0.81705,0.062922,0.830338,0.061238,0.793846,0.089749,0.616196,0.131007,0.81092,0.067137,0.812092,0.066487,0.624184,0.132974
"{'classifier__criterion': 'gini', 'classifier__max_features': 'sqrt', 'classifier__min_samples_split': 2, 'classifier__n_estimators': 170}",0.81705,0.062922,0.832664,0.061013,0.789846,0.090276,0.615297,0.131189,0.809994,0.067287,0.811255,0.066627,0.62251,0.133253
"{'classifier__criterion': 'gini', 'classifier__max_features': 'sqrt', 'classifier__min_samples_split': 2, 'classifier__n_estimators': 180}",0.81558,0.060828,0.832664,0.061013,0.785846,0.085161,0.611886,0.126307,0.807987,0.064407,0.809255,0.063767,0.61851,0.127533
"{'classifier__criterion': 'gini', 'classifier__max_features': 'sqrt', 'classifier__min_samples_split': 2, 'classifier__n_estimators': 190}",0.819949,0.062266,0.837262,0.063815,0.789846,0.090276,0.621277,0.129205,0.812034,0.066146,0.813554,0.065485,0.627108,0.130971
"{'classifier__criterion': 'gini', 'classifier__max_features': 'sqrt', 'classifier__min_samples_split': 2, 'classifier__n_estimators': 200}",0.817029,0.063257,0.837209,0.066307,0.781846,0.085342,0.614352,0.130868,0.808038,0.06586,0.809528,0.065324,0.619055,0.130647
"{'classifier__criterion': 'gini', 'classifier__max_features': 'sqrt', 'classifier__min_samples_split': 2, 'classifier__n_estimators': 210}",0.81705,0.062922,0.832611,0.066039,0.789846,0.084792,0.616036,0.129568,0.809947,0.065324,0.811229,0.064892,0.622457,0.129784
"{'classifier__criterion': 'gini', 'classifier__max_features': 'sqrt', 'classifier__min_samples_split': 2, 'classifier__n_estimators': 220}",0.818521,0.063907,0.832611,0.066039,0.793846,0.089749,0.619644,0.132307,0.811876,0.066988,0.813229,0.066607,0.626457,0.133214
"{'classifier__criterion': 'gini', 'classifier__max_features': 'sqrt', 'classifier__min_samples_split': 2, 'classifier__n_estimators': 230}",0.81705,0.062922,0.832611,0.066039,0.789846,0.084792,0.616036,0.129568,0.809947,0.065324,0.811229,0.064892,0.622457,0.129784
"{'classifier__criterion': 'gini', 'classifier__max_features': 'sqrt', 'classifier__min_samples_split': 2, 'classifier__n_estimators': 240}",0.8185,0.061597,0.834937,0.063349,0.789846,0.084792,0.618331,0.127192,0.81111,0.064598,0.812391,0.064043,0.624783,0.128086
"{'classifier__criterion': 'gini', 'classifier__max_features': 'sqrt', 'classifier__min_samples_split': 2, 'classifier__n_estimators': 250}",0.817029,0.060929,0.832611,0.063649,0.789846,0.084792,0.615796,0.125799,0.80991,0.063816,0.811229,0.063294,0.622457,0.126589
"{'classifier__criterion': 'gini', 'classifier__max_features': 'sqrt', 'classifier__min_samples_split': 2, 'classifier__n_estimators': 260}",0.81413,0.062141,0.828013,0.06221,0.789846,0.084792,0.610055,0.128834,0.807843,0.065271,0.808929,0.064801,0.617859,0.129602
"{'classifier__criterion': 'gini', 'classifier__max_features': 'sqrt', 'classifier__min_samples_split': 2, 'classifier__n_estimators': 270}",0.80974,0.057111,0.82574,0.058692,0.781846,0.075387,0.600101,0.117458,0.802778,0.059449,0.803793,0.058948,0.607586,0.117896
"{'classifier__criterion': 'gini', 'classifier__max_features': 'sqrt', 'classifier__min_samples_split': 2, 'classifier__n_estimators': 280}",0.814109,0.059429,0.830338,0.059486,0.785846,0.081317,0.608981,0.122659,0.806982,0.062516,0.808092,0.061991,0.616184,0.123983
"{'classifier__criterion': 'gini', 'classifier__max_features': 'sqrt', 'classifier__min_samples_split': 2, 'classifier__n_estimators': 290}",0.81266,0.061041,0.830391,0.059412,0.781846,0.087196,0.605393,0.127342,0.804835,0.065256,0.806119,0.064597,0.612237,0.129194
"{'classifier__criterion': 'gini', 'classifier__max_features': 'sqrt', 'classifier__min_samples_split': 2, 'classifier__n_estimators': 300}",0.814109,0.057998,0.830391,0.059412,0.785846,0.081317,0.609128,0.119689,0.806901,0.061202,0.808119,0.060608,0.616237,0.121216
"{'classifier__criterion': 'gini', 'classifier__max_features': 'sqrt', 'classifier__min_samples_split': 2, 'classifier__n_estimators': 310}",0.80974,0.057907,0.828118,0.059401,0.777846,0.079511,0.599343,0.11943,0.801744,0.060788,0.802982,0.06027,0.605965,0.120541
"{'classifier__criterion': 'gini', 'classifier__max_features': 'sqrt', 'classifier__min_samples_split': 2, 'classifier__n_estimators': 320}",0.808269,0.058458,0.825793,0.058538,0.777846,0.079511,0.596462,0.120728,0.800699,0.061452,0.801819,0.060951,0.603639,0.121902
"{'classifier__criterion': 'gini', 'classifier__max_features': 'sqrt', 'classifier__min_samples_split': 2, 'classifier__n_estimators': 330}",0.811168,0.060318,0.830391,0.062793,0.777846,0.079511,0.602231,0.124236,0.80286,0.062615,0.804119,0.062135,0.608237,0.124269
"{'classifier__criterion': 'gini', 'classifier__max_features': 'sqrt', 'classifier__min_samples_split': 3, 'classifier__n_estimators': 20}",0.802366,0.039896,0.816332,0.056597,0.777846,0.096304,0.588193,0.086222,0.794156,0.047865,0.797089,0.046003,0.594178,0.092005
"{'classifier__criterion': 'gini', 'classifier__max_features': 'sqrt', 'classifier__min_samples_split': 3, 'classifier__n_estimators': 30}",0.816944,0.053743,0.837156,0.062484,0.782308,0.086058,0.615153,0.111112,0.80765,0.057432,0.809732,0.056296,0.619464,0.112591
"{'classifier__criterion': 'gini', 'classifier__max_features': 'sqrt', 'classifier__min_samples_split': 3, 'classifier__n_estimators': 40}",0.825661,0.050015,0.843975,0.059437,0.794154,0.077746,0.633608,0.103385,0.817352,0.052322,0.819064,0.051691,0.638128,0.103383
"{'classifier__criterion': 'gini', 'classifier__max_features': 'sqrt', 'classifier__min_samples_split': 3, 'classifier__n_estimators': 50}",0.824233,0.048418,0.841755,0.048259,0.794,0.076276,0.629233,0.102667,0.816655,0.05273,0.817877,0.052085,0.635755,0.10417
"{'classifier__criterion': 'gini', 'classifier__max_features': 'sqrt', 'classifier__min_samples_split': 3, 'classifier__n_estimators': 60}",0.822762,0.046377,0.839535,0.048578,0.794,0.064946,0.626412,0.09589,0.815844,0.04856,0.816767,0.048258,0.633535,0.096516
"{'classifier__criterion': 'gini', 'classifier__max_features': 'sqrt', 'classifier__min_samples_split': 3, 'classifier__n_estimators': 70}",0.831543,0.050784,0.846459,0.054568,0.806,0.068542,0.645449,0.103048,0.825287,0.052416,0.826229,0.052141,0.652459,0.104282
"{'classifier__criterion': 'gini', 'classifier__max_features': 'sqrt', 'classifier__min_samples_split': 3, 'classifier__n_estimators': 80}",0.821398,0.059431,0.839535,0.056533,0.79,0.080957,0.622952,0.123778,0.813781,0.062736,0.814767,0.06252,0.629535,0.12504
"{'classifier__criterion': 'gini', 'classifier__max_features': 'sqrt', 'classifier__min_samples_split': 3, 'classifier__n_estimators': 90}",0.81413,0.061057,0.830338,0.059404,0.786,0.085194,0.608979,0.1261,0.80706,0.064617,0.808169,0.0643,0.616338,0.128601
"{'classifier__criterion': 'gini', 'classifier__max_features': 'sqrt', 'classifier__min_samples_split': 3, 'classifier__n_estimators': 100}",0.81266,0.059555,0.830338,0.059404,0.782,0.081547,0.605526,0.122542,0.805033,0.062522,0.806169,0.062256,0.612338,0.124512
"{'classifier__criterion': 'gini', 'classifier__max_features': 'sqrt', 'classifier__min_samples_split': 3, 'classifier__n_estimators': 110}",0.818457,0.057366,0.837262,0.055042,0.786,0.081351,0.616845,0.119834,0.810522,0.060838,0.811631,0.060755,0.623262,0.12151
"{'classifier__criterion': 'gini', 'classifier__max_features': 'sqrt', 'classifier__min_samples_split': 3, 'classifier__n_estimators': 120}",0.822805,0.060104,0.841755,0.061522,0.789846,0.087075,0.626457,0.125158,0.814327,0.06361,0.8158,0.063251,0.631601,0.126502
"{'classifier__criterion': 'gini', 'classifier__max_features': 'sqrt', 'classifier__min_samples_split': 3, 'classifier__n_estimators': 130}",0.822826,0.058654,0.841808,0.059654,0.789846,0.077344,0.626085,0.121449,0.814737,0.060822,0.815827,0.060695,0.631654,0.121391
"{'classifier__criterion': 'gini', 'classifier__max_features': 'sqrt', 'classifier__min_samples_split': 3, 'classifier__n_estimators': 140}",0.819928,0.059841,0.841808,0.059654,0.782154,0.080845,0.619193,0.124284,0.810697,0.062577,0.811981,0.062328,0.623961,0.124656
"{'classifier__criterion': 'gini', 'classifier__max_features': 'sqrt', 'classifier__min_samples_split': 3, 'classifier__n_estimators': 150}",0.819928,0.061571,0.84408,0.062537,0.778154,0.084718,0.618757,0.128048,0.809529,0.064595,0.811117,0.064143,0.622234,0.128287
"{'classifier__criterion': 'gini', 'classifier__max_features': 'sqrt', 'classifier__min_samples_split': 3, 'classifier__n_estimators': 160}",0.816986,0.059175,0.841755,0.060556,0.774154,0.082622,0.612431,0.123022,0.806326,0.062123,0.807954,0.061724,0.615909,0.123448
"{'classifier__criterion': 'gini', 'classifier__max_features': 'sqrt', 'classifier__min_samples_split': 3, 'classifier__n_estimators': 170}",0.815516,0.05807,0.841755,0.060556,0.770154,0.076182,0.608824,0.119853,0.804397,0.060147,0.805954,0.059693,0.611909,0.119386
"{'classifier__criterion': 'gini', 'classifier__max_features': 'sqrt', 'classifier__min_samples_split': 3, 'classifier__n_estimators': 180}",0.815537,0.059818,0.841808,0.064641,0.77,0.076588,0.609247,0.123036,0.804254,0.061211,0.805904,0.060837,0.611808,0.121673
"{'classifier__criterion': 'gini', 'classifier__max_features': 'sqrt', 'classifier__min_samples_split': 3, 'classifier__n_estimators': 190}",0.812617,0.058911,0.839482,0.062642,0.766154,0.075557,0.602811,0.121169,0.801201,0.060478,0.802818,0.060104,0.605636,0.120208
"{'classifier__criterion': 'gini', 'classifier__max_features': 'sqrt', 'classifier__min_samples_split': 3, 'classifier__n_estimators': 200}",0.817008,0.061245,0.841808,0.064641,0.774,0.079055,0.612614,0.126256,0.806358,0.06314,0.807904,0.062669,0.615808,0.125338
"{'classifier__criterion': 'gini', 'classifier__max_features': 'sqrt', 'classifier__min_samples_split': 3, 'classifier__n_estimators': 210}",0.814088,0.060071,0.839482,0.066005,0.77,0.076588,0.606712,0.12325,0.803088,0.061186,0.804741,0.060843,0.609482,0.121685
"{'classifier__criterion': 'gini', 'classifier__max_features': 'sqrt', 'classifier__min_samples_split': 3, 'classifier__n_estimators': 220}",0.812639,0.060636,0.839482,0.066005,0.766154,0.075557,0.603188,0.124321,0.801162,0.061581,0.802818,0.06129,0.605636,0.122579
"{'classifier__criterion': 'gini', 'classifier__max_features': 'sqrt', 'classifier__min_samples_split': 3, 'classifier__n_estimators': 230}",0.812639,0.061345,0.839482,0.066005,0.766154,0.073409,0.602979,0.125505,0.801292,0.062152,0.802818,0.061773,0.605636,0.123547
"{'classifier__criterion': 'gini', 'classifier__max_features': 'sqrt', 'classifier__min_samples_split': 3, 'classifier__n_estimators': 240}",0.815516,0.058081,0.84408,0.062537,0.766,0.071622,0.608166,0.119297,0.8034,0.059154,0.80504,0.058759,0.61008,0.117517
"{'classifier__criterion': 'gini', 'classifier__max_features': 'sqrt', 'classifier__min_samples_split': 3, 'classifier__n_estimators': 250}",0.812596,0.057875,0.841755,0.063217,0.762,0.070723,0.601961,0.118602,0.800174,0.058641,0.801877,0.058304,0.603755,0.116609
"{'classifier__criterion': 'gini', 'classifier__max_features': 'sqrt', 'classifier__min_samples_split': 3, 'classifier__n_estimators': 260}",0.812596,0.056776,0.841808,0.060514,0.762,0.070723,0.601686,0.116829,0.800254,0.058058,0.801904,0.057669,0.603808,0.115338
"{'classifier__criterion': 'gini', 'classifier__max_features': 'sqrt', 'classifier__min_samples_split': 3, 'classifier__n_estimators': 270}",0.815516,0.056232,0.841808,0.058782,0.77,0.076588,0.608679,0.116243,0.80428,0.058668,0.805904,0.058208,0.611808,0.116416
"{'classifier__criterion': 'gini', 'classifier__max_features': 'sqrt', 'classifier__min_samples_split': 3, 'classifier__n_estimators': 280}",0.814066,0.055374,0.841808,0.058782,0.766,0.075958,0.605275,0.114402,0.802147,0.057634,0.803904,0.057228,0.607808,0.114456
"{'classifier__criterion': 'gini', 'classifier__max_features': 'sqrt', 'classifier__min_samples_split': 3, 'classifier__n_estimators': 290}",0.816986,0.057373,0.841808,0.058782,0.774,0.077004,0.612036,0.118705,0.806436,0.059965,0.807904,0.059452,0.615808,0.118903
"{'classifier__criterion': 'gini', 'classifier__max_features': 'sqrt', 'classifier__min_samples_split': 3, 'classifier__n_estimators': 300}",0.816965,0.058135,0.844133,0.060739,0.77,0.076588,0.611464,0.120381,0.805439,0.060333,0.807067,0.059863,0.614133,0.119726
"{'classifier__criterion': 'gini', 'classifier__max_features': 'sqrt', 'classifier__min_samples_split': 3, 'classifier__n_estimators': 310}",0.812596,0.055655,0.839535,0.057439,0.765846,0.07407,0.6021,0.115254,0.801136,0.057983,0.802691,0.057526,0.605381,0.115053
"{'classifier__criterion': 'gini', 'classifier__max_features': 'sqrt', 'classifier__min_samples_split': 3, 'classifier__n_estimators': 320}",0.815537,0.060537,0.841808,0.060514,0.77,0.074469,0.608235,0.125293,0.804599,0.062657,0.805904,0.062119,0.611808,0.124238
"{'classifier__criterion': 'gini', 'classifier__max_features': 'sqrt', 'classifier__min_samples_split': 3, 'classifier__n_estimators': 330}",0.815537,0.060537,0.841808,0.060514,0.77,0.074469,0.608235,0.125293,0.804599,0.062657,0.805904,0.062119,0.611808,0.124238
"{'classifier__criterion': 'gini', 'classifier__max_features': 'sqrt', 'classifier__min_samples_split': 4, 'classifier__n_estimators': 20}",0.812617,0.037578,0.832717,0.034783,0.778308,0.0645,0.603817,0.079916,0.804405,0.042504,0.805512,0.041532,0.611024,0.083064
"{'classifier__criterion': 'gini', 'classifier__max_features': 'sqrt', 'classifier__min_samples_split': 4, 'classifier__n_estimators': 30}",0.82419,0.040983,0.84186,0.050252,0.793846,0.059791,0.629685,0.082608,0.816669,0.04191,0.817853,0.041519,0.635707,0.083039
"{'classifier__criterion': 'gini', 'classifier__max_features': 'sqrt', 'classifier__min_samples_split': 4, 'classifier__n_estimators': 40}",0.824169,0.050265,0.846353,0.055739,0.786,0.078442,0.628396,0.103144,0.814431,0.053683,0.816177,0.052799,0.632353,0.105598
"{'classifier__criterion': 'gini', 'classifier__max_features': 'sqrt', 'classifier__min_samples_split': 4, 'classifier__n_estimators': 50}",0.825639,0.042779,0.841702,0.049566,0.798,0.068423,0.63322,0.088749,0.818579,0.045415,0.819851,0.044859,0.639702,0.089718
"{'classifier__criterion': 'gini', 'classifier__max_features': 'sqrt', 'classifier__min_samples_split': 4, 'classifier__n_estimators': 60}",0.82419,0.041522,0.839482,0.04434,0.797846,0.059334,0.629575,0.08513,0.817849,0.0436,0.818664,0.043269,0.637328,0.086539
"{'classifier__criterion': 'gini', 'classifier__max_features': 'sqrt', 'classifier__min_samples_split': 4, 'classifier__n_estimators': 70}",0.827131,0.042925,0.841808,0.039947,0.802,0.069582,0.635612,0.091037,0.821007,0.047594,0.821904,0.046944,0.643808,0.093888
"{'classifier__criterion': 'gini', 'classifier__max_features': 'sqrt', 'classifier__min_samples_split': 4, 'classifier__n_estimators': 80}",0.816965,0.053636,0.839482,0.057651,0.778154,0.074681,0.613189,0.110387,0.807366,0.055807,0.808818,0.055494,0.617636,0.110988
"{'classifier__criterion': 'gini', 'classifier__max_features': 'sqrt', 'classifier__min_samples_split': 4, 'classifier__n_estimators': 90}",0.816965,0.054413,0.839429,0.058582,0.778,0.063953,0.6127,0.110419,0.807628,0.055011,0.808715,0.054653,0.617429,0.109307
"{'classifier__criterion': 'gini', 'classifier__max_features': 'sqrt', 'classifier__min_samples_split': 4, 'classifier__n_estimators': 100}",0.821334,0.054725,0.846353,0.05752,0.778,0.07295,0.620938,0.112455,0.810712,0.056867,0.812177,0.056306,0.624353,0.112613
"{'classifier__criterion': 'gini', 'classifier__max_features': 'sqrt', 'classifier__min_samples_split': 4, 'classifier__n_estimators': 110}",0.818393,0.051712,0.84408,0.056331,0.773846,0.061654,0.614474,0.105104,0.80769,0.052296,0.808963,0.051944,0.617926,0.103887
"{'classifier__criterion': 'gini', 'classifier__max_features': 'sqrt', 'classifier__min_samples_split': 4, 'classifier__n_estimators': 120}",0.821334,0.054339,0.841808,0.055023,0.785692,0.071607,0.621947,0.112263,0.812673,0.056733,0.81375,0.056265,0.6275,0.11253
"{'classifier__criterion': 'gini', 'classifier__max_features': 'sqrt', 'classifier__min_samples_split': 4, 'classifier__n_estimators': 130}",0.821334,0.058437,0.841808,0.055023,0.785538,0.082135,0.621684,0.122733,0.812498,0.062489,0.813673,0.061936,0.627346,0.123872
"{'classifier__criterion': 'gini', 'classifier__max_features': 'sqrt', 'classifier__min_samples_split': 4, 'classifier__n_estimators': 140}",0.824275,0.058895,0.841755,0.057042,0.793538,0.085475,0.629113,0.123576,0.816419,0.063074,0.817647,0.062586,0.635293,0.125172
"{'classifier__criterion': 'gini', 'classifier__max_features': 'sqrt', 'classifier__min_samples_split': 4, 'classifier__n_estimators': 150}",0.818457,0.058812,0.841702,0.060759,0.777846,0.087189,0.615948,0.122907,0.807992,0.062509,0.809774,0.062009,0.619548,0.124018
"{'classifier__criterion': 'gini', 'classifier__max_features': 'sqrt', 'classifier__min_samples_split': 4, 'classifier__n_estimators': 160}",0.816986,0.060578,0.841702,0.060759,0.773692,0.085792,0.612015,0.127096,0.806017,0.064408,0.807697,0.063713,0.615394,0.127426
"{'classifier__criterion': 'gini', 'classifier__max_features': 'sqrt', 'classifier__min_samples_split': 4, 'classifier__n_estimators': 170}",0.814066,0.0594,0.839429,0.060319,0.769692,0.083509,0.605822,0.124565,0.802867,0.062876,0.804561,0.062261,0.609121,0.124521
"{'classifier__criterion': 'gini', 'classifier__max_features': 'sqrt', 'classifier__min_samples_split': 4, 'classifier__n_estimators': 180}",0.815516,0.055858,0.839429,0.060319,0.773692,0.075896,0.609562,0.1155,0.804999,0.05782,0.806561,0.057474,0.613121,0.114948
"{'classifier__criterion': 'gini', 'classifier__max_features': 'sqrt', 'classifier__min_samples_split': 4, 'classifier__n_estimators': 190}",0.816965,0.055925,0.839429,0.060319,0.777692,0.076123,0.61308,0.115571,0.807076,0.057956,0.808561,0.057574,0.617121,0.115149
"{'classifier__criterion': 'gini', 'classifier__max_features': 'sqrt', 'classifier__min_samples_split': 4, 'classifier__n_estimators': 200}",0.818436,0.057401,0.843975,0.054876,0.773692,0.085792,0.614182,0.122116,0.807127,0.062471,0.808833,0.061504,0.617667,0.123009
"{'classifier__criterion': 'gini', 'classifier__max_features': 'sqrt', 'classifier__min_samples_split': 4, 'classifier__n_estimators': 210}",0.815537,0.058397,0.837156,0.051431,0.777692,0.085992,0.608932,0.125005,0.806156,0.064077,0.807424,0.063098,0.614849,0.126195
"{'classifier__criterion': 'gini', 'classifier__max_features': 'sqrt', 'classifier__min_samples_split': 4, 'classifier__n_estimators': 220}",0.816986,0.057738,0.839429,0.052045,0.777692,0.085992,0.611793,0.123384,0.807171,0.063354,0.808561,0.062339,0.617121,0.124678
"{'classifier__criterion': 'gini', 'classifier__max_features': 'sqrt', 'classifier__min_samples_split': 4, 'classifier__n_estimators': 230}",0.816986,0.057738,0.839429,0.052045,0.777692,0.085992,0.611793,0.123384,0.807171,0.063354,0.808561,0.062339,0.617121,0.124678
"{'classifier__criterion': 'gini', 'classifier__max_features': 'sqrt', 'classifier__min_samples_split': 4, 'classifier__n_estimators': 240}",0.814066,0.053061,0.834831,0.0519,0.777692,0.078196,0.606755,0.11231,0.804959,0.057099,0.806262,0.056487,0.612523,0.112975
"{'classifier__criterion': 'gini', 'classifier__max_features': 'sqrt', 'classifier__min_samples_split': 4, 'classifier__n_estimators': 250}",0.818414,0.050439,0.837104,0.052609,0.785692,0.071607,0.616686,0.105226,0.810236,0.05317,0.811398,0.052687,0.622796,0.105373
"{'classifier__criterion': 'gini', 'classifier__max_features': 'sqrt', 'classifier__min_samples_split': 4, 'classifier__n_estimators': 260}",0.815516,0.053172,0.834831,0.0519,0.781692,0.078212,0.610273,0.112471,0.807036,0.057238,0.808262,0.0566,0.616523,0.113201
"{'classifier__criterion': 'gini', 'classifier__max_features': 'sqrt', 'classifier__min_samples_split': 4, 'classifier__n_estimators': 270}",0.815516,0.054344,0.837104,0.052609,0.777692,0.080216,0.609415,0.115122,0.806033,0.058637,0.807398,0.057967,0.614796,0.115934
"{'classifier__criterion': 'gini', 'classifier__max_features': 'sqrt', 'classifier__min_samples_split': 4, 'classifier__n_estimators': 280}",0.817008,0.056239,0.839429,0.052045,0.777692,0.084111,0.61194,0.119537,0.807157,0.061261,0.808561,0.060535,0.617121,0.121071
"{'classifier__criterion': 'gini', 'classifier__max_features': 'sqrt', 'classifier__min_samples_split': 4, 'classifier__n_estimators': 290}",0.817008,0.056239,0.839429,0.052045,0.777692,0.084111,0.61194,0.119537,0.807157,0.061261,0.808561,0.060535,0.617121,0.121071
"{'classifier__criterion': 'gini', 'classifier__max_features': 'sqrt', 'classifier__min_samples_split': 4, 'classifier__n_estimators': 300}",0.814088,0.055717,0.837156,0.053402,0.773692,0.080001,0.60587,0.117801,0.804056,0.059817,0.805424,0.059196,0.610849,0.118391
"{'classifier__criterion': 'gini', 'classifier__max_features': 'sqrt', 'classifier__min_samples_split': 4, 'classifier__n_estimators': 310}",0.815558,0.058012,0.839482,0.05583,0.773692,0.080001,0.608659,0.122476,0.80524,0.061704,0.806587,0.061143,0.613174,0.122286
"{'classifier__criterion': 'gini', 'classifier__max_features': 'sqrt', 'classifier__min_samples_split': 4, 'classifier__n_estimators': 320}",0.816986,0.056264,0.841702,0.055424,0.773692,0.080001,0.611497,0.118539,0.806188,0.059994,0.807697,0.059397,0.615394,0.118794
"{'classifier__criterion': 'gini', 'classifier__max_features': 'sqrt', 'classifier__min_samples_split': 4, 'classifier__n_estimators': 330}",0.812617,0.055997,0.837156,0.05436,0.769692,0.075457,0.602301,0.117837,0.802126,0.059246,0.803424,0.058687,0.606849,0.117373
"{'classifier__criterion': 'gini', 'classifier__max_features': 'sqrt', 'classifier__min_samples_split': 5, 'classifier__n_estimators': 20}",0.814066,0.053155,0.834884,0.052844,0.777692,0.077576,0.606861,0.111646,0.804971,0.056772,0.806288,0.056229,0.612576,0.112459
"{'classifier__criterion': 'gini', 'classifier__max_features': 'sqrt', 'classifier__min_samples_split': 5, 'classifier__n_estimators': 30}",0.816986,0.050793,0.834989,0.053412,0.785692,0.078023,0.614383,0.106557,0.808967,0.054462,0.810341,0.053939,0.620682,0.107878
"{'classifier__criterion': 'gini', 'classifier__max_features': 'sqrt', 'classifier__min_samples_split': 5, 'classifier__n_estimators': 40}",0.815516,0.045046,0.837209,0.045928,0.777846,0.075858,0.609667,0.096091,0.806006,0.049803,0.807528,0.049179,0.615055,0.098359
"{'classifier__criterion': 'gini', 'classifier__max_features': 'sqrt', 'classifier__min_samples_split': 5, 'classifier__n_estimators': 50}",0.819906,0.048256,0.834937,0.051673,0.793846,0.072439,0.621366,0.099996,0.813265,0.051092,0.814391,0.050783,0.628783,0.101566
"{'classifier__criterion': 'gini', 'classifier__max_features': 'sqrt', 'classifier__min_samples_split': 5, 'classifier__n_estimators': 60}",0.814152,0.058977,0.834989,0.052529,0.777846,0.085758,0.606486,0.125011,0.80523,0.064037,0.806418,0.063484,0.612836,0.126967
"{'classifier__criterion': 'gini', 'classifier__max_features': 'sqrt', 'classifier__min_samples_split': 5, 'classifier__n_estimators': 70}",0.819906,0.055884,0.834884,0.05066,0.793846,0.090152,0.620915,0.119011,0.813093,0.061851,0.814365,0.06133,0.62873,0.122659
"{'classifier__criterion': 'gini', 'classifier__max_features': 'sqrt', 'classifier__min_samples_split': 5, 'classifier__n_estimators': 80}",0.814109,0.056814,0.830338,0.05389,0.785846,0.083695,0.608622,0.119165,0.806979,0.061071,0.808092,0.060751,0.616184,0.121502
"{'classifier__criterion': 'gini', 'classifier__max_features': 'sqrt', 'classifier__min_samples_split': 5, 'classifier__n_estimators': 90}",0.817029,0.064245,0.834937,0.060774,0.785846,0.089246,0.614093,0.134173,0.80924,0.068334,0.810391,0.067958,0.620783,0.135916
"{'classifier__criterion': 'gini', 'classifier__max_features': 'sqrt', 'classifier__min_samples_split': 5, 'classifier__n_estimators': 100}",0.819928,0.060212,0.841755,0.058025,0.781846,0.083879,0.618608,0.125817,0.8105,0.063904,0.8118,0.06353,0.623601,0.127061
"{'classifier__criterion': 'gini', 'classifier__max_features': 'sqrt', 'classifier__min_samples_split': 5, 'classifier__n_estimators': 110}",0.819928,0.059489,0.839429,0.056748,0.785846,0.089246,0.619565,0.125364,0.811235,0.064042,0.812638,0.063771,0.625275,0.127541
"{'classifier__criterion': 'gini', 'classifier__max_features': 'sqrt', 'classifier__min_samples_split': 5, 'classifier__n_estimators': 120}",0.822847,0.061437,0.844027,0.059269,0.785846,0.089246,0.625084,0.128884,0.813488,0.065628,0.814937,0.065318,0.629874,0.130636
"{'classifier__criterion': 'gini', 'classifier__max_features': 'sqrt', 'classifier__min_samples_split': 5, 'classifier__n_estimators': 130}",0.817029,0.060522,0.837209,0.058798,0.781846,0.083879,0.613351,0.126589,0.8083,0.063999,0.809528,0.063724,0.619055,0.127448
"{'classifier__criterion': 'gini', 'classifier__max_features': 'sqrt', 'classifier__min_samples_split': 5, 'classifier__n_estimators': 140}",0.824297,0.06268,0.84408,0.062615,0.789846,0.085218,0.628848,0.130391,0.815685,0.065805,0.816963,0.06546,0.633926,0.13092
"{'classifier__criterion': 'gini', 'classifier__max_features': 'sqrt', 'classifier__min_samples_split': 5, 'classifier__n_estimators': 150}",0.821398,0.063199,0.841808,0.061441,0.785846,0.089246,0.622452,0.132307,0.812432,0.067342,0.813827,0.066783,0.627654,0.133567
"{'classifier__criterion': 'gini', 'classifier__max_features': 'sqrt', 'classifier__min_samples_split': 5, 'classifier__n_estimators': 160}",0.819949,0.063572,0.839535,0.06101,0.785846,0.089246,0.619661,0.13334,0.811391,0.067743,0.812691,0.067243,0.625381,0.134487
"{'classifier__criterion': 'gini', 'classifier__max_features': 'sqrt', 'classifier__min_samples_split': 5, 'classifier__n_estimators': 170}",0.822847,0.062117,0.841808,0.062276,0.789846,0.087075,0.62625,0.129452,0.814467,0.065696,0.815827,0.065207,0.631654,0.130415
"{'classifier__criterion': 'gini', 'classifier__max_features': 'sqrt', 'classifier__min_samples_split': 5, 'classifier__n_estimators': 180}",0.822847,0.063123,0.84408,0.064244,0.785846,0.089246,0.625767,0.131595,0.813382,0.066674,0.814963,0.066199,0.629926,0.132399
"{'classifier__criterion': 'gini', 'classifier__max_features': 'sqrt', 'classifier__min_samples_split': 5, 'classifier__n_estimators': 190}",0.817008,0.0566,0.837209,0.05967,0.781846,0.077946,0.613816,0.116964,0.808181,0.058993,0.809528,0.058675,0.619055,0.11735
"{'classifier__criterion': 'gini', 'classifier__max_features': 'sqrt', 'classifier__min_samples_split': 5, 'classifier__n_estimators': 200}",0.818478,0.058069,0.834937,0.058168,0.789846,0.077344,0.617755,0.120324,0.811428,0.060535,0.812391,0.060381,0.624783,0.120762
"{'classifier__criterion': 'gini', 'classifier__max_features': 'sqrt', 'classifier__min_samples_split': 5, 'classifier__n_estimators': 210}",0.817029,0.058402,0.832664,0.058334,0.789846,0.077344,0.615094,0.121066,0.810341,0.060838,0.811255,0.060701,0.62251,0.121402
"{'classifier__criterion': 'gini', 'classifier__max_features': 'sqrt', 'classifier__min_samples_split': 5, 'classifier__n_estimators': 220}",0.817072,0.065507,0.832717,0.060044,0.789846,0.088894,0.614782,0.137602,0.81039,0.069576,0.811281,0.069313,0.622563,0.138626
"{'classifier__criterion': 'gini', 'classifier__max_features': 'sqrt', 'classifier__min_samples_split': 5, 'classifier__n_estimators': 230}",0.814152,0.064068,0.832717,0.060044,0.781846,0.087611,0.607852,0.134686,0.80619,0.068111,0.807281,0.067696,0.614563,0.135392
"{'classifier__criterion': 'gini', 'classifier__max_features': 'sqrt', 'classifier__min_samples_split': 5, 'classifier__n_estimators': 240}",0.812681,0.062292,0.830391,0.05752,0.781846,0.087611,0.605029,0.131284,0.805037,0.066709,0.806119,0.066291,0.612237,0.132581
"{'classifier__criterion': 'gini', 'classifier__max_features': 'sqrt', 'classifier__min_samples_split': 5, 'classifier__n_estimators': 250}",0.81705,0.062557,0.834989,0.059012,0.785846,0.083695,0.613988,0.13112,0.809456,0.066051,0.810418,0.065772,0.620836,0.131543
"{'classifier__criterion': 'gini', 'classifier__max_features': 'sqrt', 'classifier__min_samples_split': 5, 'classifier__n_estimators': 260}",0.817029,0.060522,0.837209,0.057014,0.781846,0.087611,0.613167,0.127427,0.808213,0.065077,0.809528,0.064569,0.619055,0.129137
"{'classifier__criterion': 'gini', 'classifier__max_features': 'sqrt', 'classifier__min_samples_split': 5, 'classifier__n_estimators': 270}",0.81413,0.061741,0.832611,0.056616,0.782,0.095717,0.608016,0.131001,0.805813,0.067525,0.807305,0.06699,0.614611,0.133979
"{'classifier__criterion': 'gini', 'classifier__max_features': 'sqrt', 'classifier__min_samples_split': 5, 'classifier__n_estimators': 280}",0.819928,0.05842,0.839482,0.050756,0.785846,0.092762,0.619019,0.125469,0.81127,0.064773,0.812664,0.06419,0.625328,0.128381
"{'classifier__criterion': 'gini', 'classifier__max_features': 'sqrt', 'classifier__min_samples_split': 5, 'classifier__n_estimators': 290}",0.8185,0.063249,0.837209,0.058798,0.785846,0.092762,0.61679,0.133348,0.810195,0.068219,0.811528,0.067761,0.623055,0.135522
"{'classifier__criterion': 'gini', 'classifier__max_features': 'sqrt', 'classifier__min_samples_split': 5, 'classifier__n_estimators': 300}",0.821398,0.063199,0.841808,0.057812,0.785846,0.092762,0.622029,0.133448,0.812463,0.068342,0.813827,0.067855,0.627654,0.13571
"{'classifier__criterion': 'gini', 'classifier__max_features': 'sqrt', 'classifier__min_samples_split': 5, 'classifier__n_estimators': 310}",0.819949,0.063572,0.839482,0.059334,0.785846,0.092762,0.619494,0.133887,0.811296,0.06846,0.812664,0.067996,0.625328,0.135992
"{'classifier__criterion': 'gini', 'classifier__max_features': 'sqrt', 'classifier__min_samples_split': 5, 'classifier__n_estimators': 320}",0.81558,0.062174,0.832611,0.057521,0.785846,0.092762,0.611424,0.131488,0.807941,0.067272,0.809229,0.066882,0.618457,0.133765
"{'classifier__criterion': 'gini', 'classifier__max_features': 'sqrt', 'classifier__min_samples_split': 5, 'classifier__n_estimators': 330}",0.817029,0.062589,0.837262,0.057704,0.781846,0.087611,0.613002,0.13159,0.808373,0.067055,0.809554,0.066541,0.619108,0.133082
"{'classifier__criterion': 'gini', 'classifier__max_features': 'sqrt', 'classifier__min_samples_split': 6, 'classifier__n_estimators': 20}",0.822762,0.058393,0.846564,0.057026,0.781538,0.086527,0.624084,0.123277,0.812426,0.063247,0.814051,0.062383,0.628103,0.124766
"{'classifier__criterion': 'gini', 'classifier__max_features': 'sqrt', 'classifier__min_samples_split': 6, 'classifier__n_estimators': 30}",0.825661,0.049555,0.841913,0.046597,0.797385,0.07269,0.631887,0.104694,0.818758,0.053521,0.819649,0.053048,0.639298,0.106096
"{'classifier__criterion': 'gini', 'classifier__max_features': 'sqrt', 'classifier__min_samples_split': 6, 'classifier__n_estimators': 40}",0.812617,0.058596,0.84408,0.050579,0.757846,0.092023,0.599601,0.126402,0.798812,0.066003,0.800963,0.064373,0.601926,0.128747
"{'classifier__criterion': 'gini', 'classifier__max_features': 'sqrt', 'classifier__min_samples_split': 6, 'classifier__n_estimators': 50}",0.817008,0.055107,0.839482,0.051904,0.777846,0.079965,0.612043,0.116244,0.807361,0.05946,0.808664,0.05884,0.617328,0.117679
"{'classifier__criterion': 'gini', 'classifier__max_features': 'sqrt', 'classifier__min_samples_split': 6, 'classifier__n_estimators': 60}",0.825703,0.056212,0.848679,0.054949,0.785846,0.081761,0.63048,0.119171,0.815827,0.060245,0.817262,0.059688,0.634525,0.119375
"{'classifier__criterion': 'gini', 'classifier__max_features': 'sqrt', 'classifier__min_samples_split': 6, 'classifier__n_estimators': 70}",0.821377,0.062899,0.844186,0.058844,0.781846,0.081949,0.621116,0.131729,0.81192,0.066417,0.813016,0.065921,0.626032,0.131842
"{'classifier__criterion': 'gini', 'classifier__max_features': 'sqrt', 'classifier__min_samples_split': 6, 'classifier__n_estimators': 80}",0.827174,0.058195,0.84408,0.054511,0.797692,0.091735,0.63548,0.124377,0.819473,0.064003,0.820886,0.06328,0.641773,0.12656
"{'classifier__criterion': 'gini', 'classifier__max_features': 'sqrt', 'classifier__min_samples_split': 6, 'classifier__n_estimators': 90}",0.821377,0.059797,0.84186,0.056738,0.785692,0.09152,0.622347,0.12652,0.812229,0.065182,0.813776,0.064494,0.627553,0.128988
"{'classifier__criterion': 'gini', 'classifier__max_features': 'sqrt', 'classifier__min_samples_split': 6, 'classifier__n_estimators': 100}",0.821355,0.059822,0.84408,0.057198,0.781692,0.09341,0.62163,0.12681,0.811113,0.065472,0.812886,0.064724,0.625773,0.129448
"{'classifier__criterion': 'gini', 'classifier__max_features': 'sqrt', 'classifier__min_samples_split': 6, 'classifier__n_estimators': 110}",0.822826,0.061452,0.844133,0.056197,0.785846,0.089246,0.624675,0.12984,0.813672,0.066419,0.81499,0.065864,0.629979,0.131728
"{'classifier__criterion': 'gini', 'classifier__max_features': 'sqrt', 'classifier__min_samples_split': 6, 'classifier__n_estimators': 120}",0.819906,0.060215,0.844133,0.056197,0.777846,0.089411,0.617809,0.127307,0.809394,0.065384,0.81099,0.064667,0.621979,0.129333
"{'classifier__criterion': 'gini', 'classifier__max_features': 'sqrt', 'classifier__min_samples_split': 6, 'classifier__n_estimators': 130}",0.821334,0.059505,0.846406,0.056479,0.777538,0.086645,0.620353,0.125602,0.810383,0.064193,0.811972,0.063546,0.623944,0.127092
"{'classifier__criterion': 'gini', 'classifier__max_features': 'sqrt', 'classifier__min_samples_split': 6, 'classifier__n_estimators': 140}",0.818478,0.059498,0.839588,0.052474,0.781692,0.091681,0.615449,0.126691,0.80922,0.065645,0.81064,0.06491,0.62128,0.129821
"{'classifier__criterion': 'gini', 'classifier__max_features': 'sqrt', 'classifier__min_samples_split': 6, 'classifier__n_estimators': 150}",0.819885,0.058839,0.844133,0.057109,0.777692,0.086273,0.617993,0.123995,0.809307,0.063307,0.810913,0.062698,0.621826,0.125396
"{'classifier__criterion': 'gini', 'classifier__max_features': 'sqrt', 'classifier__min_samples_split': 6, 'classifier__n_estimators': 160}",0.822805,0.060094,0.846459,0.059112,0.781692,0.082495,0.624299,0.126119,0.812686,0.06344,0.814076,0.063096,0.628151,0.126192
"{'classifier__criterion': 'gini', 'classifier__max_features': 'sqrt', 'classifier__min_samples_split': 6, 'classifier__n_estimators': 170}",0.822826,0.061452,0.846459,0.059112,0.781846,0.084023,0.624239,0.129047,0.812808,0.065073,0.814152,0.06468,0.628305,0.12936
"{'classifier__criterion': 'gini', 'classifier__max_features': 'sqrt', 'classifier__min_samples_split': 6, 'classifier__n_estimators': 180}",0.824254,0.06033,0.846406,0.05828,0.785692,0.084237,0.627643,0.126729,0.814722,0.064127,0.816049,0.063702,0.632098,0.127405
"{'classifier__criterion': 'gini', 'classifier__max_features': 'sqrt', 'classifier__min_samples_split': 6, 'classifier__n_estimators': 190}",0.821334,0.059151,0.844133,0.05527,0.781692,0.082495,0.620987,0.124538,0.81167,0.063214,0.812913,0.062776,0.625826,0.125552
"{'classifier__criterion': 'gini', 'classifier__max_features': 'sqrt', 'classifier__min_samples_split': 6, 'classifier__n_estimators': 200}",0.815516,0.05843,0.837315,0.052858,0.777692,0.076439,0.608884,0.122842,0.806592,0.062161,0.807504,0.061645,0.615007,0.12329
"{'classifier__criterion': 'gini', 'classifier__max_features': 'sqrt', 'classifier__min_samples_split': 6, 'classifier__n_estimators': 210}",0.815516,0.05843,0.837315,0.052858,0.777692,0.076439,0.608884,0.122842,0.806592,0.062161,0.807504,0.061645,0.615007,0.12329
"{'classifier__criterion': 'gini', 'classifier__max_features': 'sqrt', 'classifier__min_samples_split': 6, 'classifier__n_estimators': 220}",0.814088,0.060071,0.835042,0.052162,0.777692,0.080517,0.606009,0.126964,0.805494,0.064572,0.806367,0.063977,0.612735,0.127953
"{'classifier__criterion': 'gini', 'classifier__max_features': 'sqrt', 'classifier__min_samples_split': 6, 'classifier__n_estimators': 230}",0.815537,0.059839,0.835042,0.052162,0.781692,0.07852,0.609491,0.126028,0.807622,0.06407,0.808367,0.063462,0.616735,0.126925
"{'classifier__criterion': 'gini', 'classifier__max_features': 'sqrt', 'classifier__min_samples_split': 6, 'classifier__n_estimators': 240}",0.816986,0.061969,0.837315,0.055713,0.781692,0.07852,0.612402,0.13026,0.808733,0.065642,0.809504,0.065077,0.619007,0.130153
"{'classifier__criterion': 'gini', 'classifier__max_features': 'sqrt', 'classifier__min_samples_split': 6, 'classifier__n_estimators': 250}",0.819928,0.064262,0.837315,0.055713,0.789692,0.087603,0.619459,0.136044,0.812688,0.069132,0.813504,0.068591,0.627007,0.137183
"{'classifier__criterion': 'gini', 'classifier__max_features': 'sqrt', 'classifier__min_samples_split': 6, 'classifier__n_estimators': 260}",0.818436,0.061996,0.839588,0.056274,0.781692,0.07852,0.61516,0.130176,0.809806,0.065569,0.81064,0.065008,0.62128,0.130016
"{'classifier__criterion': 'gini', 'classifier__max_features': 'sqrt', 'classifier__min_samples_split': 6, 'classifier__n_estimators': 270}",0.816965,0.060621,0.837262,0.054865,0.781692,0.07852,0.612444,0.127537,0.808638,0.064368,0.809477,0.063817,0.618954,0.127633
"{'classifier__criterion': 'gini', 'classifier__max_features': 'sqrt', 'classifier__min_samples_split': 6, 'classifier__n_estimators': 280}",0.819885,0.062326,0.839535,0.055436,0.785692,0.084237,0.618694,0.131637,0.811695,0.066712,0.812614,0.066209,0.625227,0.132417
"{'classifier__criterion': 'gini', 'classifier__max_features': 'sqrt', 'classifier__min_samples_split': 6, 'classifier__n_estimators': 290}",0.815516,0.062299,0.839588,0.056274,0.773692,0.080303,0.608087,0.13109,0.805593,0.06628,0.80664,0.065566,0.61328,0.131132
"{'classifier__criterion': 'gini', 'classifier__max_features': 'sqrt', 'classifier__min_samples_split': 6, 'classifier__n_estimators': 300}",0.815516,0.05951,0.84186,0.053938,0.769692,0.083798,0.607356,0.125604,0.804303,0.064748,0.805776,0.063592,0.611553,0.127184
"{'classifier__criterion': 'gini', 'classifier__max_features': 'sqrt', 'classifier__min_samples_split': 6, 'classifier__n_estimators': 310}",0.816986,0.06023,0.839588,0.053449,0.777692,0.08248,0.611557,0.127209,0.80755,0.064942,0.80864,0.064198,0.61728,0.128395
"{'classifier__criterion': 'gini', 'classifier__max_features': 'sqrt', 'classifier__min_samples_split': 6, 'classifier__n_estimators': 320}",0.818478,0.06427,0.839588,0.053449,0.781692,0.09341,0.614886,0.136923,0.809485,0.070536,0.81064,0.069762,0.62128,0.139524
"{'classifier__criterion': 'gini', 'classifier__max_features': 'sqrt', 'classifier__min_samples_split': 6, 'classifier__n_estimators': 330}",0.818478,0.062949,0.839588,0.053449,0.781692,0.091681,0.615028,0.133882,0.809454,0.068939,0.81064,0.068194,0.62128,0.136388
"{'classifier__criterion': 'gini', 'classifier__max_features': 'sqrt', 'classifier__min_samples_split': 7, 'classifier__n_estimators': 20}",0.82272,0.053616,0.846406,0.054575,0.781385,0.065606,0.623474,0.11037,0.812842,0.05506,0.813895,0.054845,0.627791,0.10969
"{'classifier__criterion': 'gini', 'classifier__max_features': 'sqrt', 'classifier__min_samples_split': 7, 'classifier__n_estimators': 30}",0.819842,0.053721,0.841808,0.056997,0.781538,0.064919,0.618577,0.110257,0.810626,0.054475,0.811673,0.054357,0.623346,0.108714
"{'classifier__criterion': 'gini', 'classifier__max_features': 'sqrt', 'classifier__min_samples_split': 7, 'classifier__n_estimators': 40}",0.827089,0.057987,0.855603,0.051715,0.777692,0.084111,0.630834,0.12361,0.815048,0.063291,0.816647,0.062399,0.633295,0.124798
"{'classifier__criterion': 'gini', 'classifier__max_features': 'sqrt', 'classifier__min_samples_split': 7, 'classifier__n_estimators': 50}",0.82419,0.04762,0.848679,0.039478,0.781538,0.071934,0.625339,0.102269,0.813966,0.052745,0.815109,0.052026,0.630217,0.104053
"{'classifier__criterion': 'gini', 'classifier__max_features': 'sqrt', 'classifier__min_samples_split': 7, 'classifier__n_estimators': 60}",0.821313,0.050368,0.84408,0.047365,0.781846,0.0669,0.620621,0.105536,0.812,0.053199,0.812963,0.052878,0.625926,0.105755
"{'classifier__criterion': 'gini', 'classifier__max_features': 'sqrt', 'classifier__min_samples_split': 7, 'classifier__n_estimators': 70}",0.818414,0.052066,0.841755,0.047125,0.778,0.075111,0.61444,0.10988,0.808697,0.056349,0.809877,0.055732,0.619755,0.111464
"{'classifier__criterion': 'gini', 'classifier__max_features': 'sqrt', 'classifier__min_samples_split': 7, 'classifier__n_estimators': 80}",0.819864,0.058156,0.848573,0.052258,0.769846,0.094106,0.616032,0.124493,0.807084,0.065378,0.80921,0.06396,0.618419,0.127919
"{'classifier__criterion': 'gini', 'classifier__max_features': 'sqrt', 'classifier__min_samples_split': 7, 'classifier__n_estimators': 90}",0.814045,0.056917,0.837156,0.052286,0.773846,0.087414,0.605939,0.120518,0.803966,0.062384,0.805501,0.061685,0.611003,0.12337
"{'classifier__criterion': 'gini', 'classifier__max_features': 'sqrt', 'classifier__min_samples_split': 7, 'classifier__n_estimators': 100}",0.814045,0.050669,0.839482,0.051717,0.769846,0.073048,0.605376,0.105177,0.803159,0.053717,0.804664,0.053304,0.609328,0.106609
"{'classifier__criterion': 'gini', 'classifier__max_features': 'sqrt', 'classifier__min_samples_split': 7, 'classifier__n_estimators': 110}",0.815516,0.054333,0.839482,0.051717,0.773846,0.073493,0.608392,0.113254,0.805491,0.057466,0.806664,0.057125,0.613328,0.11425
"{'classifier__criterion': 'gini', 'classifier__max_features': 'sqrt', 'classifier__min_samples_split': 7, 'classifier__n_estimators': 120}",0.818414,0.054817,0.846353,0.05476,0.769846,0.070823,0.613365,0.113475,0.806688,0.056971,0.8081,0.056733,0.616199,0.113467
"{'classifier__criterion': 'gini', 'classifier__max_features': 'sqrt', 'classifier__min_samples_split': 7, 'classifier__n_estimators': 130}",0.816944,0.057818,0.844027,0.053605,0.769846,0.081339,0.610336,0.121619,0.805427,0.062236,0.806937,0.061479,0.613874,0.122957
"{'classifier__criterion': 'gini', 'classifier__max_features': 'sqrt', 'classifier__min_samples_split': 7, 'classifier__n_estimators': 140}",0.814066,0.057605,0.841755,0.053206,0.766,0.082328,0.604242,0.121368,0.802289,0.062191,0.803877,0.061462,0.607755,0.122924
"{'classifier__criterion': 'gini', 'classifier__max_features': 'sqrt', 'classifier__min_samples_split': 7, 'classifier__n_estimators': 150}",0.815494,0.053209,0.844027,0.047473,0.765846,0.080739,0.606595,0.113686,0.803262,0.058711,0.804937,0.05774,0.609874,0.115479
"{'classifier__criterion': 'gini', 'classifier__max_features': 'sqrt', 'classifier__min_samples_split': 7, 'classifier__n_estimators': 160}",0.815473,0.052874,0.844027,0.047473,0.765846,0.076673,0.606524,0.11256,0.803412,0.057529,0.804937,0.056795,0.609874,0.11359
"{'classifier__criterion': 'gini', 'classifier__max_features': 'sqrt', 'classifier__min_samples_split': 7, 'classifier__n_estimators': 170}",0.818414,0.057801,0.844027,0.056422,0.773846,0.077725,0.614163,0.120525,0.807543,0.060994,0.808937,0.06046,0.617874,0.120919
"{'classifier__criterion': 'gini', 'classifier__max_features': 'sqrt', 'classifier__min_samples_split': 7, 'classifier__n_estimators': 180}",0.818436,0.059202,0.846353,0.050847,0.769846,0.088859,0.612814,0.127253,0.806443,0.06529,0.8081,0.064391,0.616199,0.128781
"{'classifier__criterion': 'gini', 'classifier__max_features': 'sqrt', 'classifier__min_samples_split': 7, 'classifier__n_estimators': 190}",0.814045,0.056546,0.844027,0.049602,0.761846,0.081911,0.60296,0.120977,0.801268,0.061871,0.802937,0.060928,0.605874,0.121855
"{'classifier__criterion': 'gini', 'classifier__max_features': 'sqrt', 'classifier__min_samples_split': 7, 'classifier__n_estimators': 200}",0.815516,0.061591,0.839429,0.055743,0.773692,0.087912,0.608354,0.130661,0.805171,0.066564,0.806561,0.065912,0.613121,0.131825
"{'classifier__criterion': 'gini', 'classifier__max_features': 'sqrt', 'classifier__min_samples_split': 7, 'classifier__n_estimators': 210}",0.812596,0.059662,0.839429,0.055743,0.765692,0.081262,0.601342,0.125785,0.80111,0.063718,0.802561,0.063038,0.605121,0.126076
"{'classifier__criterion': 'gini', 'classifier__max_features': 'sqrt', 'classifier__min_samples_split': 7, 'classifier__n_estimators': 220}",0.814045,0.059796,0.839429,0.055743,0.769538,0.082096,0.604761,0.126185,0.803093,0.064044,0.804484,0.063288,0.608968,0.126576
"{'classifier__criterion': 'gini', 'classifier__max_features': 'sqrt', 'classifier__min_samples_split': 7, 'classifier__n_estimators': 230}",0.814066,0.060452,0.839429,0.055743,0.769692,0.083798,0.604839,0.127708,0.803158,0.064922,0.804561,0.064191,0.609121,0.128382
"{'classifier__criterion': 'gini', 'classifier__max_features': 'sqrt', 'classifier__min_samples_split': 7, 'classifier__n_estimators': 240}",0.814045,0.056917,0.834884,0.053541,0.777538,0.074587,0.606235,0.11915,0.805256,0.060192,0.806211,0.059669,0.612422,0.119339
"{'classifier__criterion': 'gini', 'classifier__max_features': 'sqrt', 'classifier__min_samples_split': 7, 'classifier__n_estimators': 250}",0.814045,0.056917,0.834884,0.053541,0.777538,0.074587,0.606235,0.11915,0.805256,0.060192,0.806211,0.059669,0.612422,0.119339
"{'classifier__criterion': 'gini', 'classifier__max_features': 'sqrt', 'classifier__min_samples_split': 7, 'classifier__n_estimators': 260}",0.815494,0.061623,0.839482,0.054631,0.773538,0.084424,0.607944,0.130644,0.805312,0.06639,0.80651,0.065648,0.61302,0.131296
"{'classifier__criterion': 'gini', 'classifier__max_features': 'sqrt', 'classifier__min_samples_split': 7, 'classifier__n_estimators': 270}",0.812596,0.058954,0.837209,0.051101,0.769692,0.081866,0.601588,0.124941,0.802266,0.063911,0.803451,0.063159,0.606902,0.126317
"{'classifier__criterion': 'gini', 'classifier__max_features': 'sqrt', 'classifier__min_samples_split': 7, 'classifier__n_estimators': 280}",0.816922,0.057499,0.841755,0.04917,0.773538,0.080545,0.610307,0.123025,0.806456,0.062791,0.807647,0.061791,0.615293,0.123582
"{'classifier__criterion': 'gini', 'classifier__max_features': 'sqrt', 'classifier__min_samples_split': 7, 'classifier__n_estimators': 290}",0.812575,0.060055,0.837209,0.053084,0.769538,0.080124,0.601559,0.127044,0.802252,0.064496,0.803374,0.063726,0.606748,0.127452
"{'classifier__criterion': 'gini', 'classifier__max_features': 'sqrt', 'classifier__min_samples_split': 7, 'classifier__n_estimators': 300}",0.814024,0.060189,0.839482,0.054631,0.769538,0.080124,0.604481,0.127094,0.803283,0.064347,0.80451,0.063611,0.60902,0.127222
"{'classifier__criterion': 'gini', 'classifier__max_features': 'sqrt', 'classifier__min_samples_split': 7, 'classifier__n_estimators': 310}",0.814045,0.061868,0.837209,0.055927,0.773538,0.082507,0.605361,0.130644,0.804259,0.066167,0.805374,0.065436,0.610748,0.130873
"{'classifier__criterion': 'gini', 'classifier__max_features': 'sqrt', 'classifier__min_samples_split': 7, 'classifier__n_estimators': 320}",0.811125,0.059535,0.839482,0.054631,0.761692,0.076375,0.597518,0.125304,0.799271,0.063136,0.800587,0.06246,0.601174,0.124919
"{'classifier__criterion': 'gini', 'classifier__max_features': 'sqrt', 'classifier__min_samples_split': 7, 'classifier__n_estimators': 330}",0.815516,0.062269,0.841808,0.055954,0.769692,0.079888,0.607198,0.131208,0.804594,0.066262,0.80575,0.065517,0.6115,0.131034
"{'classifier__criterion': 'gini', 'classifier__max_features': 'sqrt', 'classifier__min_samples_split': 8, 'classifier__n_estimators': 20}",0.811104,0.055597,0.830338,0.047896,0.777692,0.089636,0.600899,0.119934,0.802651,0.062392,0.804015,0.061477,0.608031,0.122954
"{'classifier__criterion': 'gini', 'classifier__max_features': 'sqrt', 'classifier__min_samples_split': 8, 'classifier__n_estimators': 30}",0.811104,0.056392,0.82574,0.051122,0.785385,0.074869,0.60231,0.118691,0.804938,0.060031,0.805562,0.059645,0.611125,0.119289
"{'classifier__criterion': 'gini', 'classifier__max_features': 'sqrt', 'classifier__min_samples_split': 8, 'classifier__n_estimators': 40}",0.814024,0.052797,0.832664,0.047557,0.781385,0.075049,0.606805,0.112259,0.806098,0.057357,0.807024,0.056572,0.614048,0.113145
"{'classifier__criterion': 'gini', 'classifier__max_features': 'sqrt', 'classifier__min_samples_split': 8, 'classifier__n_estimators': 50}",0.822762,0.058076,0.832664,0.051719,0.805385,0.077136,0.627973,0.1221,0.818549,0.06207,0.819024,0.061535,0.638048,0.123069
"{'classifier__criterion': 'gini', 'classifier__max_features': 'sqrt', 'classifier__min_samples_split': 8, 'classifier__n_estimators': 60}",0.824211,0.049309,0.839482,0.049826,0.797692,0.071882,0.629847,0.103497,0.817619,0.052426,0.818587,0.052088,0.637174,0.104177
"{'classifier__criterion': 'gini', 'classifier__max_features': 'sqrt', 'classifier__min_samples_split': 8, 'classifier__n_estimators': 70}",0.821355,0.054686,0.839535,0.04412,0.789692,0.089411,0.621904,0.118464,0.813391,0.062095,0.814614,0.061061,0.629227,0.122121
"{'classifier__criterion': 'gini', 'classifier__max_features': 'sqrt', 'classifier__min_samples_split': 8, 'classifier__n_estimators': 80}",0.824318,0.056693,0.84186,0.054073,0.793846,0.086529,0.629173,0.118603,0.816551,0.061539,0.817853,0.060992,0.635707,0.121985
"{'classifier__criterion': 'gini', 'classifier__max_features': 'sqrt', 'classifier__min_samples_split': 8, 'classifier__n_estimators': 90}",0.822847,0.058311,0.839588,0.054541,0.793846,0.080792,0.626193,0.121616,0.815793,0.062104,0.816717,0.061736,0.633434,0.123472
"{'classifier__criterion': 'gini', 'classifier__max_features': 'sqrt', 'classifier__min_samples_split': 8, 'classifier__n_estimators': 100}",0.819906,0.051584,0.835042,0.054241,0.793692,0.065822,0.621131,0.105503,0.813572,0.052962,0.814367,0.052797,0.628735,0.105595
"{'classifier__criterion': 'gini', 'classifier__max_features': 'sqrt', 'classifier__min_samples_split': 8, 'classifier__n_estimators': 110}",0.819906,0.049118,0.83277,0.053465,0.797692,0.059724,0.621973,0.099105,0.814558,0.049782,0.815231,0.04951,0.630462,0.09902
"{'classifier__criterion': 'gini', 'classifier__max_features': 'sqrt', 'classifier__min_samples_split': 8, 'classifier__n_estimators': 120}",0.818457,0.055549,0.835042,0.056113,0.789692,0.068892,0.617423,0.114183,0.811603,0.057307,0.812367,0.057028,0.624735,0.114057
"{'classifier__criterion': 'gini', 'classifier__max_features': 'sqrt', 'classifier__min_samples_split': 8, 'classifier__n_estimators': 130}",0.818457,0.05921,0.839641,0.054362,0.781846,0.079519,0.615395,0.123878,0.809729,0.063099,0.810743,0.062495,0.621487,0.124991
"{'classifier__criterion': 'gini', 'classifier__max_features': 'sqrt', 'classifier__min_samples_split': 8, 'classifier__n_estimators': 140}",0.818436,0.058193,0.839641,0.053403,0.781692,0.074008,0.615112,0.121419,0.809838,0.061365,0.810666,0.060936,0.621333,0.121873
"{'classifier__criterion': 'gini', 'classifier__max_features': 'sqrt', 'classifier__min_samples_split': 8, 'classifier__n_estimators': 150}",0.819885,0.057822,0.84186,0.05502,0.781692,0.074008,0.618066,0.120202,0.810806,0.06069,0.811776,0.060273,0.623553,0.120545
"{'classifier__criterion': 'gini', 'classifier__max_features': 'sqrt', 'classifier__min_samples_split': 8, 'classifier__n_estimators': 160}",0.821355,0.059916,0.84186,0.05502,0.785692,0.080047,0.621477,0.125154,0.812814,0.063648,0.813776,0.063211,0.627553,0.126422
"{'classifier__criterion': 'gini', 'classifier__max_features': 'sqrt', 'classifier__min_samples_split': 8, 'classifier__n_estimators': 170}",0.821355,0.063324,0.846406,0.058405,0.777692,0.091404,0.620373,0.133566,0.81045,0.068596,0.812049,0.067731,0.624098,0.135461
"{'classifier__criterion': 'gini', 'classifier__max_features': 'sqrt', 'classifier__min_samples_split': 8, 'classifier__n_estimators': 180}",0.818436,0.061355,0.844133,0.056326,0.773692,0.085792,0.61384,0.129286,0.807454,0.066187,0.808913,0.065303,0.617826,0.130607
"{'classifier__criterion': 'gini', 'classifier__max_features': 'sqrt', 'classifier__min_samples_split': 8, 'classifier__n_estimators': 190}",0.816965,0.060652,0.839535,0.054586,0.777538,0.084636,0.611596,0.128111,0.80733,0.065562,0.808537,0.064731,0.617073,0.129462
"{'classifier__criterion': 'gini', 'classifier__max_features': 'sqrt', 'classifier__min_samples_split': 8, 'classifier__n_estimators': 200}",0.812596,0.058975,0.832664,0.050615,0.777538,0.084636,0.603209,0.125373,0.80406,0.064475,0.805101,0.063654,0.610202,0.127309
"{'classifier__criterion': 'gini', 'classifier__max_features': 'sqrt', 'classifier__min_samples_split': 8, 'classifier__n_estimators': 210}",0.815537,0.060883,0.834989,0.052344,0.781538,0.086527,0.609479,0.129301,0.807249,0.066436,0.808264,0.065581,0.616528,0.131162
"{'classifier__criterion': 'gini', 'classifier__max_features': 'sqrt', 'classifier__min_samples_split': 8, 'classifier__n_estimators': 220}",0.814088,0.06044,0.832717,0.051538,0.781538,0.086527,0.606775,0.128533,0.806148,0.066121,0.807128,0.065261,0.614255,0.130521
"{'classifier__criterion': 'gini', 'classifier__max_features': 'sqrt', 'classifier__min_samples_split': 8, 'classifier__n_estimators': 230}",0.815537,0.062287,0.837315,0.054911,0.777538,0.084636,0.608748,0.131714,0.806381,0.067175,0.807427,0.066359,0.614853,0.132717
"{'classifier__criterion': 'gini', 'classifier__max_features': 'sqrt', 'classifier__min_samples_split': 8, 'classifier__n_estimators': 240}",0.815558,0.063571,0.835042,0.056113,0.781538,0.086527,0.609685,0.134427,0.807328,0.068527,0.80829,0.067731,0.616581,0.135462
"{'classifier__criterion': 'gini', 'classifier__max_features': 'sqrt', 'classifier__min_samples_split': 8, 'classifier__n_estimators': 250}",0.817029,0.064245,0.835042,0.056113,0.785538,0.089992,0.613262,0.136273,0.809302,0.069673,0.81029,0.068882,0.620581,0.137764
"{'classifier__criterion': 'gini', 'classifier__max_features': 'sqrt', 'classifier__min_samples_split': 8, 'classifier__n_estimators': 260}",0.814109,0.063781,0.83277,0.058095,0.781538,0.086527,0.607341,0.134593,0.806159,0.068319,0.807154,0.067635,0.614308,0.13527
"{'classifier__criterion': 'gini', 'classifier__max_features': 'sqrt', 'classifier__min_samples_split': 8, 'classifier__n_estimators': 270}",0.815558,0.062542,0.835042,0.056113,0.781538,0.086527,0.609877,0.132435,0.807248,0.067431,0.80829,0.066693,0.616581,0.133386
"{'classifier__criterion': 'gini', 'classifier__max_features': 'sqrt', 'classifier__min_samples_split': 8, 'classifier__n_estimators': 280}",0.815558,0.062542,0.83277,0.055364,0.785385,0.086749,0.610545,0.132656,0.808156,0.067611,0.809077,0.06685,0.618154,0.133701
"{'classifier__criterion': 'gini', 'classifier__max_features': 'sqrt', 'classifier__min_samples_split': 8, 'classifier__n_estimators': 290}",0.812639,0.061345,0.83277,0.055364,0.777538,0.082723,0.603596,0.129614,0.804173,0.065834,0.805154,0.065087,0.610308,0.130174
"{'classifier__criterion': 'gini', 'classifier__max_features': 'sqrt', 'classifier__min_samples_split': 8, 'classifier__n_estimators': 300}",0.809719,0.060657,0.830444,0.052618,0.773538,0.088133,0.59717,0.129185,0.800789,0.066696,0.801991,0.065572,0.603982,0.131144
"{'classifier__criterion': 'gini', 'classifier__max_features': 'sqrt', 'classifier__min_samples_split': 8, 'classifier__n_estimators': 310}",0.809719,0.060657,0.830444,0.052618,0.773538,0.088133,0.59717,0.129185,0.800789,0.066696,0.801991,0.065572,0.603982,0.131144
"{'classifier__criterion': 'gini', 'classifier__max_features': 'sqrt', 'classifier__min_samples_split': 8, 'classifier__n_estimators': 320}",0.809719,0.060657,0.830444,0.052618,0.773538,0.088133,0.59717,0.129185,0.800789,0.066696,0.801991,0.065572,0.603982,0.131144
"{'classifier__criterion': 'gini', 'classifier__max_features': 'sqrt', 'classifier__min_samples_split': 8, 'classifier__n_estimators': 330}",0.811168,0.057302,0.830444,0.052618,0.777538,0.080766,0.600911,0.120736,0.802921,0.062024,0.803991,0.06113,0.607982,0.122259
"{'classifier__criterion': 'gini', 'classifier__max_features': 'sqrt', 'classifier__min_samples_split': 9, 'classifier__n_estimators': 20}",0.814109,0.060429,0.839641,0.050514,0.769846,0.097075,0.604745,0.130362,0.802953,0.06813,0.804743,0.066965,0.609487,0.133929
"{'classifier__criterion': 'gini', 'classifier__max_features': 'sqrt', 'classifier__min_samples_split': 9, 'classifier__n_estimators': 30}",0.818436,0.064649,0.839535,0.04963,0.781692,0.106005,0.614668,0.14046,0.809006,0.073784,0.810614,0.072549,0.621227,0.145097
"{'classifier__criterion': 'gini', 'classifier__max_features': 'sqrt', 'classifier__min_samples_split': 9, 'classifier__n_estimators': 40}",0.80682,0.062881,0.837156,0.048223,0.753692,0.122194,0.587942,0.141374,0.791992,0.077102,0.795424,0.073708,0.590849,0.147417
"{'classifier__criterion': 'gini', 'classifier__max_features': 'sqrt', 'classifier__min_samples_split': 9, 'classifier__n_estimators': 50}",0.814066,0.052664,0.837156,0.03595,0.773538,0.111781,0.604937,0.120414,0.802715,0.067211,0.805347,0.063992,0.610695,0.127984
"{'classifier__criterion': 'gini', 'classifier__max_features': 'sqrt', 'classifier__min_samples_split': 9, 'classifier__n_estimators': 60}",0.806799,0.055834,0.828066,0.042027,0.769692,0.103524,0.590906,0.124025,0.796894,0.06666,0.798879,0.064689,0.597758,0.129377
"{'classifier__criterion': 'gini', 'classifier__max_features': 'sqrt', 'classifier__min_samples_split': 9, 'classifier__n_estimators': 70}",0.812617,0.052099,0.834884,0.039158,0.773846,0.09741,0.602428,0.115873,0.802468,0.062686,0.804365,0.060512,0.60873,0.121024
"{'classifier__criterion': 'gini', 'classifier__max_features': 'sqrt', 'classifier__min_samples_split': 9, 'classifier__n_estimators': 80}",0.81266,0.059201,0.832664,0.051766,0.777692,0.098156,0.603943,0.127243,0.803472,0.066891,0.805178,0.065735,0.610356,0.131469
"{'classifier__criterion': 'gini', 'classifier__max_features': 'sqrt', 'classifier__min_samples_split': 9, 'classifier__n_estimators': 90}",0.80974,0.057046,0.832664,0.051766,0.769846,0.090241,0.596994,0.12152,0.799611,0.063285,0.801255,0.062335,0.60251,0.124671
"{'classifier__criterion': 'gini', 'classifier__max_features': 'sqrt', 'classifier__min_samples_split': 9, 'classifier__n_estimators': 100}",0.80535,0.057728,0.828066,0.051014,0.765846,0.094902,0.588071,0.124548,0.79516,0.065192,0.796956,0.063884,0.593912,0.127767
"{'classifier__criterion': 'gini', 'classifier__max_features': 'sqrt', 'classifier__min_samples_split': 9, 'classifier__n_estimators': 110}",0.80974,0.057046,0.832664,0.050759,0.769846,0.09372,0.597019,0.122315,0.799507,0.06385,0.801255,0.063026,0.60251,0.126053
"{'classifier__criterion': 'gini', 'classifier__max_features': 'sqrt', 'classifier__min_samples_split': 9, 'classifier__n_estimators': 120}",0.809719,0.055964,0.834989,0.050331,0.765846,0.087899,0.596044,0.119293,0.798729,0.062032,0.800418,0.061123,0.600836,0.122246
"{'classifier__criterion': 'gini', 'classifier__max_features': 'sqrt', 'classifier__min_samples_split': 9, 'classifier__n_estimators': 130}",0.811211,0.063167,0.839588,0.054496,0.762,0.098515,0.597958,0.135084,0.798751,0.070603,0.800794,0.069134,0.601588,0.138267
"{'classifier__criterion': 'gini', 'classifier__max_features': 'sqrt', 'classifier__min_samples_split': 9, 'classifier__n_estimators': 140}",0.81558,0.062531,0.839588,0.05548,0.773846,0.09741,0.608623,0.133338,0.804926,0.069604,0.806717,0.068271,0.613434,0.136542
"{'classifier__criterion': 'gini', 'classifier__max_features': 'sqrt', 'classifier__min_samples_split': 9, 'classifier__n_estimators': 150}",0.814109,0.061803,0.839588,0.05548,0.769846,0.09372,0.605047,0.131324,0.802952,0.06833,0.804717,0.067003,0.609434,0.134006
"{'classifier__criterion': 'gini', 'classifier__max_features': 'sqrt', 'classifier__min_samples_split': 9, 'classifier__n_estimators': 160}",0.811211,0.062529,0.834989,0.056325,0.769846,0.09372,0.599652,0.132897,0.800773,0.068855,0.802418,0.067615,0.604836,0.135231
"{'classifier__criterion': 'gini', 'classifier__max_features': 'sqrt', 'classifier__min_samples_split': 9, 'classifier__n_estimators': 170}",0.815558,0.059443,0.839429,0.053993,0.773692,0.096334,0.608682,0.127776,0.804635,0.066737,0.806561,0.065304,0.613121,0.130608
"{'classifier__criterion': 'gini', 'classifier__max_features': 'sqrt', 'classifier__min_samples_split': 9, 'classifier__n_estimators': 180}",0.812639,0.057088,0.839482,0.050995,0.765692,0.088517,0.601204,0.122451,0.800793,0.063678,0.802587,0.06228,0.605174,0.124561
"{'classifier__criterion': 'gini', 'classifier__max_features': 'sqrt', 'classifier__min_samples_split': 9, 'classifier__n_estimators': 190}",0.815537,0.058776,0.844027,0.055761,0.765692,0.088517,0.607154,0.125282,0.802876,0.064567,0.80486,0.063191,0.60972,0.126382
"{'classifier__criterion': 'gini', 'classifier__max_features': 'sqrt', 'classifier__min_samples_split': 9, 'classifier__n_estimators': 200}",0.815558,0.056916,0.839482,0.052982,0.773538,0.091692,0.608626,0.122102,0.804655,0.063725,0.80651,0.062312,0.61302,0.124625
"{'classifier__criterion': 'gini', 'classifier__max_features': 'sqrt', 'classifier__min_samples_split': 9, 'classifier__n_estimators': 210}",0.814109,0.057548,0.837209,0.051386,0.773538,0.091692,0.605586,0.123892,0.803683,0.064572,0.805374,0.06319,0.610748,0.126379
"{'classifier__criterion': 'gini', 'classifier__max_features': 'sqrt', 'classifier__min_samples_split': 9, 'classifier__n_estimators': 220}",0.815516,0.056985,0.841755,0.054347,0.769538,0.087748,0.607824,0.121696,0.803773,0.062973,0.805647,0.061566,0.611293,0.123131
"{'classifier__criterion': 'gini', 'classifier__max_features': 'sqrt', 'classifier__min_samples_split': 9, 'classifier__n_estimators': 230}",0.815537,0.057673,0.841755,0.054347,0.769538,0.093058,0.607939,0.12388,0.803586,0.064506,0.805647,0.063067,0.611293,0.126134
"{'classifier__criterion': 'gini', 'classifier__max_features': 'sqrt', 'classifier__min_samples_split': 9, 'classifier__n_estimators': 240}",0.815558,0.06084,0.839535,0.054764,0.773538,0.091692,0.608342,0.130768,0.804916,0.06723,0.806537,0.065957,0.613073,0.131913
"{'classifier__criterion': 'gini', 'classifier__max_features': 'sqrt', 'classifier__min_samples_split': 9, 'classifier__n_estimators': 250}",0.821377,0.061186,0.84408,0.054689,0.781538,0.096989,0.620934,0.13192,0.811051,0.068432,0.812809,0.067095,0.625619,0.134191
"{'classifier__criterion': 'gini', 'classifier__max_features': 'sqrt', 'classifier__min_samples_split': 9, 'classifier__n_estimators': 260}",0.822847,0.06279,0.84408,0.054689,0.785538,0.100093,0.624319,0.135497,0.813105,0.070532,0.814809,0.069141,0.629619,0.138282
"{'classifier__criterion': 'gini', 'classifier__max_features': 'sqrt', 'classifier__min_samples_split': 9, 'classifier__n_estimators': 270}",0.81558,0.063199,0.837262,0.056973,0.777692,0.096513,0.609404,0.134499,0.805848,0.069876,0.807477,0.068635,0.614954,0.137271
"{'classifier__criterion': 'gini', 'classifier__max_features': 'sqrt', 'classifier__min_samples_split': 9, 'classifier__n_estimators': 280}",0.81413,0.064098,0.834989,0.056325,0.777692,0.096513,0.606494,0.13671,0.804863,0.070811,0.806341,0.069634,0.612682,0.139269
"{'classifier__criterion': 'gini', 'classifier__max_features': 'sqrt', 'classifier__min_samples_split': 9, 'classifier__n_estimators': 290}",0.809761,0.063997,0.832717,0.055577,0.769692,0.099266,0.596653,0.137128,0.799459,0.071786,0.801205,0.070086,0.602409,0.140172
"{'classifier__criterion': 'gini', 'classifier__max_features': 'sqrt', 'classifier__min_samples_split': 9, 'classifier__n_estimators': 300}",0.812639,0.061345,0.839535,0.053812,0.765692,0.095474,0.601211,0.132453,0.800673,0.069033,0.802614,0.067166,0.605227,0.134332
"{'classifier__criterion': 'gini', 'classifier__max_features': 'sqrt', 'classifier__min_samples_split': 9, 'classifier__n_estimators': 310}",0.811211,0.063167,0.832664,0.052755,0.773692,0.102763,0.600018,0.136202,0.801396,0.071927,0.803178,0.070196,0.606356,0.140393
"{'classifier__criterion': 'gini', 'classifier__max_features': 'sqrt', 'classifier__min_samples_split': 9, 'classifier__n_estimators': 320}",0.81266,0.063656,0.834937,0.053545,0.773692,0.102763,0.602722,0.137061,0.802497,0.07229,0.804314,0.070558,0.608629,0.141116
"{'classifier__criterion': 'gini', 'classifier__max_features': 'sqrt', 'classifier__min_samples_split': 9, 'classifier__n_estimators': 330}",0.81558,0.067381,0.837262,0.059631,0.777538,0.1018,0.609209,0.144185,0.805705,0.074864,0.8074,0.073215,0.614801,0.146431
